algo,func,dim,run,seed,final_error,fes,wall_time_s
MSBO,1,10,0,10010,478.3303382311326,100001,0.751
GA,1,10,0,10010,3320.517008736559,100000,2.449
PSO,1,10,0,10010,5531.975313403366,100000,0.078
DE,1,10,0,10010,0.0,100000,1.519
ABC,1,10,0,10010,100.73271976481175,100006,5.013
GWO,1,10,0,10010,325985165.2203554,100000,0.119
CMAES,1,10,0,10010,1.4210854715202004e-14,5311,1.1
LSHADE,1,10,0,10010,0.0,100000,2.252
MSBO,1,10,1,10011,1114.8826552405694,100001,0.825
GA,1,10,1,10011,2131.1376492798368,100000,2.851
PSO,1,10,1,10011,376.13603592332805,100000,0.079
DE,1,10,1,10011,0.0,100000,1.521
ABC,1,10,1,10011,53.3565008989147,100004,5.516
GWO,1,10,1,10011,138855879.0896528,100000,0.139
CMAES,1,10,1,10011,1.4210854715202004e-14,10161,1.801
LSHADE,1,10,1,10011,0.0,100000,2.333
MSBO,1,10,2,10012,205.0848370985825,100001,0.843
GA,1,10,2,10012,122.79056538197074,100000,2.766
PSO,1,10,2,10012,10748.717088582664,100000,0.078
DE,1,10,2,10012,0.0,100000,1.244
ABC,1,10,2,10012,11.718248017741132,100004,5.128
GWO,1,10,2,10012,353182104.11498994,100000,0.136
CMAES,1,10,2,10012,1.4210854715202004e-14,5491,0.392
LSHADE,1,10,2,10012,0.0,100000,2.293
MSBO,1,10,3,10013,456.29105367913155,100000,0.829
GA,1,10,3,10013,5910.966679836372,100000,2.682
PSO,1,10,3,10013,5166.576074134324,100000,0.07
DE,1,10,3,10013,0.0,100000,1.278
ABC,1,10,3,10013,21.64559038362242,100007,4.715
GWO,1,10,3,10013,316298392.87340724,100000,0.112
CMAES,1,10,3,10013,5.684341886080802e-14,5521,0.342
LSHADE,1,10,3,10013,0.0,100000,1.908
MSBO,1,10,4,10014,2071.25043360607,100002,0.621
GA,1,10,4,10014,5613.664931490687,100000,2.154
PSO,1,10,4,10014,5531.975313403366,100000,0.059
DE,1,10,4,10014,0.0,100000,1.174
ABC,1,10,4,10014,36.85252836995073,100007,4.751
GWO,1,10,4,10014,9457.652338198912,100000,0.135
CMAES,1,10,4,10014,1.4210854715202004e-14,5421,0.438
LSHADE,1,10,4,10014,0.0,100000,2.304
MSBO,1,10,5,10015,6.91372020492318,100003,0.808
GA,1,10,5,10015,410.7905519334064,100000,2.831
PSO,1,10,5,10015,1736664190.9386547,100000,0.074
DE,1,10,5,10015,0.0,100000,1.499
ABC,1,10,5,10015,88.76900403093515,100004,5.478
GWO,1,10,5,10015,261822823.86613864,100000,0.138
CMAES,1,10,5,10015,1.4210854715202004e-14,5551,0.451
LSHADE,1,10,5,10015,0.0,100000,2.306
MSBO,1,10,6,10016,498.51675802111833,100000,0.837
GA,1,10,6,10016,5641.161341641334,100000,2.707
PSO,1,10,6,10016,205.3526835920104,100000,0.062
DE,1,10,6,10016,0.0,100000,1.169
ABC,1,10,6,10016,17.3856201923293,100001,4.273
GWO,1,10,6,10016,10660.4882718378,100000,0.102
CMAES,1,10,6,10016,1.4210854715202004e-14,5871,0.321
LSHADE,1,10,6,10016,0.0,100000,1.773
MSBO,1,10,7,10017,126.03169454232273,100000,0.642
GA,1,10,7,10017,669.2223076061692,100000,2.147
PSO,1,10,7,10017,4582.4828932804885,100000,0.061
DE,1,10,7,10017,0.0,100000,1.17
ABC,1,10,7,10017,734.6024912434847,100003,4.177
GWO,1,10,7,10017,487963399.7512361,100000,0.101
CMAES,1,10,7,10017,1.4210854715202004e-14,5621,0.351
LSHADE,1,10,7,10017,0.0,100000,1.913
MSBO,1,10,8,10018,388.744412846939,100003,0.849
GA,1,10,8,10018,4117.3276621215655,100000,2.867
PSO,1,10,8,10018,4731.919882774862,100000,0.079
DE,1,10,8,10018,0.0,100000,1.258
ABC,1,10,8,10018,349.1828101870005,100004,4.418
GWO,1,10,8,10018,231285907.17147496,100000,0.11
CMAES,1,10,8,10018,5.684341886080802e-14,5311,0.335
LSHADE,1,10,8,10018,0.0,100000,1.924
MSBO,1,10,9,10019,1814.5772579222407,100003,0.697
GA,1,10,9,10019,5781.758870208768,100000,2.496
PSO,1,10,9,10019,781.773258599393,100000,0.07
DE,1,10,9,10019,0.0,100000,1.262
ABC,1,10,9,10019,43.51157568968088,100002,4.33
GWO,1,10,9,10019,214101159.1819712,100000,0.103
CMAES,1,10,9,10019,1.4210854715202004e-14,5431,0.338
LSHADE,1,10,9,10019,0.0,100000,1.771
MSBO,1,10,10,10020,78.75600495246863,100000,0.619
GA,1,10,10,10020,176.0672893039955,100000,2.118
PSO,1,10,10,10020,2122.027036568893,100000,0.061
DE,1,10,10,10020,0.0,100000,1.176
ABC,1,10,10,10020,58.48706215285938,100006,4.236
GWO,1,10,10,10020,192722108.4381409,100000,0.105
CMAES,1,10,10,10020,1.4210854715202004e-14,5261,0.294
LSHADE,1,10,10,10020,0.0,100000,1.808
MSBO,1,10,11,10021,155.09040227743537,100002,0.635
GA,1,10,11,10021,3339.0801665920458,100000,2.098
PSO,1,10,11,10021,5531.975313403366,100000,0.059
DE,1,10,11,10021,0.0,100000,1.158
ABC,1,10,11,10021,207.96952820754348,100006,4.584
GWO,1,10,11,10021,179003764.93219933,100000,0.14
CMAES,1,10,11,10021,1.4210854715202004e-14,5251,0.433
LSHADE,1,10,11,10021,0.0,100000,1.919
MSBO,1,10,12,10022,1973.523587030084,100002,0.688
GA,1,10,12,10022,5633.87614864591,100000,2.804
PSO,1,10,12,10022,703.6282799499827,100000,0.078
DE,1,10,12,10022,0.0,100000,1.509
ABC,1,10,12,10022,2.5680393880250136,100005,5.59
GWO,1,10,12,10022,220950796.1832696,100000,0.137
CMAES,1,10,12,10022,2.842170943040401e-14,5431,0.409
LSHADE,1,10,12,10022,0.0,100000,2.09
MSBO,1,10,13,10023,1403.771650139694,100003,0.818
GA,1,10,13,10023,2630.483024037411,100000,2.848
PSO,1,10,13,10023,399.45848254534985,100000,0.079
DE,1,10,13,10023,0.0,100000,1.504
ABC,1,10,13,10023,24.93714790590721,100002,5.531
GWO,1,10,13,10023,29835023.7459436,100000,0.155
CMAES,1,10,13,10023,4.263256414560601e-14,5311,0.444
LSHADE,1,10,13,10023,0.0,100000,2.308
MSBO,1,10,14,10024,992.8219183543329,100003,0.863
GA,1,10,14,10024,5432.630536312727,100000,2.889
PSO,1,10,14,10024,1.5584854695111119,100000,0.079
DE,1,10,14,10024,0.0,100000,1.497
ABC,1,10,14,10024,2.2274977947211454,100003,5.37
GWO,1,10,14,10024,409356248.9778967,100000,0.119
CMAES,1,10,14,10024,5.684341886080802e-14,5441,0.456
LSHADE,1,10,14,10024,0.0,100000,1.922
MSBO,3,10,0,10030,5.789923420707055e-07,100000,0.743
GA,3,10,0,10030,0.04083958073186977,100000,2.225
PSO,3,10,0,10030,5.684341886080802e-14,100000,0.06
DE,3,10,0,10030,0.0,100000,1.244
ABC,3,10,0,10030,4553.8399857732,100000,4.584
GWO,3,10,0,10030,8567.228345214737,100000,0.113
CMAES,3,10,0,10030,0.0,3731,0.225
LSHADE,3,10,0,10030,0.0,100000,1.763
MSBO,3,10,1,10031,1.2981729469174752e-07,100001,0.721
GA,3,10,1,10031,0.2285254701124586,100000,2.322
PSO,3,10,1,10031,5.684341886080802e-14,100000,0.077
DE,3,10,1,10031,0.0,100000,1.498
ABC,3,10,1,10031,7694.018156034415,100000,5.427
GWO,3,10,1,10031,4461.95139480102,100000,0.138
CMAES,3,10,1,10031,0.0,4351,0.359
LSHADE,3,10,1,10031,0.0,100000,2.283
MSBO,3,10,2,10032,1.8518545630286098e-07,100002,0.959
GA,3,10,2,10032,0.06660531134463099,100000,2.767
PSO,3,10,2,10032,5.684341886080802e-14,100000,0.068
DE,3,10,2,10032,0.0,100000,1.301
ABC,3,10,2,10032,6279.426159471889,100000,4.494
GWO,3,10,2,10032,5829.801158363208,100000,0.122
CMAES,3,10,2,10032,5.684341886080802e-14,4371,0.33
LSHADE,3,10,2,10032,0.0,100000,2.224
MSBO,3,10,3,10033,2.0299620473451796e-07,100002,0.993
GA,3,10,3,10033,2.3775004670613953,100000,2.863
PSO,3,10,3,10033,0.0,100000,0.078
DE,3,10,3,10033,0.0,100000,1.342
ABC,3,10,3,10033,8424.97200033379,100000,4.289
GWO,3,10,3,10033,3609.9967134819576,100000,0.104
CMAES,3,10,3,10033,0.0,4951,0.331
LSHADE,3,10,3,10033,0.0,100000,1.964
MSBO,3,10,4,10034,1.5411114873131737e-07,100003,0.75
GA,3,10,4,10034,0.03604977118862962,100000,2.27
PSO,3,10,4,10034,5.684341886080802e-14,100000,0.076
DE,3,10,4,10034,0.0,100000,1.509
ABC,3,10,4,10034,7258.6762830188645,100000,5.308
GWO,3,10,4,10034,3363.8649421194386,100000,0.138
CMAES,3,10,4,10034,0.0,4051,0.35
LSHADE,3,10,4,10034,0.0,100000,2.317
MSBO,3,10,5,10035,5.8114721923629986e-08,100003,0.945
GA,3,10,5,10035,0.12806579171763133,100000,2.824
PSO,3,10,5,10035,5.684341886080802e-14,100000,0.078
DE,3,10,5,10035,0.0,100000,1.494
ABC,3,10,5,10035,12402.849863575353,100000,4.809
GWO,3,10,5,10035,3620.219973876179,100000,0.104
CMAES,3,10,5,10035,0.0,3981,0.25
LSHADE,3,10,5,10035,0.0,100000,1.783
MSBO,3,10,6,10036,2.408928025943169e-07,100003,0.729
GA,3,10,6,10036,0.31911748767487325,100000,2.186
PSO,3,10,6,10036,1.1368683772161603e-13,100000,0.069
DE,3,10,6,10036,0.0,100000,1.503
ABC,3,10,6,10036,9240.150127157556,100000,4.738
GWO,3,10,6,10036,11672.252023644223,100000,0.113
CMAES,3,10,6,10036,0.0,4601,0.303
LSHADE,3,10,6,10036,0.0,100000,1.879
MSBO,3,10,7,10037,6.619551413677982e-07,100002,0.854
GA,3,10,7,10037,2.67906719879619,100000,2.475
PSO,3,10,7,10037,5.684341886080802e-14,100000,0.071
DE,3,10,7,10037,0.0,100000,1.411
ABC,3,10,7,10037,1679.3797976393514,100000,4.637
GWO,3,10,7,10037,8593.150590132558,100000,0.119
CMAES,3,10,7,10037,0.0,4021,0.278
LSHADE,3,10,7,10037,0.0,100000,2.058
MSBO,3,10,8,10038,1.15629518404603e-07,100002,0.892
GA,3,10,8,10038,0.032887988863251394,100000,2.604
PSO,3,10,8,10038,5.684341886080802e-14,100000,0.074
DE,3,10,8,10038,0.0,100000,1.463
ABC,3,10,8,10038,4687.031636374456,100000,4.852
GWO,3,10,8,10038,2685.7024930535963,100000,0.107
CMAES,3,10,8,10038,0.0,4801,0.307
LSHADE,3,10,8,10038,0.0,100000,2.056
MSBO,3,10,9,10039,3.924523639398103e-07,100002,0.969
GA,3,10,9,10039,0.408687836348804,100000,2.462
PSO,3,10,9,10039,0.0,100000,0.065
DE,3,10,9,10039,0.0,100000,1.28
ABC,3,10,9,10039,8838.706513681773,100000,4.52
GWO,3,10,9,10039,4907.818853921283,100000,0.107
CMAES,3,10,9,10039,5.684341886080802e-14,3691,0.222
LSHADE,3,10,9,10039,0.0,100000,1.766
MSBO,3,10,10,10040,1.4135304127194104e-07,100002,0.742
GA,3,10,10,10040,0.04485035844737695,100000,2.111
PSO,3,10,10,10040,1.1368683772161603e-13,100000,0.06
DE,3,10,10,10040,0.0,100000,1.183
ABC,3,10,10,10040,2516.256531312083,100000,5.183
GWO,3,10,10,10040,1673.33741641864,100000,0.116
CMAES,3,10,10,10040,0.0,4401,0.289
LSHADE,3,10,10,10040,0.0,100000,1.776
MSBO,3,10,11,10041,1.2237444479978876e-07,100002,0.719
GA,3,10,11,10041,0.16290767910925297,100000,2.129
PSO,3,10,11,10041,5.684341886080802e-14,100000,0.06
DE,3,10,11,10041,0.0,100000,1.179
ABC,3,10,11,10041,1872.3461190453004,100000,4.54
GWO,3,10,11,10041,5751.482808557298,100000,0.14
CMAES,3,10,11,10041,5.684341886080802e-14,4971,0.412
LSHADE,3,10,11,10041,0.0,100000,2.286
MSBO,3,10,12,10042,2.8763992077074363e-07,100001,0.96
GA,3,10,12,10042,2.117412050276016,100000,2.855
PSO,3,10,12,10042,5.684341886080802e-14,100000,0.076
DE,3,10,12,10042,0.0,100000,1.505
ABC,3,10,12,10042,7583.643473240822,100000,4.85
GWO,3,10,12,10042,860.6165914687349,100000,0.14
CMAES,3,10,12,10042,5.684341886080802e-14,3871,0.311
LSHADE,3,10,12,10042,0.0,100000,2.192
MSBO,3,10,13,10043,1.4547117643815e-07,100003,1.027
GA,3,10,13,10043,0.10811627173325178,100000,2.912
PSO,3,10,13,10043,0.0,100000,0.075
DE,3,10,13,10043,0.0,100000,1.5
ABC,3,10,13,10043,1069.925185873322,100000,5.49
GWO,3,10,13,10043,3210.829713833839,100000,0.145
CMAES,3,10,13,10043,0.0,3941,0.335
LSHADE,3,10,13,10043,0.0,100000,2.395
MSBO,3,10,14,10044,9.994624861064949e-08,100001,0.828
GA,3,10,14,10044,1.1151861688793474,100000,2.893
PSO,3,10,14,10044,1.1368683772161603e-13,100000,0.077
DE,3,10,14,10044,0.0,100000,1.493
ABC,3,10,14,10044,6022.983375227003,100000,4.764
GWO,3,10,14,10044,4736.35311602531,100000,0.104
CMAES,3,10,14,10044,0.0,3951,0.248
LSHADE,3,10,14,10044,0.0,100000,1.85
MSBO,4,10,0,10040,4.923337163566487,100000,0.72
GA,4,10,0,10040,0.3352139170874011,100000,2.233
PSO,4,10,0,10040,80.26631114872873,100000,0.059
DE,4,10,0,10040,1.7483664789567115,100000,1.183
ABC,4,10,0,10040,0.08489024010981439,100000,4.842
GWO,4,10,0,10040,18.808093283234484,100000,0.115
CMAES,4,10,0,10040,5.684341886080802e-14,5931,0.385
LSHADE,4,10,0,10040,0.0,100000,2.186
MSBO,4,10,1,10041,4.97246325120318,100000,0.722
GA,4,10,1,10041,6.684064551418544,100000,2.834
PSO,4,10,1,10041,0.8391141478076634,100000,0.081
DE,4,10,1,10041,0.5393193036994148,100000,1.568
ABC,4,10,1,10041,0.26170973600289926,100000,5.471
GWO,4,10,1,10041,17.973765339544286,100000,0.142
CMAES,4,10,1,10041,0.0,4931,0.389
LSHADE,4,10,1,10041,0.0,100000,2.019
MSBO,4,10,2,10042,4.773979433190448,100000,0.62
GA,4,10,2,10042,1.7804558449788033,100000,2.114
PSO,4,10,2,10042,0.2855924864108488,100000,0.063
DE,4,10,2,10042,2.73215261847821,100000,1.196
ABC,4,10,2,10042,0.0839203897137395,100000,4.285
GWO,4,10,2,10042,18.80807827020351,100000,0.104
CMAES,4,10,2,10042,0.0,6631,0.406
LSHADE,4,10,2,10042,0.0,100000,1.855
MSBO,4,10,3,10043,4.708166334258294,100000,0.672
GA,4,10,3,10043,6.467695492189989,100000,2.11
PSO,4,10,3,10043,11.118591668974432,100000,0.06
DE,4,10,3,10043,3.4802117972326414,100000,1.188
ABC,4,10,3,10043,0.05436361070746898,100000,4.283
GWO,4,10,3,10043,14.973056174123997,100000,0.104
CMAES,4,10,3,10043,0.0,5961,0.373
LSHADE,4,10,3,10043,0.0,100000,2.029
MSBO,4,10,4,10044,4.709025206823185,100000,0.703
GA,4,10,4,10044,3.5438989101580205,100000,2.541
PSO,4,10,4,10044,11.331837692464035,100000,0.059
DE,4,10,4,10044,0.7559296158099755,100000,1.167
ABC,4,10,4,10044,0.0622804425605068,100000,5.008
GWO,4,10,4,10044,22.341643511227005,100000,0.139
CMAES,4,10,4,10044,1.1368683772161603e-13,5771,0.412
LSHADE,4,10,4,10044,0.0,100000,2.264
MSBO,4,10,5,10045,3.9812036423807626,100000,0.851
GA,4,10,5,10045,6.373888286351473,100000,2.377
PSO,4,10,5,10045,70.25460379265644,100000,0.07
DE,4,10,5,10045,4.874823850727807,100000,1.275
ABC,4,10,5,10045,0.05651639313725809,100000,4.679
GWO,4,10,5,10045,18.808060047141396,100000,0.11
CMAES,4,10,5,10045,5.684341886080802e-14,6311,0.403
LSHADE,4,10,5,10045,0.0,100000,1.909
MSBO,4,10,6,10046,4.764118586024267,100000,0.642
GA,4,10,6,10046,6.284089332065605,100000,2.527
PSO,4,10,6,10046,11.118591668974489,100000,0.071
DE,4,10,6,10046,2.4075894794167993,100000,1.288
ABC,4,10,6,10046,0.004659874145374943,100000,4.769
GWO,4,10,6,10046,26.053185272669054,100000,0.118
CMAES,4,10,6,10046,0.0,5621,0.364
LSHADE,4,10,6,10046,0.0,100000,2.037
MSBO,4,10,7,10047,5.166448692300776,100000,0.737
GA,4,10,7,10047,1.205895446577074,100000,2.237
PSO,4,10,7,10047,0.14296780865254277,100000,0.063
DE,4,10,7,10047,2.5539481572994305,100000,1.291
ABC,4,10,7,10047,0.06285315287499316,100000,4.518
GWO,4,10,7,10047,16.403905119245962,100000,0.112
CMAES,4,10,7,10047,0.0,6071,0.412
LSHADE,4,10,7,10047,0.0,100000,2.14
MSBO,4,10,8,10048,3.185406825448524,100000,0.746
GA,4,10,8,10048,0.16168036693329668,100000,2.403
PSO,4,10,8,10048,0.026716053242182625,100000,0.06
DE,4,10,8,10048,1.8206057082118718,100000,1.18
ABC,4,10,8,10048,0.09506774535435625,100000,4.466
GWO,4,10,8,10048,6.858601046993215,100000,0.116
CMAES,4,10,8,10048,5.684341886080802e-14,5971,0.371
LSHADE,4,10,8,10048,0.0,100000,1.88
MSBO,4,10,9,10049,3.0240625253562143,100000,0.741
GA,4,10,9,10049,0.3463891219055881,100000,2.48
PSO,4,10,9,10049,69.71478666343717,100000,0.063
DE,4,10,9,10049,1.6390447255392928,100000,1.178
ABC,4,10,9,10049,0.13641810913952668,100000,4.313
GWO,4,10,9,10049,15.898359560688789,100000,0.103
CMAES,4,10,9,10049,5.684341886080802e-14,5941,0.355
LSHADE,4,10,9,10049,0.0,100000,1.918
MSBO,4,10,10,10050,2.6769309110159725,100000,0.71
GA,4,10,10,10050,6.48182609293093,100000,2.118
PSO,4,10,10,10050,8.303364581506855,100000,0.058
DE,4,10,10,10050,1.8502090086375347,100000,1.241
ABC,4,10,10,10050,0.2557966051409153,100000,4.502
GWO,4,10,10,10050,18.808071701754557,100000,0.119
CMAES,4,10,10,10050,0.0,5911,0.331
LSHADE,4,10,10,10050,0.0,100000,1.872
MSBO,4,10,11,10051,4.3943952619439415,100000,0.621
GA,4,10,11,10051,4.906189912869536,100000,2.16
PSO,4,10,11,10051,11.331837692464035,100000,0.058
DE,4,10,11,10051,0.10754158923765544,100000,1.16
ABC,4,10,11,10051,0.006595025597789572,100000,4.305
GWO,4,10,11,10051,25.625040999833743,100000,0.105
CMAES,4,10,11,10051,5.684341886080802e-14,6041,0.417
LSHADE,4,10,11,10051,0.0,100000,1.853
MSBO,4,10,12,10052,4.269242982594051,100000,0.639
GA,4,10,12,10052,2.1660348818919033,100000,2.272
PSO,4,10,12,10052,5.671386616837935,100000,0.061
DE,4,10,12,10052,1.5365940787565933,100000,1.211
ABC,4,10,12,10052,0.030089292211130214,100000,4.363
GWO,4,10,12,10052,12.679330774762889,100000,0.11
CMAES,4,10,12,10052,0.0,6021,0.418
LSHADE,4,10,12,10052,0.0,100000,1.89
MSBO,4,10,13,10053,5.040331880290637,100000,0.638
GA,4,10,13,10053,5.209249790206343,100000,2.152
PSO,4,10,13,10053,8.303364581506855,100000,0.058
DE,4,10,13,10053,2.209497993783259,100000,1.348
ABC,4,10,13,10053,0.3770188957573737,100000,4.552
GWO,4,10,13,10053,17.01683664819018,100000,0.102
CMAES,4,10,13,10053,5.684341886080802e-14,6071,0.371
LSHADE,4,10,13,10053,0.0,100000,1.844
MSBO,4,10,14,10054,4.790946674520512,100000,0.755
GA,4,10,14,10054,5.19767616930875,100000,2.245
PSO,4,10,14,10054,11.127744423867284,100000,0.061
DE,4,10,14,10054,2.025999160457502,100000,1.442
ABC,4,10,14,10054,0.09465925874053482,100000,5.457
GWO,4,10,14,10054,18.80805045158371,100000,0.137
CMAES,4,10,14,10054,0.0,6461,0.511
LSHADE,4,10,14,10054,0.0,100000,2.293
MSBO,9,10,0,10090,2.6783141038322356e-08,100001,0.894
GA,9,10,0,10090,0.00027677688649418997,100000,2.902
PSO,9,10,0,10090,3.3617638563976016,100000,0.077
DE,9,10,0,10090,0.0,100000,1.209
ABC,9,10,0,10090,0.00020661329756421765,100000,4.455
GWO,9,10,0,10090,65.58503202727047,100000,0.124
CMAES,9,10,0,10090,0.4543240185907962,3181,0.212
LSHADE,9,10,0,10090,0.0,100000,2.016
MSBO,9,10,1,10091,5.178890205570497e-09,100002,0.815
GA,9,10,1,10091,0.00019537117782419955,100000,2.299
PSO,9,10,1,10091,25.819367725235338,100000,0.068
DE,9,10,1,10091,0.0,100000,1.179
ABC,9,10,1,10091,0.0009786531084046146,100000,5.273
GWO,9,10,1,10091,8.636744860796284,100000,0.144
CMAES,9,10,1,10091,1.1368683772161603e-13,3201,0.219
LSHADE,9,10,1,10091,0.0,100000,2.044
MSBO,9,10,2,10092,1.3522253539122175e-08,100004,0.761
GA,9,10,2,10092,0.14234015898261987,100000,2.309
PSO,9,10,2,10092,0.08952825041649248,100000,0.08
DE,9,10,2,10092,0.0,100000,1.322
ABC,9,10,2,10092,0.00032601747375338164,100000,4.587
GWO,9,10,2,10092,43.725157196339296,100000,0.138
CMAES,9,10,2,10092,0.0,3191,0.259
LSHADE,9,10,2,10092,0.0,100000,1.884
MSBO,9,10,3,10093,1.1535576049936935e-08,100003,0.742
GA,9,10,3,10093,0.0003191244601339349,100000,2.543
PSO,9,10,3,10093,1.1368683772161603e-13,100000,0.092
DE,9,10,3,10093,0.0,100000,1.52
ABC,9,10,3,10093,9.149048764811596e-06,100000,5.263
GWO,9,10,3,10093,27.201022333079095,100000,0.163
CMAES,9,10,3,10093,0.9981762875980849,3521,0.321
LSHADE,9,10,3,10093,0.0,100000,2.13
MSBO,9,10,4,10094,6.314053280220833e-09,100001,0.671
GA,9,10,4,10094,0.0008748855425437796,100000,2.125
PSO,9,10,4,10094,1.3629720557723886,100000,0.067
DE,9,10,4,10094,0.0,100000,1.185
ABC,9,10,4,10094,0.09042957262988693,100000,4.26
GWO,9,10,4,10094,9.564186161933208,100000,0.121
CMAES,9,10,4,10094,0.0,3061,0.193
LSHADE,9,10,4,10094,0.0,100000,1.793
MSBO,9,10,5,10095,1.5108753359527327e-08,100003,0.667
GA,9,10,5,10095,0.0010338022211726638,100000,2.431
PSO,9,10,5,10095,0.0,100000,0.085
DE,9,10,5,10095,0.0,100000,1.506
ABC,9,10,5,10095,0.0006267296785154031,100000,4.759
GWO,9,10,5,10095,65.47692394891033,100000,0.121
CMAES,9,10,5,10095,0.08952825041649248,2941,0.163
LSHADE,9,10,5,10095,0.0,100000,1.907
MSBO,9,10,6,10096,5.384765700000571e-08,100002,0.778
GA,9,10,6,10096,5.697784570202202e-05,100000,2.657
PSO,9,10,6,10096,0.0,100000,0.068
DE,9,10,6,10096,0.0,100000,1.169
ABC,9,10,6,10096,7.0655388526574825e-06,100001,4.25
GWO,9,10,6,10096,9.565333145272916,100000,0.124
CMAES,9,10,6,10096,0.0,3211,0.202
LSHADE,9,10,6,10096,0.0,100000,2.08
MSBO,9,10,7,10097,2.0153379409748595e-08,100001,0.847
GA,9,10,7,10097,2.1299003492458723e-05,100000,2.511
PSO,9,10,7,10097,0.08952825041660617,100000,0.07
DE,9,10,7,10097,0.0,100000,1.294
ABC,9,10,7,10097,0.009210540588128424,100000,5.067
GWO,9,10,7,10097,33.91755471106762,100000,0.163
CMAES,9,10,7,10097,2.271598937040153,3221,0.262
LSHADE,9,10,7,10097,0.0,100000,2.307
MSBO,9,10,8,10098,2.5594317776267417e-08,100001,0.872
GA,9,10,8,10098,0.0005527746926645705,100000,2.846
PSO,9,10,8,10098,0.4543240185907962,100000,0.085
DE,9,10,8,10098,0.0,100000,1.517
ABC,9,10,8,10098,0.007711923002602816,100000,5.408
GWO,9,10,8,10098,3.3019589170488644,100000,0.165
CMAES,9,10,8,10098,0.0,3151,0.272
LSHADE,9,10,8,10098,0.0,100000,2.302
MSBO,9,10,9,10099,2.2233393792703282e-08,100000,0.867
GA,9,10,9,10099,0.000231763569559007,100000,2.424
PSO,9,10,9,10099,0.0,100000,0.071
DE,9,10,9,10099,0.0,100000,1.283
ABC,9,10,9,10099,0.00301498698343039,100001,4.959
GWO,9,10,9,10099,0.4645676604076243,100000,0.164
CMAES,9,10,9,10099,1.1368683772161603e-13,3081,0.257
LSHADE,9,10,9,10099,0.0,100000,2.277
MSBO,9,10,10,10100,1.7905108506965917e-08,100000,0.835
GA,9,10,10,10100,0.0006391572178472416,100000,2.718
PSO,9,10,10,10100,0.9086480371815924,100000,0.082
DE,9,10,10,10100,0.0,100000,1.49
ABC,9,10,10,10100,0.21667765189454258,100000,4.738
GWO,9,10,10,10100,0.46449033277656326,100000,0.137
CMAES,9,10,10,10100,0.0,3091,0.202
LSHADE,9,10,10,10100,0.0,100000,1.902
MSBO,9,10,11,10101,2.108231456077192e-08,100000,0.87
GA,9,10,11,10101,0.0006015872135094469,100000,2.824
PSO,9,10,11,10101,0.0,100000,0.073
DE,9,10,11,10101,0.0,100000,1.348
ABC,9,10,11,10101,0.45523226936666106,100001,4.873
GWO,9,10,11,10101,9.563898153822038,100000,0.145
CMAES,9,10,11,10101,0.0,2931,0.209
LSHADE,9,10,11,10101,0.0,100000,2.075
MSBO,9,10,12,10102,1.3716999092139304e-08,100000,0.855
GA,9,10,12,10102,0.00030041372872346983,100000,2.387
PSO,9,10,12,10102,2.9074398378068054,100000,0.066
DE,9,10,12,10102,0.0,100000,1.176
ABC,9,10,12,10102,0.5658685184059777,100000,4.235
GWO,9,10,12,10102,66.5483550144603,100000,0.121
CMAES,9,10,12,10102,0.0,3121,0.2
LSHADE,9,10,12,10102,0.0,100000,1.802
MSBO,9,10,13,10103,1.4576016837963834e-08,100001,0.884
GA,9,10,13,10103,7.718036397363903e-05,100000,2.84
PSO,9,10,13,10103,7.697239308371877,100000,0.084
DE,9,10,13,10103,0.0,100000,1.241
ABC,9,10,13,10103,0.006182025167390748,100000,5.062
GWO,9,10,13,10103,9.564495244888803,100000,0.13
CMAES,9,10,13,10103,0.4543240185907962,2851,0.19
LSHADE,9,10,13,10103,0.0,100000,2.105
MSBO,9,10,14,10104,1.4592046682082582e-08,100001,0.873
GA,9,10,14,10104,0.0005101823594486632,100000,2.792
PSO,9,10,14,10104,0.9086480371815924,100000,0.076
DE,9,10,14,10104,0.0,100000,1.399
ABC,9,10,14,10104,0.0028191785249873647,100000,5.248
GWO,9,10,14,10104,9.629640435887381,100000,0.169
CMAES,9,10,14,10104,0.0,3581,0.274
LSHADE,9,10,14,10104,0.0,100000,2.324
MSBO,13,10,0,10130,114.13958234264715,100000,1.003
GA,13,10,0,10130,9152.132708493682,100000,2.874
PSO,13,10,0,10130,6992.373486793498,100000,0.089
DE,13,10,0,10130,5.394125270038785,100000,1.499
ABC,13,10,0,10130,55.31951827150624,100006,5.54
GWO,13,10,0,10130,7545.707507491281,100000,0.153
CMAES,13,10,0,10130,380.28801758188956,6251,0.518
LSHADE,13,10,0,10130,1.1547182583253743,100000,2.346
MSBO,13,10,1,10131,216.1374783415929,100003,0.922
GA,13,10,1,10131,1003.8537488090069,100000,2.857
PSO,13,10,1,10131,446.7276171241065,100000,0.09
DE,13,10,1,10131,6.141112423106506,100000,1.359
ABC,13,10,1,10131,465.86712862678996,100002,5.052
GWO,13,10,1,10131,7545.34024739447,100000,0.12
CMAES,13,10,1,10131,68.9748039359306,8151,0.548
LSHADE,13,10,1,10131,5.394125270038785,100000,2.002
MSBO,13,10,2,10132,15253.34128445679,100002,0.832
GA,13,10,2,10132,2655.827726477107,100000,2.819
PSO,13,10,2,10132,238.22765490651682,100000,0.091
DE,13,10,2,10132,5.284339363646495,100000,1.535
ABC,13,10,2,10132,486.3820891902751,100004,5.483
GWO,13,10,2,10132,7546.395487662483,100000,0.152
CMAES,13,10,2,10132,10.938905178610412,8611,0.749
LSHADE,13,10,2,10132,6.141112423106506,100000,2.352
MSBO,13,10,3,10133,1062.1252224294503,100001,0.956
GA,13,10,3,10133,22220.40186376656,100000,2.88
PSO,13,10,3,10133,2232.9723698770363,100000,0.093
DE,13,10,3,10133,4.837147269904108,100000,1.531
ABC,13,10,3,10133,46.09971584706068,100005,5.074
GWO,13,10,3,10133,7560.211705049904,100000,0.141
CMAES,13,10,3,10133,214.87676647104308,7101,0.509
LSHADE,13,10,3,10133,4.837136915594101,100000,2.143
MSBO,13,10,4,10134,636.9258706580847,100000,0.749
GA,13,10,4,10134,28767.349901506193,100000,2.145
PSO,13,10,4,10134,1040.1604115858663,100000,0.07
DE,13,10,4,10134,4.837136915594101,100000,1.242
ABC,13,10,4,10134,1013.7110947155356,100005,5.168
GWO,13,10,4,10134,7545.113422438884,100000,0.113
CMAES,13,10,4,10134,17.909222679688583,7991,0.508
LSHADE,13,10,4,10134,6.33111146890792,100000,1.85
MSBO,13,10,5,10135,141.4558733901913,100000,0.664
GA,13,10,5,10135,508.2720551463133,100000,2.12
PSO,13,10,5,10135,1442.8264513711792,100000,0.07
DE,13,10,5,10135,1.9899181141865938,100000,1.173
ABC,13,10,5,10135,574.086507412218,100006,4.258
GWO,13,10,5,10135,3056.6856439358953,100000,0.111
CMAES,13,10,5,10135,364.35891544653623,6571,0.371
LSHADE,13,10,5,10135,5.027135863217154,100000,1.789
MSBO,13,10,6,10136,1137.7308611721655,100003,0.692
GA,13,10,6,10136,1001.8535523902824,100000,2.109
PSO,13,10,6,10136,1510.1641700869195,100000,0.07
DE,13,10,6,10136,5.496429209705411,100000,1.208
ABC,13,10,6,10136,67.39113326862207,100006,4.264
GWO,13,10,6,10136,7545.017595587355,100000,0.115
CMAES,13,10,6,10136,132.3250097188452,7151,0.435
LSHADE,13,10,6,10136,5.394125270038785,100000,1.801
MSBO,13,10,7,10137,114.02681276633552,100003,0.707
GA,13,10,7,10137,3996.3195629783695,100000,2.11
PSO,13,10,7,10137,16377.369824434307,100000,0.071
DE,13,10,7,10137,4.108778311660444,100000,1.18
ABC,13,10,7,10137,238.29644959149778,100004,4.256
GWO,13,10,7,10137,7545.525339908183,100000,0.112
CMAES,13,10,7,10137,89.77732792062375,8451,0.525
LSHADE,13,10,7,10137,4.837136915594101,100000,1.788
MSBO,13,10,8,10138,49.287779902887905,100000,0.69
GA,13,10,8,10138,488.5856620768466,100000,2.813
PSO,13,10,8,10138,1440.6779932466143,100000,0.09
DE,13,10,8,10138,7.950956170161135,100000,1.515
ABC,13,10,8,10138,362.5089117661373,100003,5.511
GWO,13,10,8,10138,7545.633200289874,100000,0.15
CMAES,13,10,8,10138,129.1513856171805,7871,0.628
LSHADE,13,10,8,10138,5.204126322415959,100000,2.139
MSBO,13,10,9,10139,153.3445077041572,100001,0.86
GA,13,10,9,10139,2445.154839961165,100000,2.488
PSO,13,10,9,10139,860.7148365222793,100000,0.076
DE,13,10,9,10139,0.162660066338276,100000,1.475
ABC,13,10,9,10139,243.8470975293733,100010,5.571
GWO,13,10,9,10139,7545.535068944608,100000,0.15
CMAES,13,10,9,10139,213.59931639230103,8031,0.645
LSHADE,13,10,9,10139,5.204126322415959,100000,2.293
MSBO,13,10,10,10140,263.5128434686794,100002,0.929
GA,13,10,10,10140,23399.374747589816,100000,2.878
PSO,13,10,10,10140,9348.12668233767,100000,0.093
DE,13,10,10,10140,0.9999067245830702,100000,1.567
ABC,13,10,10,10140,202.03501448807538,100008,5.617
GWO,13,10,10,10140,7544.9772950702645,100000,0.15
CMAES,13,10,10,10140,55.35207985992247,9861,0.837
LSHADE,13,10,10,10140,5.204126322415959,100000,2.295
MSBO,13,10,11,10141,42.57711097649553,100001,0.911
GA,13,10,11,10141,16782.972224071356,100000,2.85
PSO,13,10,11,10141,16083.996185884193,100000,0.074
DE,13,10,11,10141,5.027135863217154,100000,1.26
ABC,13,10,11,10141,489.7879026471544,100007,4.993
GWO,13,10,11,10141,7536.413667462924,100000,0.112
CMAES,13,10,11,10141,6.9647083618340275,7251,0.46
LSHADE,13,10,11,10141,4.837136915594101,100000,1.79
MSBO,13,10,12,10142,1370.3476534179044,100000,0.762
GA,13,10,12,10142,28231.189435355802,100000,2.44
PSO,13,10,12,10142,16011.3314539383,100000,0.076
DE,13,10,12,10142,5.204126322415959,100000,1.181
ABC,13,10,12,10142,158.53958872288604,100008,4.867
GWO,13,10,12,10142,7545.274375901368,100000,0.14
CMAES,13,10,12,10142,0.9949590570934106,7871,0.575
LSHADE,13,10,12,10142,5.584124217661838,100000,2.302
MSBO,13,10,13,10143,25.586418470611534,100000,0.883
GA,13,10,13,10143,2272.0950432886816,100000,2.464
PSO,13,10,13,10143,6579.462067221269,100000,0.076
DE,13,10,13,10143,4.837136915594101,100000,1.366
ABC,13,10,13,10143,441.90603390762544,100009,5.208
GWO,13,10,13,10143,7545.010043288683,100000,0.136
CMAES,13,10,13,10143,375.89978049769707,6671,0.478
LSHADE,13,10,13,10143,5.204126322415959,100000,2.394
MSBO,13,10,14,10144,55.51326614995355,100002,0.937
GA,13,10,14,10144,20534.8629714879,100000,2.545
PSO,13,10,14,10144,11130.696071952396,100000,0.072
DE,13,10,14,10144,0.08765940910870995,100000,1.391
ABC,13,10,14,10144,85.79047969564022,100005,5.283
GWO,13,10,14,10144,7544.924706536556,100000,0.122
CMAES,13,10,14,10144,252.55238794435718,7011,0.593
LSHADE,13,10,14,10144,4.837136915594101,100000,2.305
MSBO,16,10,0,10160,2.3055134881001322,100000,0.726
GA,16,10,0,10160,232.0168848800463,100000,2.793
PSO,16,10,0,10160,39.101372223935186,100000,0.097
DE,16,10,0,10160,0.23673047352212961,100000,1.551
ABC,16,10,0,10160,121.66604419201803,100000,5.606
GWO,16,10,0,10160,72.4985703432526,100000,0.167
CMAES,16,10,0,10160,181.50277703094503,22551,2.061
LSHADE,16,10,0,10160,0.49959468246174765,100000,2.392
MSBO,16,10,1,10161,1.8427765848673516,100000,0.864
GA,16,10,1,10161,469.14584930935644,100000,2.873
PSO,16,10,1,10161,422.1099292776039,100000,0.099
DE,16,10,1,10161,0.7275403741489299,100000,1.524
ABC,16,10,1,10161,23.578916161401594,100001,5.499
GWO,16,10,1,10161,46.89101830500317,100000,0.162
CMAES,16,10,1,10161,254.69973907391727,31001,2.711
LSHADE,16,10,1,10161,0.7736201962061386,100000,2.507
MSBO,16,10,2,10162,1.8426632121145303,100003,0.908
GA,16,10,2,10162,134.94651035376955,100000,2.488
PSO,16,10,2,10162,120.12420750021238,100000,0.08
DE,16,10,2,10162,0.24987481579660198,100000,1.302
ABC,16,10,2,10162,0.9177121027835256,100002,4.758
GWO,16,10,2,10162,69.93936870023299,100000,0.151
CMAES,16,10,2,10162,218.63717525040875,23701,1.677
LSHADE,16,10,2,10162,0.8404383829349626,100000,1.983
MSBO,16,10,3,10163,1.4728390245056744,100000,0.722
GA,16,10,3,10163,306.1167189975654,100000,2.483
PSO,16,10,3,10163,302.36397130866544,100000,0.08
DE,16,10,3,10163,0.227590594484127,100000,1.28
ABC,16,10,3,10163,12.744370857180684,100001,4.89
GWO,16,10,3,10163,74.44722349351696,100000,0.164
CMAES,16,10,3,10163,120.15203908082276,16301,1.44
LSHADE,16,10,3,10163,0.5556672518396226,100000,2.21
MSBO,16,10,4,10164,1.3708772239085647,100001,0.882
GA,16,10,4,10164,260.45839040217606,100000,2.948
PSO,16,10,4,10164,242.7416888004493,100000,0.096
DE,16,10,4,10164,0.9355083035159169,100000,1.49
ABC,16,10,4,10164,0.34301066629063826,100000,5.369
GWO,16,10,4,10164,365.8971982008927,100000,0.159
CMAES,16,10,4,10164,1.4471809735794068,20351,1.78
LSHADE,16,10,4,10164,0.5918102809846459,100000,2.277
MSBO,16,10,5,10165,1.4188028401542851,100000,0.864
GA,16,10,5,10165,12.491530630208672,100000,2.863
PSO,16,10,5,10165,133.43729901926645,100000,0.098
DE,16,10,5,10165,0.9003972574726049,100000,1.525
ABC,16,10,5,10165,4.040499839222775,100002,4.905
GWO,16,10,5,10165,110.18607481430217,100000,0.133
CMAES,16,10,5,10165,1.5003227204713312,17351,1.214
LSHADE,16,10,5,10165,0.6261640993916444,100000,2.015
MSBO,16,10,6,10166,2.1603136574319706,100001,0.725
GA,16,10,6,10166,120.01812793507838,100000,2.376
PSO,16,10,6,10166,254.51486174035517,100000,0.091
DE,16,10,6,10166,0.43574551912570314,100000,1.428
ABC,16,10,6,10166,1.9845669423602885,100002,4.539
GWO,16,10,6,10166,129.54440218330046,100000,0.124
CMAES,16,10,6,10166,12.430820322524141,17601,1.271
LSHADE,16,10,6,10166,0.4931082601203798,100000,1.927
MSBO,16,10,7,10167,1.5512589692302754,100002,0.636
GA,16,10,7,10167,166.8745028203732,100000,2.124
PSO,16,10,7,10167,2.042441342171742,100000,0.076
DE,16,10,7,10167,0.20818642830909084,100000,1.18
ABC,16,10,7,10167,1.8440294111589992,100000,4.308
GWO,16,10,7,10167,33.24140817533271,100000,0.124
CMAES,16,10,7,10167,224.44542310602355,12901,0.96
LSHADE,16,10,7,10167,0.4342641341313538,100000,2.367
MSBO,16,10,8,10168,1.7362641881229592,100000,0.789
GA,16,10,8,10168,454.3124910783022,100000,2.557
PSO,16,10,8,10168,243.0799005031099,100000,0.08
DE,16,10,8,10168,11.697729684670321,100000,1.192
ABC,16,10,8,10168,1.7530619787303294,100000,4.515
GWO,16,10,8,10168,73.4760115536842,100000,0.158
CMAES,16,10,8,10168,132.61029270861218,17901,1.504
LSHADE,16,10,8,10168,0.37442204633680376,100000,1.942
MSBO,16,10,9,10169,2.2787031485795524,100000,0.796
GA,16,10,9,10169,131.69209803295098,100000,2.319
PSO,16,10,9,10169,134.9343138695599,100000,0.076
DE,16,10,9,10169,0.208865826856254,100000,1.314
ABC,16,10,9,10169,13.803484952692997,100001,4.811
GWO,16,10,9,10169,108.48536404279753,100000,0.136
CMAES,16,10,9,10169,221.6092974824394,22051,1.671
LSHADE,16,10,9,10169,0.5606985703998362,100000,2.373
MSBO,16,10,10,10170,1.0819249150074484,100001,0.854
GA,16,10,10,10170,124.2928001372004,100000,2.863
PSO,16,10,10,10170,389.1631743640687,100000,0.097
DE,16,10,10,10170,11.6540983474506,100000,1.514
ABC,16,10,10,10170,1.642328710895299,100002,5.456
GWO,16,10,10,10170,179.1964121760975,100000,0.16
CMAES,16,10,10,10170,135.28154317899998,21551,1.817
LSHADE,16,10,10,10170,0.5026230075811782,100000,2.113
MSBO,16,10,11,10171,0.6575126458144496,100001,0.826
GA,16,10,11,10171,256.03632977352004,100000,2.801
PSO,16,10,11,10171,241.02788854792698,100000,0.1
DE,16,10,11,10171,0.6380136431059782,100000,1.517
ABC,16,10,11,10171,4.1512733895640395,100001,5.312
GWO,16,10,11,10171,123.39900035418418,100000,0.166
CMAES,16,10,11,10171,120.7386033266198,15971,1.295
LSHADE,16,10,11,10171,0.4786438437133711,100000,2.24
MSBO,16,10,12,10172,1.8516108074491058,100000,0.664
GA,16,10,12,10172,38.54075526873726,100000,2.479
PSO,16,10,12,10172,379.8812785738778,100000,0.1
DE,16,10,12,10172,11.679509233444833,100000,1.517
ABC,16,10,12,10172,1.6996068748369453,100000,5.393
GWO,16,10,12,10172,134.28568485034293,100000,0.17
CMAES,16,10,12,10172,1.8426836907501638,18461,1.674
LSHADE,16,10,12,10172,0.49730300539658856,100000,2.405
MSBO,16,10,13,10173,1.9796839958573855,100002,0.919
GA,16,10,13,10173,374.5475417363368,100000,2.897
PSO,16,10,13,10173,361.3857663288936,100000,0.098
DE,16,10,13,10173,0.5066105602420521,100000,1.523
ABC,16,10,13,10173,3.5195109677874825,100000,5.206
GWO,16,10,13,10173,61.48860315155707,100000,0.164
CMAES,16,10,13,10173,1.3071378197680588,25851,2.293
LSHADE,16,10,13,10173,0.7071173773333612,100000,2.009
MSBO,16,10,14,10174,1.5100789092850846,100003,0.877
GA,16,10,14,10174,1.5264618039395828,100000,2.832
PSO,16,10,14,10174,132.49440928078275,100000,0.1
DE,16,10,14,10174,0.9351165124535328,100000,1.534
ABC,16,10,14,10174,1.5596206005745898,100000,5.534
GWO,16,10,14,10174,182.18201340485962,100000,0.139
CMAES,16,10,14,10174,221.57382776451527,18901,1.752
LSHADE,16,10,14,10174,0.597978185623333,100000,2.373
MSBO,21,10,0,10210,100.00001908755621,100000,1.009
GA,21,10,0,10210,226.31754806045137,100000,2.914
PSO,21,10,0,10210,211.58915136012956,100000,0.12
DE,21,10,0,10210,212.41697971366466,100000,1.558
ABC,21,10,0,10210,108.9468193528055,100002,5.546
GWO,21,10,0,10210,229.25663921839623,100000,0.215
CMAES,21,10,0,10210,210.84114517104217,3171,0.291
LSHADE,21,10,0,10210,115.23328379722352,100000,2.401
MSBO,21,10,1,10211,100.00002232989164,100001,1.017
GA,21,10,1,10211,102.52996827921197,100000,2.957
PSO,21,10,1,10211,219.18004645528208,100000,0.121
DE,21,10,1,10211,210.7535132488515,100000,1.572
ABC,21,10,1,10211,106.81695873496983,100005,4.683
GWO,21,10,1,10211,231.9297488088314,100000,0.148
CMAES,21,10,1,10211,217.2201294219576,3241,0.222
LSHADE,21,10,1,10211,207.3271680928774,100000,1.952
MSBO,21,10,2,10212,103.31062328937469,100002,0.745
GA,21,10,2,10212,222.49158572287888,100000,2.519
PSO,21,10,2,10212,224.46044961751477,100000,0.111
DE,21,10,2,10212,207.93008902322526,100000,1.411
ABC,21,10,2,10212,112.12612811004647,100001,4.963
GWO,21,10,2,10212,236.26893151694276,100000,0.223
CMAES,21,10,2,10212,206.0819299455493,3331,0.286
LSHADE,21,10,2,10212,100.00000000000136,100000,2.46
MSBO,21,10,3,10213,100.00001451443131,100000,1.042
GA,21,10,3,10213,212.76095724673087,100000,2.983
PSO,21,10,3,10213,236.50224866345707,100000,0.121
DE,21,10,3,10213,209.76159059444808,100000,1.56
ABC,21,10,3,10213,112.03686855290607,100003,5.563
GWO,21,10,3,10213,231.21607998560876,100000,0.202
CMAES,21,10,3,10213,208.77820360685018,3551,0.299
LSHADE,21,10,3,10213,100.0000000001105,100000,2.155
MSBO,21,10,4,10214,100.000015199068,100002,0.856
GA,21,10,4,10214,100.01076525716917,100000,2.376
PSO,21,10,4,10214,102.22393142940564,100000,0.113
DE,21,10,4,10214,100.0,100000,1.464
ABC,21,10,4,10214,109.85117825966745,100001,5.337
GWO,21,10,4,10214,239.29909034525645,100000,0.169
CMAES,21,10,4,10214,214.17315816756127,3511,0.313
LSHADE,21,10,4,10214,100.0,100000,1.969
MSBO,21,10,5,10215,100.00001805259762,100003,0.821
GA,21,10,5,10215,230.43551148463712,100000,2.407
PSO,21,10,5,10215,225.57900573849247,100000,0.11
DE,21,10,5,10215,100.0,100000,1.396
ABC,21,10,5,10215,115.60837928854835,100002,4.704
GWO,21,10,5,10215,233.27177753203705,100000,0.183
CMAES,21,10,5,10215,225.72097184587165,3481,0.234
LSHADE,21,10,5,10215,100.00000000000045,100000,2.205
MSBO,21,10,6,10216,100.0000164580174,100000,0.825
GA,21,10,6,10216,226.99978600144777,100000,2.403
PSO,21,10,6,10216,224.10802422620554,100000,0.111
DE,21,10,6,10216,212.80523098319418,100000,1.296
ABC,21,10,6,10216,108.67483467849343,100001,4.761
GWO,21,10,6,10216,237.7200599630919,100000,0.191
CMAES,21,10,6,10216,220.52375375742622,3691,0.249
LSHADE,21,10,6,10216,100.00000000000045,100000,2.18
MSBO,21,10,7,10217,100.00001784924098,100001,0.885
GA,21,10,7,10217,209.39376619318728,100000,2.26
PSO,21,10,7,10217,207.48108381678412,100000,0.098
DE,21,10,7,10217,210.0008076283193,100000,1.317
ABC,21,10,7,10217,110.34535099002233,100002,4.936
GWO,21,10,7,10217,228.44742351404648,100000,0.17
CMAES,21,10,7,10217,210.92849432643015,3331,0.242
LSHADE,21,10,7,10217,127.41830166583895,100000,2.31
MSBO,21,10,8,10218,100.00001018594139,100001,1.02
GA,21,10,8,10218,228.1034125242004,100000,2.866
PSO,21,10,8,10218,244.3976483615288,100000,0.121
DE,21,10,8,10218,100.0,100000,1.548
ABC,21,10,8,10218,112.31417537468496,100000,5.481
GWO,21,10,8,10218,231.15679622889138,100000,0.201
CMAES,21,10,8,10218,213.07573232318373,3391,0.293
LSHADE,21,10,8,10218,103.06978859918081,100000,2.379
MSBO,21,10,9,10219,100.00001195422783,100002,1.006
GA,21,10,9,10219,224.36698683427676,100000,2.89
PSO,21,10,9,10219,226.47827153167873,100000,0.117
DE,21,10,9,10219,206.06681799843182,100000,1.546
ABC,21,10,9,10219,109.33035974723543,100001,5.558
GWO,21,10,9,10219,226.71914569859837,100000,0.199
CMAES,21,10,9,10219,214.35998902632537,3051,0.251
LSHADE,21,10,9,10219,202.75780942544725,100000,2.39
MSBO,21,10,10,10220,100.00001858570795,100000,1.009
GA,21,10,10,10220,228.46934718705006,100000,2.88
PSO,21,10,10,10220,220.85194695869632,100000,0.122
DE,21,10,10,10220,207.64028756212292,100000,1.557
ABC,21,10,10,10220,108.94997007711481,100000,4.99
GWO,21,10,10,10220,238.01007883662714,100000,0.15
CMAES,21,10,10,10220,216.1540068193235,4501,0.298
LSHADE,21,10,10,10220,102.19555793550899,100000,1.885
MSBO,21,10,11,10221,100.00001672282815,100000,0.783
GA,21,10,11,10221,228.61847220617983,100000,2.146
PSO,21,10,11,10221,226.37727853220895,100000,0.094
DE,21,10,11,10221,214.67246025127588,100000,1.248
ABC,21,10,11,10221,110.30068716449978,100001,4.787
GWO,21,10,11,10221,226.452187257873,100000,0.199
CMAES,21,10,11,10221,210.5614910024192,4161,0.348
LSHADE,21,10,11,10221,205.9025221001425,100000,2.12
MSBO,21,10,12,10222,100.00001466473805,100001,0.949
GA,21,10,12,10222,224.92790538391364,100000,2.403
PSO,21,10,12,10222,223.42109792989186,100000,0.12
DE,21,10,12,10222,206.06679215824352,100000,1.612
ABC,21,10,12,10222,113.43776243357252,100002,4.857
GWO,21,10,12,10222,227.24159362846513,100000,0.193
CMAES,21,10,12,10222,213.2500783198866,3361,0.284
LSHADE,21,10,12,10222,104.96931226451625,100000,2.392
MSBO,21,10,13,10223,100.00001472181793,100002,1.022
GA,21,10,13,10223,100.00145038423898,100000,2.287
PSO,21,10,13,10223,100.00000000000045,100000,0.096
DE,21,10,13,10223,100.0,100000,1.326
ABC,21,10,13,10223,105.88175174615526,100002,5.194
GWO,21,10,13,10223,224.35895748241592,100000,0.194
CMAES,21,10,13,10223,217.67876159560456,3331,0.246
LSHADE,21,10,13,10223,100.0000004307808,100000,2.427
MSBO,21,10,14,10224,100.00001023851155,100003,1.027
GA,21,10,14,10224,231.65359078812025,100000,2.529
PSO,21,10,14,10224,216.8258799435307,100000,0.098
DE,21,10,14,10224,210.72159515366502,100000,1.267
ABC,21,10,14,10224,110.58800655130972,100002,4.947
GWO,21,10,14,10224,236.76897341154927,100000,0.167
CMAES,21,10,14,10224,204.5874138739896,3991,0.249
LSHADE,21,10,14,10224,104.98294395455787,100000,2.228
MSBO,23,10,0,10230,308.9379983221115,100002,0.983
GA,23,10,0,10230,317.08495842639877,100000,3.003
PSO,23,10,0,10230,320.9484887251383,100000,0.166
DE,23,10,0,10230,306.9027360088371,100000,1.621
ABC,23,10,0,10230,319.92185000762447,100002,5.328
GWO,23,10,0,10230,344.7143668360036,100000,0.262
CMAES,23,10,0,10230,314.68933492429187,4001,0.316
LSHADE,23,10,0,10230,306.26155370148444,100000,2.463
MSBO,23,10,1,10231,307.6164146399092,100000,0.795
GA,23,10,1,10231,342.9459750581045,100000,2.268
PSO,23,10,1,10231,320.963674691041,100000,0.14
DE,23,10,1,10231,305.9231638442834,100000,1.305
ABC,23,10,1,10231,314.6370258661559,100003,4.31
GWO,23,10,1,10231,330.4446243761272,100000,0.217
CMAES,23,10,1,10231,315.13162903448347,3051,0.197
LSHADE,23,10,1,10231,306.3110043866709,100000,2.148
MSBO,23,10,2,10232,304.28661105411265,100002,0.96
GA,23,10,2,10232,330.15296817290255,100000,2.968
PSO,23,10,2,10232,341.0951537166261,100000,0.162
DE,23,10,2,10232,306.37886062522875,100000,1.599
ABC,23,10,2,10232,319.13574673478024,100002,5.548
GWO,23,10,2,10232,323.4034900289912,100000,0.29
CMAES,23,10,2,10232,312.77922388949446,3451,0.306
LSHADE,23,10,2,10232,307.14924939104185,100000,2.462
MSBO,23,10,3,10233,306.735606263569,100000,0.955
GA,23,10,3,10233,318.2771762974012,100000,2.967
PSO,23,10,3,10233,320.7974036367541,100000,0.16
DE,23,10,3,10233,307.35476233552254,100000,1.604
ABC,23,10,3,10233,311.84302915476655,100000,5.62
GWO,23,10,3,10233,334.9025710376777,100000,0.292
CMAES,23,10,3,10233,318.7106072850256,5081,0.436
LSHADE,23,10,3,10233,306.3426745389961,100000,2.506
MSBO,23,10,4,10234,307.0229207827779,100003,0.986
GA,23,10,4,10234,313.79071474536477,100000,2.734
PSO,23,10,4,10234,312.1737650954228,100000,0.169
DE,23,10,4,10234,306.8990974633334,100000,1.598
ABC,23,10,4,10234,315.79262160086773,100003,5.288
GWO,23,10,4,10234,327.97185669827104,100000,0.293
CMAES,23,10,4,10234,311.17907251477527,6991,0.6
LSHADE,23,10,4,10234,304.79784552619094,100000,2.448
MSBO,23,10,5,10235,303.08143139589265,100000,0.934
GA,23,10,5,10235,331.47211434589235,100000,2.99
PSO,23,10,5,10235,339.63491806469665,100000,0.166
DE,23,10,5,10235,307.9494666798414,100000,1.599
ABC,23,10,5,10235,312.63354230406185,100001,5.116
GWO,23,10,5,10235,325.56584589409886,100000,0.276
CMAES,23,10,5,10235,322.8394050232114,3641,0.236
LSHADE,23,10,5,10235,306.23925726784455,100000,2.368
MSBO,23,10,6,10236,304.3208811075274,100001,0.785
GA,23,10,6,10236,319.2507821640347,100000,2.9
PSO,23,10,6,10236,348.0944021467403,100000,0.165
DE,23,10,6,10236,304.86730484582495,100000,1.598
ABC,23,10,6,10236,311.1981522191795,100000,5.277
GWO,23,10,6,10236,338.72024484715666,100000,0.217
CMAES,23,10,6,10236,318.8533525020248,4311,0.316
LSHADE,23,10,6,10236,304.1136378661131,100000,2.368
MSBO,23,10,7,10237,307.21452726338794,100001,0.963
GA,23,10,7,10237,327.7536328564843,100000,2.686
PSO,23,10,7,10237,331.53130469906864,100000,0.145
DE,23,10,7,10237,308.63523421951004,100000,1.504
ABC,23,10,7,10237,319.2231389884537,100001,5.543
GWO,23,10,7,10237,339.09203231062156,100000,0.265
CMAES,23,10,7,10237,329.3327092710806,6701,0.485
LSHADE,23,10,7,10237,306.95389566001677,100000,2.068
MSBO,23,10,8,10238,303.1196625957991,100002,0.72
GA,23,10,8,10238,328.57356421822715,100000,2.496
PSO,23,10,8,10238,331.52523763333784,100000,0.134
DE,23,10,8,10238,304.6089618485521,100000,1.333
ABC,23,10,8,10238,317.26864348659046,100003,4.826
GWO,23,10,8,10238,333.9953793533605,100000,0.248
CMAES,23,10,8,10238,315.4604819457363,4141,0.307
LSHADE,23,10,8,10238,304.70530112348115,100000,2.046
MSBO,23,10,9,10239,307.4522911941008,100000,0.802
GA,23,10,9,10239,401.85926288985866,100000,2.372
PSO,23,10,9,10239,322.6086822101511,100000,0.146
DE,23,10,9,10239,306.9914329605908,100000,1.371
ABC,23,10,9,10239,309.1597804457465,100002,4.705
GWO,23,10,9,10239,333.3397402414939,100000,0.236
CMAES,23,10,9,10239,321.7469802450414,3341,0.212
LSHADE,23,10,9,10239,305.7896984448198,100000,2.146
MSBO,23,10,10,10240,306.7303783108273,100000,0.835
GA,23,10,10,10240,345.8501636516594,100000,2.733
PSO,23,10,10,10240,320.4666385317382,100000,0.139
DE,23,10,10,10240,314.629184024147,100000,1.42
ABC,23,10,10,10240,313.7178543591458,100000,4.948
GWO,23,10,10,10240,336.88655153352056,100000,0.283
CMAES,23,10,10,10240,308.2019539146654,4181,0.302
LSHADE,23,10,10,10240,305.4007047224436,100000,2.47
MSBO,23,10,11,10241,304.7739647633721,100002,0.949
GA,23,10,11,10241,307.0381070360336,100000,2.975
PSO,23,10,11,10241,313.5089384597345,100000,0.164
DE,23,10,11,10241,309.2595447605536,100000,1.575
ABC,23,10,11,10241,311.5644493126556,100001,5.579
GWO,23,10,11,10241,335.6238008674459,100000,0.291
CMAES,23,10,11,10241,327.6055607922808,3331,0.284
LSHADE,23,10,11,10241,305.6765236529541,100000,2.475
MSBO,23,10,12,10242,307.96612365626106,100001,0.967
GA,23,10,12,10242,319.63053497948977,100000,2.945
PSO,23,10,12,10242,327.5041806008603,100000,0.161
DE,23,10,12,10242,307.33714301536884,100000,1.666
ABC,23,10,12,10242,318.0082527817872,100001,5.425
GWO,23,10,12,10242,338.4532620502032,100000,0.215
CMAES,23,10,12,10242,321.4728874954253,4161,0.272
LSHADE,23,10,12,10242,306.5007689213653,100000,1.913
MSBO,23,10,13,10243,304.608973352425,100001,0.734
GA,23,10,13,10243,321.5875346661269,100000,2.553
PSO,23,10,13,10243,334.93517967461,100000,0.165
DE,23,10,13,10243,306.8990974633334,100000,1.603
ABC,23,10,13,10243,133.7211617430171,100003,5.616
GWO,23,10,13,10243,327.275301433609,100000,0.293
CMAES,23,10,13,10243,310.28253109269053,3931,0.348
LSHADE,23,10,13,10243,305.8236421094807,100000,2.505
MSBO,23,10,14,10244,303.0067480865082,100003,0.985
GA,23,10,14,10244,328.4784750771514,100000,3.032
PSO,23,10,14,10244,325.785402494927,100000,0.166
DE,23,10,14,10244,306.16869378326874,100000,1.649
ABC,23,10,14,10244,318.2921954182857,100003,5.252
GWO,23,10,14,10244,335.0789427314803,100000,0.284
CMAES,23,10,14,10244,314.45986400599986,4131,0.37
LSHADE,23,10,14,10244,305.99032276063963,100000,2.417
MSBO,27,10,0,10270,387.3235650842971,100000,0.783
GA,27,10,0,10270,393.0895326223126,100000,2.266
PSO,27,10,0,10270,406.81562738462253,100000,0.154
DE,27,10,0,10270,389.7056798284448,100000,1.287
ABC,27,10,0,10270,391.08161106817806,100006,4.587
GWO,27,10,0,10270,395.36034091789634,100000,0.283
CMAES,27,10,0,10270,398.5658757357205,4511,0.365
LSHADE,27,10,0,10270,389.00552651867747,100000,2.425
MSBO,27,10,1,10271,394.3631562978194,100000,1.036
GA,27,10,1,10271,402.77680743619885,100000,3.076
PSO,27,10,1,10271,412.5591501475892,100000,0.197
DE,27,10,1,10271,389.5179902401351,100000,1.679
ABC,27,10,1,10271,394.82724662739656,100006,5.691
GWO,27,10,1,10271,395.7930930611292,100000,0.316
CMAES,27,10,1,10271,397.2474965833703,3431,0.301
LSHADE,27,10,1,10271,389.5179902401351,100000,2.211
MSBO,27,10,2,10272,389.51799297804064,100000,0.998
GA,27,10,2,10272,427.59383092475764,100000,2.997
PSO,27,10,2,10272,400.7693395273718,100000,0.203
DE,27,10,2,10272,389.5179902401351,100000,1.678
ABC,27,10,2,10272,395.8211428597119,100006,5.702
GWO,27,10,2,10272,395.3600090444738,100000,0.272
CMAES,27,10,2,10272,397.2474965833703,3301,0.226
LSHADE,27,10,2,10272,389.0055265186779,100000,2.308
MSBO,27,10,3,10273,387.32356509204556,100001,0.94
GA,27,10,3,10273,394.4247567130815,100000,2.462
PSO,27,10,3,10273,412.5591501475892,100000,0.153
DE,27,10,3,10273,389.30807675644655,100000,1.288
ABC,27,10,3,10273,391.6023900936452,100004,5.12
GWO,27,10,3,10273,395.55310884841083,100000,0.312
CMAES,27,10,3,10273,397.11499596326166,3101,0.226
LSHADE,27,10,3,10273,389.5179902401351,100000,2.139
MSBO,27,10,4,10274,393.8187646875904,100000,0.782
GA,27,10,4,10274,414.83326203942806,100000,2.341
PSO,27,10,4,10274,395.0277233427382,100000,0.153
DE,27,10,4,10274,389.95493776806325,100000,1.318
ABC,27,10,4,10274,395.6113491671658,100005,4.633
GWO,27,10,4,10274,396.42469214733774,100000,0.336
CMAES,27,10,4,10274,395.9847666871897,3351,0.28
LSHADE,27,10,4,10274,389.30807675644655,100000,2.45
MSBO,27,10,5,10275,389.5179910772481,100000,1.017
GA,27,10,5,10275,395.4664795234794,100000,3.031
PSO,27,10,5,10275,395.63922700023704,100000,0.198
DE,27,10,5,10275,389.6368405310286,100000,1.65
ABC,27,10,5,10275,390.53939319747224,100003,5.57
GWO,27,10,5,10275,396.22918295442787,100000,0.332
CMAES,27,10,5,10275,395.4620695181393,3231,0.273
LSHADE,27,10,5,10275,389.0055265186779,100000,2.458
MSBO,27,10,6,10276,390.75189981094036,100002,0.957
GA,27,10,6,10276,403.6025473222976,100000,2.67
PSO,27,10,6,10276,408.873627955501,100000,0.182
DE,27,10,6,10276,389.5179902401351,100000,1.595
ABC,27,10,6,10276,394.11898747642,100008,5.204
GWO,27,10,6,10276,396.8032768755429,100000,0.346
CMAES,27,10,6,10276,395.53515192489385,2891,0.289
LSHADE,27,10,6,10276,389.0055265186779,100000,2.53
MSBO,27,10,7,10277,395.98476668847934,100000,0.899
GA,27,10,7,10277,509.3066289894632,100000,2.79
PSO,27,10,7,10277,417.81966582861514,100000,0.154
DE,27,10,7,10277,389.30807675644655,100000,1.282
ABC,27,10,7,10277,394.81255321169647,100004,5.087
GWO,27,10,7,10277,450.8417721440783,100000,0.34
CMAES,27,10,7,10277,390.7518986516234,3311,0.304
LSHADE,27,10,7,10277,389.5179902401351,100000,2.436
MSBO,27,10,8,10278,390.28367590060543,100001,1.033
GA,27,10,8,10278,419.7780101913677,100000,3.069
PSO,27,10,8,10278,407.68768659199486,100000,0.204
DE,27,10,8,10278,389.5179902401351,100000,1.498
ABC,27,10,8,10278,397.37620220354756,100006,5.259
GWO,27,10,8,10278,396.80077970577895,100000,0.331
CMAES,27,10,8,10278,403.16137967659006,3721,0.331
LSHADE,27,10,8,10278,389.5179902401351,100000,2.31
MSBO,27,10,9,10279,390.5995332955172,100001,1.028
GA,27,10,9,10279,394.0698095354328,100000,3.169
PSO,27,10,9,10279,395.0277233427382,100000,0.177
DE,27,10,9,10279,389.5179902401351,100000,1.653
ABC,27,10,9,10279,394.6877888838362,100006,5.833
GWO,27,10,9,10279,395.89944088756374,100000,0.338
CMAES,27,10,9,10279,398.5356394098203,2981,0.283
LSHADE,27,10,9,10279,389.5179902401351,100000,2.467
MSBO,27,10,10,10280,390.599533399115,100002,1.015
GA,27,10,10,10280,397.1290490934498,100000,3.079
PSO,27,10,10,10280,408.43776896129475,100000,0.2
DE,27,10,10,10280,389.5179902401351,100000,1.621
ABC,27,10,10,10280,396.79265807547654,100002,5.647
GWO,27,10,10,10280,395.3598353269267,100000,0.275
CMAES,27,10,10,10280,400.58202920996064,8351,0.675
LSHADE,27,10,10,10280,389.5179902401351,100000,2.164
MSBO,27,10,11,10281,389.5179909076792,100002,0.902
GA,27,10,11,10281,411.29242464389654,100000,2.662
PSO,27,10,11,10281,437.87543668051376,100000,0.179
DE,27,10,11,10281,389.30807675644655,100000,1.467
ABC,27,10,11,10281,59.57190420038887,100005,4.962
GWO,27,10,11,10281,395.3600603257951,100000,0.301
CMAES,27,10,11,10281,397.46157939850764,3191,0.228
LSHADE,27,10,11,10281,389.00552651867747,100000,2.04
MSBO,27,10,12,10282,389.95493835773095,100002,0.919
GA,27,10,12,10282,409.98030026103015,100000,2.575
PSO,27,10,12,10282,400.56590177715316,100000,0.179
DE,27,10,12,10282,389.6368405310286,100000,1.406
ABC,27,10,12,10282,399.03914335057925,100007,5.188
GWO,27,10,12,10282,395.35983710709706,100000,0.313
CMAES,27,10,12,10282,397.4283998906699,10201,0.85
LSHADE,27,10,12,10282,389.5179902401351,100000,2.242
MSBO,27,10,13,10283,393.81876468518703,100002,0.998
GA,27,10,13,10283,394.23689285147384,100000,3.075
PSO,27,10,13,10283,417.81966582861514,100000,0.205
DE,27,10,13,10283,389.5179902401351,100000,1.608
ABC,27,10,13,10283,395.5571474486733,100003,5.766
GWO,27,10,13,10283,395.3611983996889,100000,0.332
CMAES,27,10,13,10283,395.9847666871897,2991,0.283
LSHADE,27,10,13,10283,389.5179902401351,100000,2.483
MSBO,27,10,14,10284,387.32356508459225,100001,1.035
GA,27,10,14,10284,423.31732962023125,100000,2.988
PSO,27,10,14,10284,452.7697105761863,100000,0.201
DE,27,10,14,10284,389.95493776806325,100000,1.656
ABC,27,10,14,10284,396.819737722778,100004,5.603
GWO,27,10,14,10284,395.723604468988,100000,0.294
CMAES,27,10,14,10284,389.308076756447,3381,0.275
LSHADE,27,10,14,10284,389.5179902401351,100000,2.163
MSBO,29,10,0,10290,235.48106131718077,100002,1.016
GA,29,10,0,10290,407.95805596693845,100000,3.049
PSO,29,10,0,10290,239.72159405191042,100000,0.21
DE,29,10,0,10290,228.41113610883667,100000,1.479
ABC,29,10,0,10290,242.63313925494685,100008,4.997
GWO,29,10,0,10290,297.92467924226685,100000,0.258
CMAES,29,10,0,10290,425.96638653495665,11701,0.911
LSHADE,29,10,0,10290,241.18298084072967,100000,2.235
MSBO,29,10,1,10291,237.53925692964458,100003,0.921
GA,29,10,1,10291,333.53777574596825,100000,2.81
PSO,29,10,1,10291,303.4578361117092,100000,0.207
DE,29,10,1,10291,233.9718457037916,100000,1.648
ABC,29,10,1,10291,265.3048908280589,100008,5.588
GWO,29,10,1,10291,284.9780275476719,100000,0.262
CMAES,29,10,1,10291,259.15992339207014,8151,0.593
LSHADE,29,10,1,10291,231.73416011196014,100000,2.267
MSBO,29,10,2,10292,233.9538700074172,100002,0.797
GA,29,10,2,10292,347.2709741020026,100000,2.243
PSO,29,10,2,10292,426.2204391928981,100000,0.161
DE,29,10,2,10292,233.59014493493078,100000,1.381
ABC,29,10,2,10292,248.7989556609923,100007,4.767
GWO,29,10,2,10292,286.8089166541795,100000,0.268
CMAES,29,10,2,10292,293.8068157808716,9451,0.824
LSHADE,29,10,2,10292,232.9105139426697,100000,2.196
MSBO,29,10,3,10293,241.27978128600444,100003,0.849
GA,29,10,3,10293,330.9928679736804,100000,2.549
PSO,29,10,3,10293,356.3461801222602,100000,0.189
DE,29,10,3,10293,226.2294879711776,100000,1.54
ABC,29,10,3,10293,250.41539965542142,100004,5.069
GWO,29,10,3,10293,296.7413483822638,100000,0.302
CMAES,29,10,3,10293,240.88733526301985,8501,0.57
LSHADE,29,10,3,10293,236.8845217112912,100000,2.152
MSBO,29,10,4,10294,234.20838605565223,100002,0.922
GA,29,10,4,10294,392.0275830440396,100000,2.988
PSO,29,10,4,10294,474.21413058408007,100000,0.204
DE,29,10,4,10294,232.6550489396459,100000,1.646
ABC,29,10,4,10294,247.0701982829264,100006,5.202
GWO,29,10,4,10294,316.05234823955516,100000,0.302
CMAES,29,10,4,10294,307.32307016897266,10851,0.843
LSHADE,29,10,4,10294,246.07601106691754,100000,2.18
MSBO,29,10,5,10295,239.63446529135263,100003,1.027
GA,29,10,5,10295,340.06474977845437,100000,3.016
PSO,29,10,5,10295,359.17065844102444,100000,0.211
DE,29,10,5,10295,230.09046162490904,100000,1.414
ABC,29,10,5,10295,170.6672270089366,100008,5.622
GWO,29,10,5,10295,300.32690438591317,100000,0.327
CMAES,29,10,5,10295,323.5844446945057,8751,0.783
LSHADE,29,10,5,10295,233.1475690348393,100000,2.54
MSBO,29,10,6,10296,240.06074577092068,100001,1.047
GA,29,10,6,10296,296.62466966300417,100000,3.098
PSO,29,10,6,10296,348.73252275588084,100000,0.214
DE,29,10,6,10296,229.7106892688298,100000,1.649
ABC,29,10,6,10296,264.947753998973,100008,5.121
GWO,29,10,6,10296,290.45146029133866,100000,0.304
CMAES,29,10,6,10296,247.1036958709774,9801,0.89
LSHADE,29,10,6,10296,238.17236566222618,100000,2.339
MSBO,29,10,7,10297,237.40849773841637,100002,1.044
GA,29,10,7,10297,351.229997514105,100000,3.025
PSO,29,10,7,10297,294.9780640423942,100000,0.206
DE,29,10,7,10297,231.56948899820736,100000,1.642
ABC,29,10,7,10297,262.43526479977936,100003,5.683
GWO,29,10,7,10297,289.5479897014184,100000,0.305
CMAES,29,10,7,10297,355.77752487940097,9951,0.893
LSHADE,29,10,7,10297,232.47475219686658,100000,2.451
MSBO,29,10,8,10298,233.21410725694068,100003,1.019
GA,29,10,8,10298,277.41159831901314,100000,3.003
PSO,29,10,8,10298,307.93478675416964,100000,0.207
DE,29,10,8,10298,228.35543506013482,100000,1.635
ABC,29,10,8,10298,260.86629047919587,100003,5.178
GWO,29,10,8,10298,291.2395760347522,100000,0.234
CMAES,29,10,8,10298,328.5528549116543,12481,0.877
LSHADE,29,10,8,10298,239.93771962519213,100000,2.167
MSBO,29,10,9,10299,239.3759715811616,100002,0.883
GA,29,10,9,10299,303.4475184147527,100000,2.626
PSO,29,10,9,10299,267.79724109242716,100000,0.185
DE,29,10,9,10299,229.64623203574183,100000,1.373
ABC,29,10,9,10299,218.96524769364987,100009,5.308
GWO,29,10,9,10299,354.714754139286,100000,0.253
CMAES,29,10,9,10299,238.49474718965757,17001,1.348
LSHADE,29,10,9,10299,236.26525496384784,100000,2.233
MSBO,29,10,10,10300,239.67733379840183,100000,0.855
GA,29,10,10,10300,371.861740053896,100000,2.51
PSO,29,10,10,10300,290.84089616254823,100000,0.19
DE,29,10,10,10300,233.4604996485582,100000,1.47
ABC,29,10,10,10300,271.52381874751745,100003,5.45
GWO,29,10,10,10300,295.8720595716868,100000,0.238
CMAES,29,10,10,10300,268.0276823606673,16891,1.582
LSHADE,29,10,10,10300,245.50975476898338,100000,2.545
MSBO,29,10,11,10301,238.50217930747885,100003,0.82
GA,29,10,11,10301,258.0148128300716,100000,2.876
PSO,29,10,11,10301,248.42442634442068,100000,0.204
DE,29,10,11,10301,235.45705059115198,100000,1.635
ABC,29,10,11,10301,275.637124559712,100006,5.69
GWO,29,10,11,10301,298.3852511355385,100000,0.299
CMAES,29,10,11,10301,444.8289937899917,8351,0.783
LSHADE,29,10,11,10301,235.59489239054983,100000,2.483
MSBO,29,10,12,10302,238.73164499916993,100000,1.01
GA,29,10,12,10302,409.18878722633235,100000,2.991
PSO,29,10,12,10302,364.13881026764284,100000,0.211
DE,29,10,12,10302,235.69130823776686,100000,1.663
ABC,29,10,12,10302,264.2956927611003,100002,5.092
GWO,29,10,12,10302,317.5654370920124,100000,0.302
CMAES,29,10,12,10302,298.42626043400287,8701,0.756
LSHADE,29,10,12,10302,237.61354179585032,100000,2.248
MSBO,29,10,13,10303,234.86501185590578,100003,0.922
GA,29,10,13,10303,424.75276719317844,100000,2.751
PSO,29,10,13,10303,346.29082939114187,100000,0.171
DE,29,10,13,10303,234.90814886395628,100000,1.452
ABC,29,10,13,10303,274.2797038042272,100009,5.544
GWO,29,10,13,10303,291.2587272572996,100000,0.3
CMAES,29,10,13,10303,336.2596558422547,8401,0.812
LSHADE,29,10,13,10303,247.3444294580413,100000,2.506
MSBO,29,10,14,10304,231.79324881689172,100000,1.008
GA,29,10,14,10304,272.53331421853954,100000,3.008
PSO,29,10,14,10304,399.7490363242123,100000,0.209
DE,29,10,14,10304,230.304892187929,100000,1.61
ABC,29,10,14,10304,270.18515805159495,100006,5.463
GWO,29,10,14,10304,315.9575786370783,100000,0.299
CMAES,29,10,14,10304,359.3227902027893,45451,4.557
LSHADE,29,10,14,10304,231.20684208086186,100000,2.388
MSBO,1,30,0,30010,2820.157212175382,300000,2.297
GA,1,30,0,30010,2473.8618992713955,300000,8.11
PSO,1,30,0,30010,19139.71797302171,300000,0.518
DE,1,30,0,30010,386.79791077724315,300000,4.207
ABC,1,30,0,30010,45.96935260024594,300001,15.382
GWO,1,30,0,30010,8175688232.237812,300000,0.808
CMAES,1,30,0,30010,4.263256414560601e-14,15975,1.117
LSHADE,1,30,0,30010,0.0,300001,6.423
MSBO,1,30,1,30011,1038.4220040100327,300003,2.422
GA,1,30,1,30011,409.317549851428,300000,8.688
PSO,1,30,1,30011,1027477284.0725118,300000,0.495
DE,1,30,1,30011,722.2473530509754,300000,4.183
ABC,1,30,1,30011,26.021812528483963,300000,14.517
GWO,1,30,1,30011,6245777871.786732,300000,0.693
CMAES,1,30,1,30011,2.842170943040401e-14,16269,1.104
LSHADE,1,30,1,30011,0.0,300001,6.591
MSBO,1,30,2,30012,168.8143220222007,300001,2.331
GA,1,30,2,30012,18525.976994743934,300000,7.885
PSO,1,30,2,30012,2157089.901295831,300000,0.508
DE,1,30,2,30012,595.3085079397368,300000,4.745
ABC,1,30,2,30012,996.5387728448709,300000,16.481
GWO,1,30,2,30012,5594706347.582996,300000,0.764
CMAES,1,30,2,30012,2.842170943040401e-14,16269,1.116
LSHADE,1,30,2,30012,0.0,300001,6.123
MSBO,1,30,3,30013,376.49384393861976,300000,2.445
GA,1,30,3,30013,1802.2866561785459,300000,9.018
PSO,1,30,3,30013,411997.2475323256,300000,0.58
DE,1,30,3,30013,1261.6164877251554,300000,4.671
ABC,1,30,3,30013,142.36758421192928,300000,16.269
GWO,1,30,3,30013,6533053802.13345,300000,0.865
CMAES,1,30,3,30013,1.4210854715202004e-14,16563,1.381
LSHADE,1,30,3,30013,0.0,300001,6.795
MSBO,1,30,4,30014,1652.805181699786,300001,2.373
GA,1,30,4,30014,16293.975644495367,300000,8.383
PSO,1,30,4,30014,41258.87955257627,300000,0.557
DE,1,30,4,30014,0.0,300000,4.434
ABC,1,30,4,30014,86.03640751671426,300001,16.277
GWO,1,30,4,30014,6327421811.40153,300000,0.885
CMAES,1,30,4,30014,1.4210854715202004e-14,16983,1.42
LSHADE,1,30,4,30014,0.0,300001,6.878
MSBO,1,30,5,30015,216.89157256818612,300002,2.413
GA,1,30,5,30015,21358.032179494323,300000,8.717
PSO,1,30,5,30015,7205648.298743774,300000,0.578
DE,1,30,5,30015,1516.9411236095873,300000,4.787
ABC,1,30,5,30015,10.934533487682657,300000,16.491
GWO,1,30,5,30015,6753450441.599197,300000,0.862
CMAES,1,30,5,30015,2.842170943040401e-14,16549,1.376
LSHADE,1,30,5,30015,0.0,300001,6.98
MSBO,1,30,6,30016,3800.2805924161735,300001,2.384
GA,1,30,6,30016,10537.198296041965,300000,7.405
PSO,1,30,6,30016,595360.4211194986,300000,0.571
DE,1,30,6,30016,2798.7922240186936,300000,4.599
ABC,1,30,6,30016,63.24642830202879,300000,15.896
GWO,1,30,6,30016,6228198168.964532,300000,0.803
CMAES,1,30,6,30016,2.842170943040401e-14,16731,1.32
LSHADE,1,30,6,30016,1.4210854715202004e-14,300001,6.129
MSBO,1,30,7,30017,656.7264797813252,300001,2.047
GA,1,30,7,30017,1653.1435512119601,300000,7.935
PSO,1,30,7,30017,259870.47387048748,300000,0.464
DE,1,30,7,30017,10588.429911991356,300000,4.614
ABC,1,30,7,30017,14.396864519348938,300000,14.422
GWO,1,30,7,30017,6451743585.276354,300000,0.648
CMAES,1,30,7,30017,1.4210854715202004e-14,16367,1.047
LSHADE,1,30,7,30017,1.4210854715202004e-14,300001,6.162
MSBO,1,30,8,30018,65.60559469219291,300002,2.411
GA,1,30,8,30018,945.4963649444621,300000,8.904
PSO,1,30,8,30018,7549257954.17747,300000,0.512
DE,1,30,8,30018,2.6745976372437923,300000,3.716
ABC,1,30,8,30018,785.335386570218,300000,13.167
GWO,1,30,8,30018,6191687665.616665,300000,0.654
CMAES,1,30,8,30018,4.263256414560601e-14,16297,1.09
LSHADE,1,30,8,30018,0.0,300001,5.458
MSBO,1,30,9,30019,109.83507512315802,300002,2.034
GA,1,30,9,30019,5507.090376629583,300000,6.773
PSO,1,30,9,30019,702386.6046662598,300000,0.447
DE,1,30,9,30019,2036.8864226965288,300000,4.535
ABC,1,30,9,30019,158.1922862975341,300000,16.659
GWO,1,30,9,30019,5748025580.478169,300000,0.893
CMAES,1,30,9,30019,2.842170943040401e-14,17165,1.418
LSHADE,1,30,9,30019,0.0,300001,6.872
MSBO,3,30,0,30030,4629.37593227389,300001,2.674
GA,3,30,0,30030,150.3792423812074,300000,7.741
PSO,3,30,0,30030,2648.4655911079944,300000,0.429
DE,3,30,0,30030,1.4702720818604575e-08,300000,3.719
ABC,3,30,0,30030,107578.93820443642,300000,14.939
GWO,3,30,0,30030,88710.41205045409,300000,0.895
CMAES,3,30,0,30030,5.684341886080802e-14,17725,1.505
LSHADE,3,30,0,30030,5.684341886080802e-14,300001,6.997
MSBO,3,30,1,30031,7653.892588425624,300001,2.529
GA,3,30,1,30031,60.12012299640412,300000,8.055
PSO,3,30,1,30031,12646.748958947777,300000,0.535
DE,3,30,1,30031,2.762271833489649e-08,300000,4.366
ABC,3,30,1,30031,114200.88782656768,300000,12.994
GWO,3,30,1,30031,79213.01234082069,300000,0.66
CMAES,3,30,1,30031,5.684341886080802e-14,19559,1.281
LSHADE,3,30,1,30031,0.0,300001,5.617
MSBO,3,30,2,30032,7134.64523011515,300001,2.121
GA,3,30,2,30032,1490.5654125042402,300000,7.543
PSO,3,30,2,30032,1030.9066148554446,300000,0.562
DE,3,30,2,30032,2.334559212613385e-10,300000,4.803
ABC,3,30,2,30032,95960.51575939254,300000,15.876
GWO,3,30,2,30032,79679.59433512777,300000,0.762
CMAES,3,30,2,30032,5.684341886080802e-14,24179,1.896
LSHADE,3,30,2,30032,5.115907697472721e-13,300001,7.003
MSBO,3,30,3,30033,5870.141431076923,300001,2.677
GA,3,30,3,30033,197.4373726677385,300000,7.568
PSO,3,30,3,30033,5811.052324083123,300000,0.429
DE,3,30,3,30033,1.4752856714039808e-08,300000,4.085
ABC,3,30,3,30033,124342.75816649372,300000,15.036
GWO,3,30,3,30033,82398.52274193772,300000,0.811
CMAES,3,30,3,30033,5.684341886080802e-14,29247,2.247
LSHADE,3,30,3,30033,5.684341886080801e-13,300001,5.884
MSBO,3,30,4,30034,14502.66275148506,300001,2.194
GA,3,30,4,30034,182.71352703622603,300000,7.822
PSO,3,30,4,30034,2175.85937680329,300000,0.509
DE,3,30,4,30034,8.489658853250148e-06,300000,4.304
ABC,3,30,4,30034,101641.63376242552,300000,14.984
GWO,3,30,4,30034,78029.41645434419,300000,0.894
CMAES,3,30,4,30034,5.684341886080802e-14,23087,1.921
LSHADE,3,30,4,30034,0.0,300001,6.354
MSBO,3,30,5,30035,7157.3981659532465,300001,2.64
GA,3,30,5,30035,148.85972079803196,300000,8.087
PSO,3,30,5,30035,3591.491744531468,300000,0.567
DE,3,30,5,30035,1.3877036053600023e-07,300000,4.772
ABC,3,30,5,30035,139996.41871468903,300000,16.504
GWO,3,30,5,30035,72021.2129492814,300000,0.895
CMAES,3,30,5,30035,5.684341886080802e-14,16521,1.41
LSHADE,3,30,5,30035,0.0,300001,6.79
MSBO,3,30,6,30036,7518.202723765486,300001,2.1
GA,3,30,6,30036,2495.1337847796926,300000,7.231
PSO,3,30,6,30036,11794.828948417042,300000,0.479
DE,3,30,6,30036,5.888417149435554e-07,300000,4.737
ABC,3,30,6,30036,103673.30998795218,300000,15.146
GWO,3,30,6,30036,81024.24362319037,300000,0.878
CMAES,3,30,6,30036,5.684341886080802e-14,27021,2.017
LSHADE,3,30,6,30036,0.0,300001,6.582
MSBO,3,30,7,30037,6449.476259019857,300001,2.351
GA,3,30,7,30037,279.8574555466355,300000,7.974
PSO,3,30,7,30037,2862.8896457997153,300000,0.491
DE,3,30,7,30037,1.1679861700031324e-07,300000,3.985
ABC,3,30,7,30037,128466.63253928267,300000,14.442
GWO,3,30,7,30037,86565.75301232513,300000,0.817
CMAES,3,30,7,30037,1.1368683772161603e-13,31459,2.729
LSHADE,3,30,7,30037,0.0,300001,6.547
MSBO,3,30,8,30038,6158.208159767515,300001,2.677
GA,3,30,8,30038,162.61936193200847,300000,8.398
PSO,3,30,8,30038,1903.5983765184506,300000,0.553
DE,3,30,8,30038,0.008540181199009567,300000,4.794
ABC,3,30,8,30038,149187.70541910038,300000,16.609
GWO,3,30,8,30038,86107.20358571637,300000,0.891
CMAES,3,30,8,30038,5.684341886080802e-14,25677,2.239
LSHADE,3,30,8,30038,0.0,300001,6.778
MSBO,3,30,9,30039,11569.115042834808,300001,2.334
GA,3,30,9,30039,104.96151573889597,300000,7.904
PSO,3,30,9,30039,7785.142655968774,300000,0.552
DE,3,30,9,30039,0.0005290130742423571,300000,4.577
ABC,3,30,9,30039,131934.36407102726,300000,15.625
GWO,3,30,9,30039,76300.70537283237,300000,0.744
CMAES,3,30,9,30039,5.684341886080802e-14,26503,2.153
LSHADE,3,30,9,30039,0.0006097310499626474,300001,6.356
MSBO,4,30,0,30040,88.35815035159845,300001,2.309
GA,4,30,0,30040,91.42168415363187,300000,8.186
PSO,4,30,0,30040,251.16447797824844,300000,0.514
DE,4,30,0,30040,83.70621900723836,300000,4.165
ABC,4,30,0,30040,13.304199543712627,300000,16.089
GWO,4,30,0,30040,440.93977796227296,300000,0.9
CMAES,4,30,0,30040,58.56155730238521,20637,1.575
LSHADE,4,30,0,30040,58.56155730238521,300001,6.695
MSBO,4,30,1,30041,88.76529982041859,300001,2.653
GA,4,30,1,30041,70.1828960417215,300000,8.443
PSO,4,30,1,30041,365.9400537931265,300000,0.546
DE,4,30,1,30041,83.31461115745441,300000,4.517
ABC,4,30,1,30041,41.8846097339856,300000,14.462
GWO,4,30,1,30041,401.25674078931024,300000,0.832
CMAES,4,30,1,30041,58.56155730238521,18761,1.514
LSHADE,4,30,1,30041,58.561557302385154,300001,6.308
MSBO,4,30,2,30042,89.32462212437656,300001,2.183
GA,4,30,2,30042,109.73333808973564,300000,8.49
PSO,4,30,2,30042,137.69709448859408,300000,0.588
DE,4,30,2,30042,83.45615275643127,300000,4.78
ABC,4,30,2,30042,66.96067855374315,300000,15.734
GWO,4,30,2,30042,389.700692713885,300000,0.711
CMAES,4,30,2,30042,58.56155730238521,18537,1.735
LSHADE,4,30,2,30042,58.561557302385154,300001,6.662
MSBO,4,30,3,30043,87.55574663582831,300001,2.199
GA,4,30,3,30043,87.50367469032841,300000,7.6
PSO,4,30,3,30043,678.5507716260577,300000,0.464
DE,4,30,3,30043,82.89939544713764,300000,3.721
ABC,4,30,3,30043,3.6673387756499665,300000,16.874
GWO,4,30,3,30043,332.6006298616014,300000,0.686
CMAES,4,30,3,30043,64.11739501335506,17067,1.556
LSHADE,4,30,3,30043,58.56155730238521,300001,7.202
MSBO,4,30,4,30044,88.01067365330357,300001,2.284
GA,4,30,4,30044,74.94744749270217,300000,7.261
PSO,4,30,4,30044,703.2697129275066,300000,0.463
DE,4,30,4,30044,75.94666366455294,300000,3.727
ABC,4,30,4,30044,58.77343968517033,300000,13.296
GWO,4,30,4,30044,448.16541095446746,300000,0.914
CMAES,4,30,4,30044,58.56155730238527,19167,1.821
LSHADE,4,30,4,30044,58.561557302385154,300001,6.939
MSBO,4,30,5,30045,88.20521358943108,300001,1.94
GA,4,30,5,30045,87.36290348575153,300000,6.881
PSO,4,30,5,30045,734.7293102459362,300000,0.485
DE,4,30,5,30045,83.34154374499167,300000,4.218
ABC,4,30,5,30045,29.040979696834313,300000,15.524
GWO,4,30,5,30045,401.3418346983466,300000,0.788
CMAES,4,30,5,30045,58.56155730238521,19867,1.785
LSHADE,4,30,5,30045,58.56155730238521,300001,5.85
MSBO,4,30,6,30046,89.2815667416927,300001,1.947
GA,4,30,6,30046,83.39851101180807,300000,6.671
PSO,4,30,6,30046,261.28892154114556,300000,0.46
DE,4,30,6,30046,71.88897291016599,300000,4.422
ABC,4,30,6,30046,3.5162656542888158,300000,14.263
GWO,4,30,6,30046,371.9496020841316,300000,0.739
CMAES,4,30,6,30046,58.56155730238527,20609,1.634
LSHADE,4,30,6,30046,58.56155730238521,300001,6.615
MSBO,4,30,7,30047,88.55159004424087,300001,2.5
GA,4,30,7,30047,69.38706454115481,300000,8.623
PSO,4,30,7,30047,96.44085210751098,300000,0.488
DE,4,30,7,30047,83.3532255169464,300000,4.543
ABC,4,30,7,30047,6.150607833734057,300000,16.494
GWO,4,30,7,30047,401.43870213471587,300000,0.883
CMAES,4,30,7,30047,58.56155730238527,18481,1.734
LSHADE,4,30,7,30047,58.561557302385154,300001,6.832
MSBO,4,30,8,30048,87.91944437898024,300001,2.525
GA,4,30,8,30048,1.7220194250123768,300000,7.963
PSO,4,30,8,30048,257.5457950268951,300000,0.468
DE,4,30,8,30048,4.386721575618367,300000,4.121
ABC,4,30,8,30048,2.03363323449247,300000,12.986
GWO,4,30,8,30048,391.8359680318829,300000,0.65
CMAES,4,30,8,30048,64.11739501335506,18369,1.324
LSHADE,4,30,8,30048,58.561557302385154,300001,5.919
MSBO,4,30,9,30049,87.81511306171342,300001,2.503
GA,4,30,9,30049,90.08861187516544,300000,8.794
PSO,4,30,9,30049,99.98202631227207,300000,0.515
DE,4,30,9,30049,69.28280438940033,300000,4.558
ABC,4,30,9,30049,0.1983543197261497,300000,15.516
GWO,4,30,9,30049,402.2870700764324,300000,0.745
CMAES,4,30,9,30049,58.56155730238521,21463,1.665
LSHADE,4,30,9,30049,58.56155730238521,300001,6.226
MSBO,9,30,0,30090,8.683366559125716e-08,300003,2.443
GA,9,30,0,30090,4097.1251358917525,300000,8.227
PSO,9,30,0,30090,1556.9318984226238,300000,0.584
DE,9,30,0,30090,0.08952825041649248,300000,4.471
ABC,9,30,0,30090,636.8097238484263,300000,16.21
GWO,9,30,0,30090,1809.8535891853771,300000,0.907
CMAES,9,30,0,30090,0.5438522690072887,9157,0.651
LSHADE,9,30,0,30090,0.0,300001,6.893
MSBO,9,30,1,30091,6.062498414394213e-08,300003,2.247
GA,9,30,1,30091,2845.2613568881948,300000,7.222
PSO,9,30,1,30091,2433.8867172581104,300000,0.588
DE,9,30,1,30091,0.9086480371815924,300000,4.914
ABC,9,30,1,30091,956.3593554123522,300000,15.388
GWO,9,30,1,30091,1938.018522016746,300000,0.847
CMAES,9,30,1,30091,0.5438522690074024,9801,0.779
LSHADE,9,30,1,30091,0.0,300001,6.981
MSBO,9,30,2,30092,1.0770577318908181e-07,300003,2.682
GA,9,30,2,30092,3821.2075597109415,300000,8.866
PSO,9,30,2,30092,2554.2360057676115,300000,0.619
DE,9,30,2,30092,0.0,300000,4.589
ABC,9,30,2,30092,921.3740979851541,300000,14.949
GWO,9,30,2,30092,2451.322808602262,300000,1.07
CMAES,9,30,2,30092,1.452500306188881,9843,0.842
LSHADE,9,30,2,30092,0.0,300001,6.378
MSBO,9,30,3,30093,5.852803042216692e-08,300000,2.709
GA,9,30,3,30093,2227.313191914685,300000,8.463
PSO,9,30,3,30093,2570.0671071183574,300000,0.48
DE,9,30,3,30093,0.0,300000,4.316
ABC,9,30,3,30093,174.90084384487454,300000,15.668
GWO,9,30,3,30093,2486.361390429813,300000,1.078
CMAES,9,30,3,30093,0.26858475124947745,9241,0.785
LSHADE,9,30,3,30093,0.0,300001,7.162
MSBO,9,30,4,30094,8.45786871650489e-08,300001,2.709
GA,9,30,4,30094,7576.05312893739,300000,9.167
PSO,9,30,4,30094,1924.208264899018,300000,0.623
DE,9,30,4,30094,0.0,300000,4.383
ABC,9,30,4,30094,742.0328504629356,300000,13.879
GWO,9,30,4,30094,2203.060680416855,300000,1.058
CMAES,9,30,4,30094,4.178402105906116,11341,0.936
LSHADE,9,30,4,30094,0.0,300001,7.137
MSBO,9,30,5,30095,7.74011823523324e-08,300003,2.345
GA,9,30,5,30095,4786.374117122205,300000,6.779
PSO,9,30,5,30095,1456.0451982543527,300000,0.504
DE,9,30,5,30095,3.361763856397488,300000,4.563
ABC,9,30,5,30095,1229.6398699530582,300000,15.993
GWO,9,30,5,30095,2308.7259077069143,300000,1.046
CMAES,9,30,5,30095,1.1368683772161603e-13,9507,0.76
LSHADE,9,30,5,30095,0.0,300001,6.533
MSBO,9,30,6,30096,9.998450423154281e-08,300003,2.213
GA,9,30,6,30096,7073.192911610818,300000,8.237
PSO,9,30,6,30096,2453.5083525300174,300000,0.614
DE,9,30,6,30096,0.0,300000,4.638
ABC,9,30,6,30096,469.25172322188155,300000,14.141
GWO,9,30,6,30096,2184.290786620497,300000,0.955
CMAES,9,30,6,30096,2.2715989370402667,9997,0.791
LSHADE,9,30,6,30096,0.0,300001,6.198
MSBO,9,30,7,30097,5.8531782087811735e-08,300003,2.691
GA,9,30,7,30097,5734.654153572805,300000,8.5
PSO,9,30,7,30097,4644.087462802163,300000,0.519
DE,9,30,7,30097,0.4543240185907962,300000,4.412
ABC,9,30,7,30097,824.3706682784118,300000,15.232
GWO,9,30,7,30097,2181.2811183449758,300000,0.956
CMAES,9,30,7,30097,1.1772327884309561,9227,0.685
LSHADE,9,30,7,30097,0.0,300001,6.198
MSBO,9,30,8,30098,1.0025974006566685e-07,300003,2.443
GA,9,30,8,30098,3827.3460437157446,300000,7.973
PSO,9,30,8,30098,2844.3911130293,300000,0.568
DE,9,30,8,30098,0.0,300000,4.342
ABC,9,30,8,30098,687.5964446818359,300000,15.477
GWO,9,30,8,30098,1966.9186876319773,300000,1.078
CMAES,9,30,8,30098,0.44764125208223504,9773,0.847
LSHADE,9,30,8,30098,0.0,300001,6.903
MSBO,9,30,9,30099,7.591245321236784e-08,300003,2.351
GA,9,30,9,30099,5372.560103263554,300000,10.265
PSO,9,30,9,30099,2990.58663172152,300000,0.666
DE,9,30,9,30099,0.0,300000,5.84
ABC,9,30,9,30099,732.4050080388547,300000,20.561
GWO,9,30,9,30099,1711.8411750661253,300000,1.165
CMAES,9,30,9,30099,2.8154512060475554,10501,3.005
LSHADE,9,30,9,30099,0.0,300001,8.594
MSBO,13,30,0,30130,4250.157995775933,300001,3.54
GA,13,30,0,30130,14726.381398804742,300000,10.076
PSO,13,30,0,30130,152442.51942529625,300000,0.71
DE,13,30,0,30130,75.94784096057651,300000,5.66
ABC,13,30,0,30130,8811.196362633675,300001,20.402
GWO,13,30,0,30130,207918992.47273114,300000,0.942
CMAES,13,30,0,30130,1781.8623021697426,61349,6.011
LSHADE,13,30,0,30130,4.402263293947726,300001,8.493
MSBO,13,30,1,30131,6289.771808699794,300002,3.368
GA,13,30,1,30131,14471.200245023816,300000,9.829
PSO,13,30,1,30131,44579.3701515047,300000,0.687
DE,13,30,1,30131,30.158115355980044,300000,5.686
ABC,13,30,1,30131,10529.097482521325,300001,20.664
GWO,13,30,1,30131,110926627.37887697,300000,0.945
CMAES,13,30,1,30131,2589.812700169515,56225,5.43
LSHADE,13,30,1,30131,16.69995156644427,300001,8.471
MSBO,13,30,2,30132,44458.480304181736,300002,3.237
GA,13,30,2,30132,10845.048752940267,300000,9.75
PSO,13,30,2,30132,14680.900425840855,300000,0.699
DE,13,30,2,30132,34.567073812939725,300000,5.713
ABC,13,30,2,30132,1528.38759848481,300001,20.217
GWO,13,30,2,30132,321836258.724057,300000,0.935
CMAES,13,30,2,30132,1768.5521069283486,61545,5.915
LSHADE,13,30,2,30132,22.334979790954776,300001,8.417
MSBO,13,30,3,30133,27881.85969779138,300002,3.326
GA,13,30,3,30133,983.6668524911684,300000,9.726
PSO,13,30,3,30133,77821.69155618353,300000,0.688
DE,13,30,3,30133,345.2120002226927,300000,5.701
ABC,13,30,3,30133,18377.1793507902,300001,20.256
GWO,13,30,3,30133,291380854.19159347,300000,0.928
CMAES,13,30,3,30133,482.72310798161016,64555,6.464
LSHADE,13,30,3,30133,4.974795363020121,300001,8.409
MSBO,13,30,4,30134,448.02156958321075,300003,3.32
GA,13,30,4,30134,45551.47577493908,300000,9.809
PSO,13,30,4,30134,95738.99728980103,300000,0.689
DE,13,30,4,30134,101.43809845410306,300000,5.642
ABC,13,30,4,30134,11354.814857139925,300002,20.269
GWO,13,30,4,30134,110926586.6799326,300000,0.93
CMAES,13,30,4,30134,297.0189415005698,71443,7.28
LSHADE,13,30,4,30134,15.427499067381632,300001,8.489
MSBO,13,30,5,30135,11696.19394744677,300003,3.333
GA,13,30,5,30135,38218.55208078448,300000,9.962
PSO,13,30,5,30135,13465.54072369142,300000,0.707
DE,13,30,5,30135,78.94582852709345,300000,5.781
ABC,13,30,5,30135,1198.6545144531315,300001,20.659
GWO,13,30,5,30135,345494361.4304865,300000,0.933
CMAES,13,30,5,30135,156.77236188694178,70897,7.281
LSHADE,13,30,5,30135,0.997004394288524,300001,8.566
MSBO,13,30,6,30136,3868.1399037331057,300002,3.343
GA,13,30,6,30136,61451.04291211468,300000,9.899
PSO,13,30,6,30136,1059372975.7748806,300000,0.696
DE,13,30,6,30136,115.6681443128823,300000,5.786
ABC,13,30,6,30136,14254.025339933407,300000,20.686
GWO,13,30,6,30136,110926656.28992394,300000,0.934
CMAES,13,30,6,30136,1866.473951014933,62007,6.223
LSHADE,13,30,6,30136,19.406004096558718,300001,8.395
MSBO,13,30,7,30137,33670.69215731439,300001,3.358
GA,13,30,7,30137,2866.3625890489184,300000,9.761
PSO,13,30,7,30137,71813.85252323691,300000,0.697
DE,13,30,7,30137,46.63342260005652,300000,5.769
ABC,13,30,7,30137,10596.852665818486,300001,20.741
GWO,13,30,7,30137,110926654.54198153,300000,0.941
CMAES,13,30,7,30137,201.97355261623443,69035,6.913
LSHADE,13,30,7,30137,17.09857177845106,300001,8.421
MSBO,13,30,8,30138,26406.44605562251,300002,3.332
GA,13,30,8,30138,2198.2679637232827,300000,10.001
PSO,13,30,8,30138,17178.82164286083,300000,0.685
DE,13,30,8,30138,87.46738703604865,300000,5.778
ABC,13,30,8,30138,3797.7916057019047,300002,20.686
GWO,13,30,8,30138,345494165.8990015,300000,0.931
CMAES,13,30,8,30138,2391.4798765828696,48091,4.642
LSHADE,13,30,8,30138,3.979837389154227,300001,8.416
MSBO,13,30,9,30139,596.3716150972432,300003,3.474
GA,13,30,9,30139,6476.777672044155,300000,9.718
PSO,13,30,9,30139,14734.194141473801,300000,0.702
DE,13,30,9,30139,20.802079243397202,300000,5.658
ABC,13,30,9,30139,4124.787361668509,300000,20.593
GWO,13,30,9,30139,340463077.3859485,300000,0.95
CMAES,13,30,9,30139,1809.079914746665,52263,5.171
LSHADE,13,30,9,30139,16.994859946191127,300001,8.322
MSBO,16,30,0,30160,594.4799718261902,300001,3.023
GA,16,30,0,30160,1227.6192530968538,300000,9.738
PSO,16,30,0,30160,1640.5604085487053,300000,0.755
DE,16,30,0,30160,145.1306685715956,300000,5.803
ABC,16,30,0,30160,701.5457500901789,300000,20.246
GWO,16,30,0,30160,1457.1728736310783,300000,1.067
CMAES,16,30,0,30160,630.2862523221029,142871,15.218
LSHADE,16,30,0,30160,40.627808080226714,300001,8.558
MSBO,16,30,1,30161,631.7002748827199,300001,3.1
GA,16,30,1,30161,1414.4398995672454,300000,9.863
PSO,16,30,1,30161,1569.0185555329326,300000,0.757
DE,16,30,1,30161,1109.8480806131483,300000,5.843
ABC,16,30,1,30161,797.8511474023653,300000,20.688
GWO,16,30,1,30161,1800.6543724156013,300000,1.035
CMAES,16,30,1,30161,721.9406379513357,87991,9.789
LSHADE,16,30,1,30161,177.55768883558994,300001,8.514
MSBO,16,30,2,30162,481.53438425483955,300001,3.003
GA,16,30,2,30162,716.4919371445271,300000,9.928
PSO,16,30,2,30162,949.7272398695609,300000,0.798
DE,16,30,2,30162,152.36524997574497,300000,5.784
ABC,16,30,2,30162,574.7954253780986,300000,20.497
GWO,16,30,2,30162,1678.0802025719745,300000,1.063
CMAES,16,30,2,30162,1709.053153231227,201251,21.706
LSHADE,16,30,2,30162,225.16292535188586,300001,8.516
MSBO,16,30,3,30163,684.8080864822095,300001,2.997
GA,16,30,3,30163,1637.1509669595262,300000,9.723
PSO,16,30,3,30163,988.567228658595,300000,0.757
DE,16,30,3,30163,854.8058510703722,300000,5.835
ABC,16,30,3,30163,676.4678787495573,300000,21.116
GWO,16,30,3,30163,1535.7479477633742,300000,1.071
CMAES,16,30,3,30163,668.5901045794171,207761,23.289
LSHADE,16,30,3,30163,249.1469655743067,300001,8.634
MSBO,16,30,4,30164,610.1629259229267,300001,3.094
GA,16,30,4,30164,1499.0403457326456,300000,9.698
PSO,16,30,4,30164,1026.2002783751532,300000,0.734
DE,16,30,4,30164,270.27785939019486,300000,5.8
ABC,16,30,4,30164,401.6310857500346,300000,20.443
GWO,16,30,4,30164,1558.7680073701586,300000,1.067
CMAES,16,30,4,30164,538.8754464879321,154141,17.498
LSHADE,16,30,4,30164,243.0665730355604,300001,8.375
MSBO,16,30,5,30165,670.8097654294666,300001,2.975
GA,16,30,5,30165,2072.9175890020683,300000,9.692
PSO,16,30,5,30165,636.1138125935704,300000,0.771
DE,16,30,5,30165,353.74815462004335,300000,5.906
ABC,16,30,5,30165,802.6031015740195,300000,20.793
GWO,16,30,5,30165,1861.6598273534355,300000,1.054
CMAES,16,30,5,30165,978.3180931645634,123411,13.762
LSHADE,16,30,5,30165,62.543542053412466,300001,8.582
MSBO,16,30,6,30166,380.87833824600284,300001,2.97
GA,16,30,6,30166,1219.1372289555056,300000,9.805
PSO,16,30,6,30166,328.7856298608176,300000,0.724
DE,16,30,6,30166,380.69189591201916,300000,5.813
ABC,16,30,6,30166,534.8736513411559,300000,20.579
GWO,16,30,6,30166,1227.059890261522,300000,1.093
CMAES,16,30,6,30166,741.4201779903833,121521,13.598
LSHADE,16,30,6,30166,441.19544870683376,300001,8.498
MSBO,16,30,7,30167,674.0569113833235,300001,2.999
GA,16,30,7,30167,1249.639185687291,300000,9.885
PSO,16,30,7,30167,790.2099421569474,300000,0.759
DE,16,30,7,30167,254.1997411266293,300000,5.774
ABC,16,30,7,30167,367.314251385234,300000,20.424
GWO,16,30,7,30167,1679.4641727864232,300000,1.055
CMAES,16,30,7,30167,24.98051671029407,199011,21.487
LSHADE,16,30,7,30167,276.478319627314,300001,8.519
MSBO,16,30,8,30168,241.65371378787222,300001,3.022
GA,16,30,8,30168,1192.9401545636374,300000,9.766
PSO,16,30,8,30168,1293.844437490659,300000,0.771
DE,16,30,8,30168,517.4263135193314,300000,5.743
ABC,16,30,8,30168,834.1435793725077,300000,20.383
GWO,16,30,8,30168,1415.592123961711,300000,1.063
CMAES,16,30,8,30168,314.59591994004177,108221,11.974
LSHADE,16,30,8,30168,249.84136574123158,300001,8.55
MSBO,16,30,9,30169,479.4717539861863,300001,3.064
GA,16,30,9,30169,1696.844983555634,300000,9.701
PSO,16,30,9,30169,1351.6358863338346,300000,0.759
DE,16,30,9,30169,850.4249986492277,300000,5.708
ABC,16,30,9,30169,619.2818166471179,300000,20.298
GWO,16,30,9,30169,1704.2213431314135,300000,1.02
CMAES,16,30,9,30169,518.2313395793144,135661,14.508
LSHADE,16,30,9,30169,285.9168455549659,300001,8.491
MSBO,21,30,0,30210,275.50523189987734,300001,3.275
GA,21,30,0,30210,333.1466573645698,300000,10.439
PSO,21,30,0,30210,328.30290039614647,300000,1.304
DE,21,30,0,30210,232.33964387771402,300000,6.307
ABC,21,30,0,30210,130.00820876237958,300000,20.832
GWO,21,30,0,30210,398.2386573350773,300000,1.632
CMAES,21,30,0,30210,231.2257372636277,13595,1.333
LSHADE,21,30,0,30210,222.3737684214134,300001,9.103
MSBO,21,30,1,30211,269.83918248727605,300001,3.26
GA,21,30,1,30211,479.69789689993286,300000,10.28
PSO,21,30,1,30211,371.5814964481301,300000,1.361
DE,21,30,1,30211,282.32412934388185,300000,6.432
ABC,21,30,1,30211,306.85407378969967,300000,21.224
GWO,21,30,1,30211,399.0785315577482,300000,1.636
CMAES,21,30,1,30211,262.82983241409283,14715,1.521
LSHADE,21,30,1,30211,217.85321781551693,300001,9.067
MSBO,21,30,2,30212,280.4220145174081,300001,3.36
GA,21,30,2,30212,326.71092877184446,300000,10.836
PSO,21,30,2,30212,356.2931405692925,300000,1.49
DE,21,30,2,30212,357.025084931885,300000,6.382
ABC,21,30,2,30212,315.4099955871725,300000,21.001
GWO,21,30,2,30212,391.98223766173396,300000,1.694
CMAES,21,30,2,30212,234.59619922653883,14295,1.459
LSHADE,21,30,2,30212,220.1012475183611,300001,9.105
MSBO,21,30,3,30213,272.18457876808316,300001,3.35
GA,21,30,3,30213,472.478831709333,300000,10.355
PSO,21,30,3,30213,370.66820918445046,300000,1.309
DE,21,30,3,30213,225.951085347152,300000,6.233
ABC,21,30,3,30213,276.174480284084,300000,21.155
GWO,21,30,3,30213,409.34377675914493,300000,1.665
CMAES,21,30,3,30213,246.50323825226405,13287,1.363
LSHADE,21,30,3,30213,215.76722682302943,300001,9.051
MSBO,21,30,4,30214,269.7921881325369,300001,3.27
GA,21,30,4,30214,341.54101973826937,300000,10.507
PSO,21,30,4,30214,317.5570857223943,300000,1.293
DE,21,30,4,30214,223.82379020729059,300000,6.391
ABC,21,30,4,30214,299.3167816793516,300000,21.3
GWO,21,30,4,30214,391.62387667922667,300000,1.661
CMAES,21,30,4,30214,249.50322041826303,14967,1.55
LSHADE,21,30,4,30214,220.15920598235653,300001,9.263
MSBO,21,30,5,30215,271.56010079102134,300001,3.418
GA,21,30,5,30215,435.35435830445294,300000,10.475
PSO,21,30,5,30215,323.02325972335166,300000,1.322
DE,21,30,5,30215,217.30556893053017,300000,6.303
ABC,21,30,5,30215,308.238752026562,300000,21.025
GWO,21,30,5,30215,382.5499837743623,300000,1.789
CMAES,21,30,5,30215,240.2720307948448,12615,2.823
LSHADE,21,30,5,30215,220.72042339405425,300001,8.63
MSBO,21,30,6,30216,263.4525306450564,300001,3.08
GA,21,30,6,30216,404.82868182351103,300000,10.045
PSO,21,30,6,30216,447.7157958362318,300000,1.267
DE,21,30,6,30216,230.56594126188565,300000,6.199
ABC,21,30,6,30216,312.2688063036112,300000,20.7
GWO,21,30,6,30216,392.1278993937585,300000,1.543
CMAES,21,30,6,30216,247.23024453409016,13721,1.344
LSHADE,21,30,6,30216,220.9566163337713,300001,8.422
MSBO,21,30,7,30217,273.62481713439774,300001,3.009
GA,21,30,7,30217,396.2076009882244,300000,9.961
PSO,21,30,7,30217,354.30456018445966,300000,1.242
DE,21,30,7,30217,225.14807294454022,300000,5.987
ABC,21,30,7,30217,292.97079217074133,300000,19.275
GWO,21,30,7,30217,382.12818651519,300000,1.499
CMAES,21,30,7,30217,235.72347005790152,12657,1.248
LSHADE,21,30,7,30217,218.54512659405873,300001,8.582
MSBO,21,30,8,30218,273.17562431249917,300001,3.049
GA,21,30,8,30218,392.04380744308264,300000,10.173
PSO,21,30,8,30218,335.9080710540652,300000,1.283
DE,21,30,8,30218,226.12751058025333,300000,6.231
ABC,21,30,8,30218,274.5165432336571,300000,20.637
GWO,21,30,8,30218,406.0160916875666,300000,1.543
CMAES,21,30,8,30218,248.62348401395002,14995,1.392
LSHADE,21,30,8,30218,215.7058845355068,300001,8.605
MSBO,21,30,9,30219,264.4028443039615,300001,3.092
GA,21,30,9,30219,414.3443877999548,300000,9.861
PSO,21,30,9,30219,342.84206410650586,300000,1.176
DE,21,30,9,30219,267.3249361407502,300000,5.995
ABC,21,30,9,30219,273.1811174803952,300000,19.828
GWO,21,30,9,30219,388.5361416297237,300000,1.531
CMAES,21,30,9,30219,251.77756903677346,14015,1.561
LSHADE,21,30,9,30219,216.13845160321443,300001,8.438
MSBO,23,30,0,30230,399.5759936139648,300001,4.11
GA,23,30,0,30230,902.03673459011,300000,10.687
PSO,23,30,0,30230,553.461589779441,300000,1.765
DE,23,30,0,30230,389.58397451607834,300000,6.795
ABC,23,30,0,30230,387.4988306708424,300000,20.847
GWO,23,30,0,30230,580.7905280345904,300000,2.447
CMAES,23,30,0,30230,404.8272356419825,12013,1.213
LSHADE,23,30,0,30230,374.2387025989756,300001,9.594
MSBO,23,30,1,30231,415.7573733943764,300001,4.172
GA,23,30,1,30231,824.1133608142814,300000,10.737
PSO,23,30,1,30231,602.8486141990961,300000,1.9
DE,23,30,1,30231,378.81817605764763,300000,6.943
ABC,23,30,1,30231,445.25344609363583,300000,21.298
GWO,23,30,1,30231,593.4238590878203,300000,2.368
CMAES,23,30,1,30231,401.4991158831426,12657,1.311
LSHADE,23,30,1,30231,368.13016698761476,300001,9.252
MSBO,23,30,2,30232,409.8937255842079,300001,3.872
GA,23,30,2,30232,697.9184722853734,300000,10.598
PSO,23,30,2,30232,722.5789009827386,300000,1.736
DE,23,30,2,30232,382.4191182196437,300000,6.954
ABC,23,30,2,30232,423.99988520173474,300000,21.138
GWO,23,30,2,30232,613.5095212878741,300000,2.33
CMAES,23,30,2,30232,427.47694719317724,10375,1.092
LSHADE,23,30,2,30232,368.60900285079606,300001,9.586
MSBO,23,30,3,30233,417.7956413748261,300001,3.984
GA,23,30,3,30233,523.262230810321,300000,10.582
PSO,23,30,3,30233,548.625264118803,300000,1.74
DE,23,30,3,30233,371.43095007782085,300000,6.942
ABC,23,30,3,30233,389.4070682203028,300000,20.634
GWO,23,30,3,30233,585.8980355076915,300000,2.509
CMAES,23,30,3,30233,402.3031192754588,10837,1.106
LSHADE,23,30,3,30233,366.2549199947989,300001,9.44
MSBO,23,30,4,30234,407.15501658254925,300001,4.068
GA,23,30,4,30234,608.1330310345311,300000,10.595
PSO,23,30,4,30234,590.9744181152182,300000,1.807
DE,23,30,4,30234,380.9167401909626,300000,6.758
ABC,23,30,4,30234,450.0408542511059,300000,20.244
GWO,23,30,4,30234,590.6653783939933,300000,2.336
CMAES,23,30,4,30234,409.2983937137251,9437,1.05
LSHADE,23,30,4,30234,364.55139913580115,300001,9.333
MSBO,23,30,5,30235,407.31644528426295,300001,3.918
GA,23,30,5,30235,497.4306188407945,300000,10.183
PSO,23,30,5,30235,715.7601464067038,300000,1.718
DE,23,30,5,30235,368.49952307867034,300000,6.953
ABC,23,30,5,30235,384.70405219016993,300000,20.349
GWO,23,30,5,30235,555.294964298334,300000,2.359
CMAES,23,30,5,30235,380.6277584769923,12279,1.271
LSHADE,23,30,5,30235,382.25653889217074,300001,9.27
MSBO,23,30,6,30236,398.32407193651215,300001,4.039
GA,23,30,6,30236,754.0829159594778,300000,10.086
PSO,23,30,6,30236,689.8389350573752,300000,1.751
DE,23,30,6,30236,353.6846684232414,300000,6.634
ABC,23,30,6,30236,466.83950291742894,300000,21.002
GWO,23,30,6,30236,555.1450694378127,300000,2.346
CMAES,23,30,6,30236,384.4369576515578,47251,4.763
LSHADE,23,30,6,30236,359.35487030985814,300001,9.642
MSBO,23,30,7,30237,403.2233402720749,300001,4.157
GA,23,30,7,30237,648.2375168862895,300000,10.398
PSO,23,30,7,30237,591.1745770793223,300000,1.657
DE,23,30,7,30237,373.4243547606179,300000,6.605
ABC,23,30,7,30237,387.6865574390449,300000,20.503
GWO,23,30,7,30237,580.7800281909686,300000,2.277
CMAES,23,30,7,30237,401.73739770579186,22653,2.305
LSHADE,23,30,7,30237,356.59921424992035,300001,9.47
MSBO,23,30,8,30238,410.8581993976527,300001,4.087
GA,23,30,8,30238,765.4045884566403,300000,10.442
PSO,23,30,8,30238,734.8001608278682,300000,1.68
DE,23,30,8,30238,371.34375475458,300000,6.556
ABC,23,30,8,30238,400.4504214058361,300000,20.597
GWO,23,30,8,30238,591.2657788040915,300000,2.359
CMAES,23,30,8,30238,406.82756179130547,10081,0.981
LSHADE,23,30,8,30238,368.10139288523305,300001,9.313
MSBO,23,30,9,30239,415.78666377836817,300001,4.052
GA,23,30,9,30239,728.9317672310335,300000,10.396
PSO,23,30,9,30239,734.5203710005053,300000,1.701
DE,23,30,9,30239,377.6116993704263,300000,6.799
ABC,23,30,9,30239,454.7797230561341,300000,20.384
GWO,23,30,9,30239,570.9004668533771,300000,2.508
CMAES,23,30,9,30239,396.56404705570094,44605,3.989
LSHADE,23,30,9,30239,372.4488823210809,300001,8.993
MSBO,27,30,0,30270,505.2023596895624,300001,4.973
GA,27,30,0,30270,568.6916554735553,300000,10.849
PSO,27,30,0,30270,603.7748616428889,300000,2.291
DE,27,30,0,30270,488.2469186671269,300000,7.047
ABC,27,30,0,30270,514.1709918050465,300000,21.606
GWO,27,30,0,30270,572.5866002292605,300000,2.929
CMAES,27,30,0,30270,532.4782806186968,107143,10.733
LSHADE,27,30,0,30270,492.292630517607,300001,9.544
MSBO,27,30,1,30271,498.3951088160875,300001,4.696
GA,27,30,1,30271,538.9313984202354,300000,10.551
PSO,27,30,1,30271,598.6918024314491,300000,2.26
DE,27,30,1,30271,505.3950822912984,300000,7.166
ABC,27,30,1,30271,511.3720286871494,300000,20.483
GWO,27,30,1,30271,618.2909125016886,300000,3.027
CMAES,27,30,1,30271,513.7735599373559,84561,9.653
LSHADE,27,30,1,30271,504.92513422095726,300001,9.515
MSBO,27,30,2,30272,506.75309006229236,300001,4.634
GA,27,30,2,30272,547.6647094553136,300000,10.903
PSO,27,30,2,30272,590.1482133991831,300000,2.343
DE,27,30,2,30272,495.18820834809685,300000,6.988
ABC,27,30,2,30272,513.8010185446901,300000,20.938
GWO,27,30,2,30272,586.3139201985641,300000,2.917
CMAES,27,30,2,30272,515.6106740549139,50261,5.161
LSHADE,27,30,2,30272,496.0803758265456,300001,9.211
MSBO,27,30,3,30273,498.412365764525,300001,4.728
GA,27,30,3,30273,718.7308140948635,300000,10.953
PSO,27,30,3,30273,635.8913611625758,300000,2.25
DE,27,30,3,30273,507.2686437114121,300000,6.894
ABC,27,30,3,30273,516.4910251451993,300000,20.63
GWO,27,30,3,30273,567.918762020242,300000,2.942
CMAES,27,30,3,30273,513.8677301119351,91351,9.692
LSHADE,27,30,3,30273,502.06934568194447,300001,9.177
MSBO,27,30,4,30274,503.85897635041783,300001,5.004
GA,27,30,4,30274,562.5282923211739,300000,10.718
PSO,27,30,4,30274,652.8440457975075,300000,2.287
DE,27,30,4,30274,493.5638463459659,300000,6.811
ABC,27,30,4,30274,506.9700365630997,300000,20.716
GWO,27,30,4,30274,561.1332322759481,300000,2.936
CMAES,27,30,4,30274,517.5183473993275,49281,4.684
LSHADE,27,30,4,30274,500.3334368559558,300001,9.62
MSBO,27,30,5,30275,492.2108872947347,300001,5.018
GA,27,30,5,30275,548.3853857672884,300000,10.867
PSO,27,30,5,30275,669.8757321411604,300000,2.282
DE,27,30,5,30275,506.4010031997641,300000,7.05
ABC,27,30,5,30275,511.6740729065441,300000,21.023
GWO,27,30,5,30275,589.2170046368392,300000,3.098
CMAES,27,30,5,30275,541.9552224670533,72563,7.532
LSHADE,27,30,5,30275,504.92513422311276,300001,9.7
MSBO,27,30,6,30276,511.54877949754064,300001,4.933
GA,27,30,6,30276,564.9375761708379,300000,10.748
PSO,27,30,6,30276,656.9859694960924,300000,2.335
DE,27,30,6,30276,492.71049192974033,300000,7.001
ABC,27,30,6,30276,523.8140352430437,300000,20.654
GWO,27,30,6,30276,586.2318170680919,300000,2.9
CMAES,27,30,6,30276,532.271610901902,88201,9.639
LSHADE,27,30,6,30276,497.96443412931694,300001,9.317
MSBO,27,30,7,30277,494.3648850268819,300001,4.789
GA,27,30,7,30277,575.8105632672778,300000,10.476
PSO,27,30,7,30277,607.9234590287488,300000,2.509
DE,27,30,7,30277,513.4714445714462,300000,7.142
ABC,27,30,7,30277,517.623509890197,300000,20.504
GWO,27,30,7,30277,589.2164599668367,300000,3.179
CMAES,27,30,7,30277,525.9698378209478,26083,2.763
LSHADE,27,30,7,30277,510.10254907240324,300001,9.624
MSBO,27,30,8,30278,496.2043318448659,300001,4.753
GA,27,30,8,30278,566.2265380465551,300000,10.553
PSO,27,30,8,30278,674.6534789845314,300000,2.413
DE,27,30,8,30278,499.48992505589104,300000,6.938
ABC,27,30,8,30278,512.687103993555,300000,20.639
GWO,27,30,8,30278,578.6805718047608,300000,3.147
CMAES,27,30,8,30278,529.0969564981601,54671,5.772
LSHADE,27,30,8,30278,499.7161087924537,300001,9.049
MSBO,27,30,9,30279,512.4925513278754,300001,4.659
GA,27,30,9,30279,528.3922756586376,300000,10.937
PSO,27,30,9,30279,594.4024323890144,300000,2.411
DE,27,30,9,30279,511.575179958993,300000,7.135
ABC,27,30,9,30279,510.3707554365383,300000,20.496
GWO,27,30,9,30279,580.6061918372816,300000,2.969
CMAES,27,30,9,30279,547.5096279725149,11159,1.178
LSHADE,27,30,9,30279,495.36016087673534,300001,9.446
MSBO,29,30,0,30290,508.3990841876016,300001,3.86
GA,29,30,0,30290,1180.487523100293,300000,10.457
PSO,29,30,0,30290,1375.9204145401554,300000,1.944
DE,29,30,0,30290,317.92956659356696,300000,6.612
ABC,29,30,0,30290,637.1272333159877,300000,19.859
GWO,29,30,0,30290,1443.147692026797,300000,2.298
CMAES,29,30,0,30290,1113.251605731526,232751,24.577
LSHADE,29,30,0,30290,366.74000379702875,300001,8.952
MSBO,29,30,1,30291,538.2137213266037,300001,3.843
GA,29,30,1,30291,1083.4124309058307,300000,10.0
PSO,29,30,1,30291,1109.7991733879276,300000,1.895
DE,29,30,1,30291,421.27025086574986,300000,6.609
ABC,29,30,1,30291,539.2305081955519,300000,20.704
GWO,29,30,1,30291,1448.7946791243448,300000,2.269
CMAES,29,30,1,30291,1039.7315265098127,52221,5.304
LSHADE,29,30,1,30291,440.4875059224637,300001,9.37
MSBO,29,30,2,30292,553.4104889829105,300001,3.91
GA,29,30,2,30292,1267.2813534254074,300000,10.108
PSO,29,30,2,30292,1096.3058309675234,300000,1.863
DE,29,30,2,30292,463.71253809172686,300000,6.65
ABC,29,30,2,30292,654.6256851388166,300000,20.059
GWO,29,30,2,30292,1293.0390931693,300000,2.358
CMAES,29,30,2,30292,927.3175342136528,64751,7.19
LSHADE,29,30,2,30292,415.09181786058707,300001,9.298
MSBO,29,30,3,30293,551.4961441666842,300001,3.992
GA,29,30,3,30293,1167.8330785171584,300000,10.143
PSO,29,30,3,30293,1068.9085789331994,300000,1.889
DE,29,30,3,30293,430.36004515499826,300000,6.646
ABC,29,30,3,30293,564.6049802388479,300000,20.737
GWO,29,30,3,30293,1428.7826106515167,300000,2.407
CMAES,29,30,3,30293,606.5659685798273,89041,9.232
LSHADE,29,30,3,30293,428.4569661799678,300001,9.083
MSBO,29,30,4,30294,536.9776469246199,300001,3.92
GA,29,30,4,30294,1384.6818957387195,300000,10.47
PSO,29,30,4,30294,1157.1661958048007,300000,1.938
DE,29,30,4,30294,446.509193730506,300000,6.959
ABC,29,30,4,30294,616.4777978767052,300000,20.555
GWO,29,30,4,30294,1552.0457381590786,300000,2.286
CMAES,29,30,4,30294,1025.06927189809,109971,11.363
LSHADE,29,30,4,30294,437.1701255910052,300001,9.106
MSBO,29,30,5,30295,653.5399422788996,300001,3.996
GA,29,30,5,30295,866.6502907696063,300000,10.5
PSO,29,30,5,30295,1081.4330748394832,300000,1.871
DE,29,30,5,30295,422.81237963167587,300000,6.697
ABC,29,30,5,30295,655.7269544622168,300000,20.526
GWO,29,30,5,30295,1385.0447198878364,300000,2.375
CMAES,29,30,5,30295,806.6056589061927,84463,8.564
LSHADE,29,30,5,30295,438.1280646173386,300001,9.026
MSBO,29,30,6,30296,544.6309016852074,300001,4.031
GA,29,30,6,30296,1354.6462983103347,300000,10.466
PSO,29,30,6,30296,652.4017091175983,300000,1.862
DE,29,30,6,30296,427.8576972509027,300000,6.675
ABC,29,30,6,30296,669.1588096148662,300000,20.821
GWO,29,30,6,30296,1409.9032336583741,300000,2.242
CMAES,29,30,6,30296,654.6752298636015,83511,9.45
LSHADE,29,30,6,30296,445.55156884090957,300001,9.47
MSBO,29,30,7,30297,532.3661627628944,300001,4.124
GA,29,30,7,30297,922.3303004846057,300000,10.279
PSO,29,30,7,30297,1138.6008378989463,300000,1.905
DE,29,30,7,30297,443.10478236241397,300000,6.678
ABC,29,30,7,30297,608.110325796441,300000,20.571
GWO,29,30,7,30297,1433.6919511886608,300000,2.214
CMAES,29,30,7,30297,869.39549066579,67971,6.825
LSHADE,29,30,7,30297,437.38036940826623,300001,10.052
MSBO,29,30,8,30298,569.9528709582924,300001,4.383
GA,29,30,8,30298,844.6009109644101,300000,10.318
PSO,29,30,8,30298,1423.574879841055,300000,1.944
DE,29,30,8,30298,456.49667898554526,300000,6.735
ABC,29,30,8,30298,701.5615663165477,300000,20.122
GWO,29,30,8,30298,1560.500895620602,300000,2.184
CMAES,29,30,8,30298,1124.7228901460917,63841,6.696
LSHADE,29,30,8,30298,440.1312576757109,300001,8.902
MSBO,29,30,9,30299,563.1155968841595,300001,4.19
GA,29,30,9,30299,1225.560106013474,300000,10.356
PSO,29,30,9,30299,971.446434031102,300000,1.947
DE,29,30,9,30299,459.26409430607964,300000,6.637
ABC,29,30,9,30299,502.8478232868056,300000,20.222
GWO,29,30,9,30299,1385.499903157257,300000,2.342
CMAES,29,30,9,30299,612.4647832159526,55791,5.512
LSHADE,29,30,9,30299,435.5028123977554,300001,9.521
MSBO,1,10,15,10025,447.5305507577957,100001,1.047
GA,1,10,15,10025,2123.388086771584,100000,3.078
PSO,1,10,15,10025,2690.1553656646424,100000,0.099
DE,1,10,15,10025,0.0,100000,1.845
ABC,1,10,15,10025,174.7420310860457,100006,6.41
GWO,1,10,15,10025,356771784.6023939,100000,0.148
CMAES,1,10,15,10025,2.842170943040401e-14,5831,2.074
LSHADE,1,10,15,10025,0.0,100000,2.512
MSBO,1,10,16,10026,1152.7125994259586,100001,0.878
GA,1,10,16,10026,3756.7362025232374,100000,2.941
PSO,1,10,16,10026,5531.975313403366,100000,0.08
DE,1,10,16,10026,0.0,100000,1.634
ABC,1,10,16,10026,118.2204733360569,100003,6.159
GWO,1,10,16,10026,340875568.7443286,100000,0.137
CMAES,1,10,16,10026,1.4210854715202004e-14,5791,0.533
LSHADE,1,10,16,10026,0.0,100000,2.604
MSBO,1,10,17,10027,5932.155757924075,100003,0.991
GA,1,10,17,10027,673.9490425748534,100000,3.021
PSO,1,10,17,10027,3829.732543579711,100000,0.095
DE,1,10,17,10027,0.0,100000,1.759
ABC,1,10,17,10027,20.33226549137899,100006,6.406
GWO,1,10,17,10027,275068317.444506,100000,0.128
CMAES,1,10,17,10027,4.263256414560601e-14,5401,0.444
LSHADE,1,10,17,10027,0.0,100000,2.403
MSBO,1,10,18,10028,1780.593807384213,100001,0.907
GA,1,10,18,10028,1466.2590691865673,100000,2.835
PSO,1,10,18,10028,5531.975313403366,100000,0.08
DE,1,10,18,10028,0.0,100000,1.696
ABC,1,10,18,10028,307.61711078745645,100005,6.141
GWO,1,10,18,10028,250652668.84759247,100000,0.14
CMAES,1,10,18,10028,2.842170943040401e-14,10161,0.86
LSHADE,1,10,18,10028,0.0,100000,2.418
MSBO,1,10,19,10029,5380.158051504003,100001,0.986
GA,1,10,19,10029,232.35486296441434,100000,2.979
PSO,1,10,19,10029,765.1598648772458,100000,0.085
DE,1,10,19,10029,0.0,100000,1.758
ABC,1,10,19,10029,96.16852763599195,100005,6.216
GWO,1,10,19,10029,294639554.8174531,100000,0.131
CMAES,1,10,19,10029,1.4210854715202004e-14,5601,0.469
LSHADE,1,10,19,10029,0.0,100000,2.456
MSBO,1,10,20,10030,533.0409064163017,100001,0.866
GA,1,10,20,10030,1642.0134124895367,100000,2.758
PSO,1,10,20,10030,2942.373219706143,100000,0.08
DE,1,10,20,10030,0.0,100000,1.674
ABC,1,10,20,10030,319.84124923744594,100002,6.142
GWO,1,10,20,10030,374258088.1816956,100000,0.139
CMAES,1,10,20,10030,1.4210854715202004e-14,5281,0.451
LSHADE,1,10,20,10030,0.0,100000,2.631
MSBO,1,10,21,10031,1213.5001256992641,100000,0.964
GA,1,10,21,10031,423.6125261943764,100000,3.1
PSO,1,10,21,10031,5531.975313403366,100000,0.084
DE,1,10,21,10031,0.0,100000,1.676
ABC,1,10,21,10031,33.303810372512885,100003,6.718
GWO,1,10,21,10031,389830345.6688276,100000,0.152
CMAES,1,10,21,10031,7.105427357601002e-14,5321,0.433
LSHADE,1,10,21,10031,0.0,100000,2.631
MSBO,1,10,22,10032,278.58889346118775,100002,0.928
GA,1,10,22,10032,8380.754204188166,100000,2.76
PSO,1,10,22,10032,3182.0038554836815,100000,0.1
DE,1,10,22,10032,0.0,100000,1.694
ABC,1,10,22,10032,181.32084913555548,100004,5.9
GWO,1,10,22,10032,29832249.005594704,100000,0.131
CMAES,1,10,22,10032,2.842170943040401e-14,5531,0.468
LSHADE,1,10,22,10032,0.0,100000,2.613
MSBO,1,10,23,10033,394.32130531722106,100003,1.078
GA,1,10,23,10033,85.42698247743746,100000,3.044
PSO,1,10,23,10033,4116.4979204720585,100000,0.081
DE,1,10,23,10033,0.0,100000,1.664
ABC,1,10,23,10033,20.65858397500645,100008,6.188
GWO,1,10,23,10033,715843691.0793664,100000,0.128
CMAES,1,10,23,10033,1.4210854715202004e-14,5471,0.458
LSHADE,1,10,23,10033,0.0,100000,2.507
MSBO,1,10,24,10034,619.0854070705827,100000,0.866
GA,1,10,24,10034,2469.472494805958,100000,2.915
PSO,1,10,24,10034,1892.549142755873,100000,0.086
DE,1,10,24,10034,0.0,100000,1.686
ABC,1,10,24,10034,405.5497401398742,100004,6.382
GWO,1,10,24,10034,300247375.5748933,100000,0.14
CMAES,1,10,24,10034,0.0,9171,0.865
LSHADE,1,10,24,10034,0.0,100000,2.788
MSBO,1,10,25,10035,1092.1119636756991,100002,1.021
GA,1,10,25,10035,7534.021398912353,100000,2.913
PSO,1,10,25,10035,200.74603650303663,100000,0.094
DE,1,10,25,10035,0.0,100000,1.73
ABC,1,10,25,10035,132.36333432183514,100004,5.958
GWO,1,10,25,10035,243068566.06258327,100000,0.144
CMAES,1,10,25,10035,1.4210854715202004e-14,5441,0.379
LSHADE,1,10,25,10035,0.0,100000,2.401
MSBO,1,10,26,10036,545.4068709734294,100002,0.894
GA,1,10,26,10036,11163.6320539305,100000,2.964
PSO,1,10,26,10036,199.00090032314688,100000,0.087
DE,1,10,26,10036,0.0,100000,1.671
ABC,1,10,26,10036,90.19634541133703,100002,6.327
GWO,1,10,26,10036,374258865.43920875,100000,0.138
CMAES,1,10,26,10036,1.4210854715202004e-14,5201,0.395
LSHADE,1,10,26,10036,0.0,100000,2.674
MSBO,1,10,27,10037,715.338047716624,100002,0.952
GA,1,10,27,10037,606.2270856769534,100000,2.863
PSO,1,10,27,10037,5531.975313403366,100000,0.085
DE,1,10,27,10037,0.0,100000,1.674
ABC,1,10,27,10037,562.0114477765362,100003,6.371
GWO,1,10,27,10037,288598610.2318804,100000,0.141
CMAES,1,10,27,10037,5.684341886080802e-14,5451,0.46
LSHADE,1,10,27,10037,0.0,100000,2.579
MSBO,1,10,28,10038,3593.0571347868013,100001,0.915
GA,1,10,28,10038,7585.047877811046,100000,2.896
PSO,1,10,28,10038,105.60667086732164,100000,0.083
DE,1,10,28,10038,0.0,100000,1.68
ABC,1,10,28,10038,74.70664810207859,100007,6.414
GWO,1,10,28,10038,300950685.4850526,100000,0.135
CMAES,1,10,28,10038,8.526512829121202e-14,5321,0.448
LSHADE,1,10,28,10038,0.0,100000,2.715
MSBO,1,10,29,10039,9604.694956500694,100003,0.967
GA,1,10,29,10039,3015.6991840389796,100000,2.802
PSO,1,10,29,10039,415.8371708331464,100000,0.092
DE,1,10,29,10039,0.0,100000,1.714
ABC,1,10,29,10039,286.631864148637,100004,5.912
GWO,1,10,29,10039,240781960.96556574,100000,0.129
CMAES,1,10,29,10039,1.4210854715202004e-14,7721,0.603
LSHADE,1,10,29,10039,0.0,100000,2.526
MSBO,1,10,30,10040,6559.647789174305,100000,0.852
GA,1,10,30,10040,3038.5730354030816,100000,2.972
PSO,1,10,30,10040,4321.068379964252,100000,0.096
DE,1,10,30,10040,0.0,100000,1.707
ABC,1,10,30,10040,127.7385457162055,100003,6.206
GWO,1,10,30,10040,292514440.38368934,100000,0.129
CMAES,1,10,30,10040,0.0,7211,0.608
LSHADE,1,10,30,10040,0.0,100000,2.624
MSBO,1,10,31,10041,2504.564636193609,100000,0.942
GA,1,10,31,10041,2043.93185682083,100000,2.86
PSO,1,10,31,10041,34.35323359497795,100000,0.103
DE,1,10,31,10041,0.0,100000,1.711
ABC,1,10,31,10041,52.94876002523853,100004,6.182
GWO,1,10,31,10041,328810636.40158284,100000,0.137
CMAES,1,10,31,10041,1.4210854715202004e-14,5391,0.431
LSHADE,1,10,31,10041,0.0,100000,2.501
MSBO,1,10,32,10042,704.287547825672,100003,0.896
GA,1,10,32,10042,134.51065008594648,100000,2.82
PSO,1,10,32,10042,2454.851550512117,100000,0.089
DE,1,10,32,10042,0.0,100000,1.654
ABC,1,10,32,10042,96.20016546828302,100006,6.218
GWO,1,10,32,10042,29831062.499604892,100000,0.139
CMAES,1,10,32,10042,1.4210854715202004e-14,5481,0.445
LSHADE,1,10,32,10042,0.0,100000,2.833
MSBO,1,10,33,10043,1681.681094835898,100000,1.093
GA,1,10,33,10043,12820.151194364984,100000,2.901
PSO,1,10,33,10043,70057920.79590456,100000,0.083
DE,1,10,33,10043,0.0,100000,1.674
ABC,1,10,33,10043,8.506771182003845,100007,5.942
GWO,1,10,33,10043,260812134.50036445,100000,0.13
CMAES,1,10,33,10043,0.0,5631,0.469
LSHADE,1,10,33,10043,0.0,100000,2.584
MSBO,1,10,34,10044,3756.664753557905,100002,0.92
GA,1,10,34,10044,4299.749515027142,100000,2.963
PSO,1,10,34,10044,3474.5547302724126,100000,0.089
DE,1,10,34,10044,0.0,100000,1.632
ABC,1,10,34,10044,91.37063794407243,100006,6.283
GWO,1,10,34,10044,226588330.9287227,100000,0.138
CMAES,1,10,34,10044,1.4210854715202004e-14,9781,0.747
LSHADE,1,10,34,10044,0.0,100000,2.641
MSBO,1,10,35,10045,149.62235244984362,100003,0.89
GA,1,10,35,10045,1396.5422461610556,100000,2.852
PSO,1,10,35,10045,386.25388072969895,100000,0.089
DE,1,10,35,10045,0.0,100000,1.751
ABC,1,10,35,10045,323.2212875683613,100005,6.36
GWO,1,10,35,10045,517782573.2183178,100000,0.141
CMAES,1,10,35,10045,1.4210854715202004e-14,5271,0.428
LSHADE,1,10,35,10045,0.0,100000,2.654
MSBO,1,10,36,10046,523.9012316756807,100002,0.989
GA,1,10,36,10046,2577.403269798036,100000,3.011
PSO,1,10,36,10046,5531.975313403366,100000,0.075
DE,1,10,36,10046,0.0,100000,1.664
ABC,1,10,36,10046,328.8732639667992,100005,6.107
GWO,1,10,36,10046,29831911.10797677,100000,0.131
CMAES,1,10,36,10046,1.4210854715202004e-14,5371,0.475
LSHADE,1,10,36,10046,0.0,100000,2.843
MSBO,1,10,37,10047,1856.3714457430049,100001,0.971
GA,1,10,37,10047,127.0292802765631,100000,2.906
PSO,1,10,37,10047,208.35362266139578,100000,0.09
DE,1,10,37,10047,0.0,100000,1.67
ABC,1,10,37,10047,391.6930049806536,100004,6.465
GWO,1,10,37,10047,29831603.05671166,100000,0.134
CMAES,1,10,37,10047,1.4210854715202004e-14,5901,0.521
LSHADE,1,10,37,10047,0.0,100000,2.597
MSBO,1,10,38,10048,863.4609698238786,100000,0.877
GA,1,10,38,10048,3014.8208455957333,100000,2.951
PSO,1,10,38,10048,241.45131573070478,100000,0.084
DE,1,10,38,10048,0.0,100000,1.589
ABC,1,10,38,10048,239.56820269967562,100005,6.213
GWO,1,10,38,10048,258760646.36037734,100000,0.141
CMAES,1,10,38,10048,2.842170943040401e-14,5091,0.416
LSHADE,1,10,38,10048,0.0,100000,2.849
MSBO,1,10,39,10049,1598.9701735754297,100002,0.941
GA,1,10,39,10049,235.06906574652737,100000,3.057
PSO,1,10,39,10049,515.4393656883425,100000,0.088
DE,1,10,39,10049,0.0,100000,1.802
ABC,1,10,39,10049,11.557593268044073,100008,6.502
GWO,1,10,39,10049,10801.326955320237,100000,0.14
CMAES,1,10,39,10049,1.4210854715202004e-14,5551,0.453
LSHADE,1,10,39,10049,0.0,100000,2.468
MSBO,1,10,40,10050,587.4277283291622,100003,0.909
GA,1,10,40,10050,5340.675600093795,100000,2.87
PSO,1,10,40,10050,5531.975313403367,100000,0.078
DE,1,10,40,10050,0.0,100000,1.705
ABC,1,10,40,10050,107.83246598598717,100004,6.062
GWO,1,10,40,10050,505516808.8560188,100000,0.141
CMAES,1,10,40,10050,1.4210854715202004e-14,6731,0.596
LSHADE,1,10,40,10050,0.0,100000,2.697
MSBO,1,10,41,10051,519.8892117156943,100000,0.85
GA,1,10,41,10051,5646.469425181456,100000,3.018
PSO,1,10,41,10051,188.5920930544022,100000,0.088
DE,1,10,41,10051,0.0,100000,1.758
ABC,1,10,41,10051,202.73769883505355,100006,6.148
GWO,1,10,41,10051,343893000.4268135,100000,0.139
CMAES,1,10,41,10051,0.0,5771,0.493
LSHADE,1,10,41,10051,0.0,100000,2.549
MSBO,1,10,42,10052,1577.8972921475358,100003,0.878
GA,1,10,42,10052,1367.0071011853906,100000,2.915
PSO,1,10,42,10052,5531.975313403365,100000,0.082
DE,1,10,42,10052,0.0,100000,1.679
ABC,1,10,42,10052,85.1354949024967,100004,6.307
GWO,1,10,42,10052,29831304.812829066,100000,0.147
CMAES,1,10,42,10052,4.263256414560601e-14,5511,0.523
LSHADE,1,10,42,10052,0.0,100000,2.871
MSBO,1,10,43,10053,374.0776249734811,100003,0.9
GA,1,10,43,10053,383.39744450280307,100000,3.054
PSO,1,10,43,10053,2250.040879376544,100000,0.091
DE,1,10,43,10053,0.0,100000,1.681
ABC,1,10,43,10053,212.51971652334703,100002,6.202
GWO,1,10,43,10053,374258057.9073274,100000,0.135
CMAES,1,10,43,10053,1.4210854715202004e-14,10061,0.87
LSHADE,1,10,43,10053,0.0,100000,2.47
MSBO,1,10,44,10054,2301.9041546625035,100001,0.841
GA,1,10,44,10054,1494.5053747572954,100000,2.855
PSO,1,10,44,10054,5549.969599212943,100000,0.083
DE,1,10,44,10054,0.0,100000,1.646
ABC,1,10,44,10054,3.3523533273996122,100005,6.325
GWO,1,10,44,10054,250494079.3904893,100000,0.154
CMAES,1,10,44,10054,5.684341886080802e-14,5741,0.497
LSHADE,1,10,44,10054,0.0,100000,2.572
MSBO,1,10,45,10055,32.594981187180224,100000,0.858
GA,1,10,45,10055,1611.2125813624616,100000,2.841
PSO,1,10,45,10055,8887.14534979956,100000,0.086
DE,1,10,45,10055,0.0,100000,1.658
ABC,1,10,45,10055,439.23727776566807,100003,6.281
GWO,1,10,45,10055,344438437.36325777,100000,0.141
CMAES,1,10,45,10055,1.4210854715202004e-14,5391,0.44
LSHADE,1,10,45,10055,0.0,100000,2.631
MSBO,1,10,46,10056,810.9063445977469,100000,0.9
GA,1,10,46,10056,6094.84363759072,100000,2.86
PSO,1,10,46,10056,12640.827502665597,100000,0.08
DE,1,10,46,10056,0.0,100000,1.715
ABC,1,10,46,10056,158.6495973423015,100004,6.647
GWO,1,10,46,10056,396473704.7979898,100000,0.159
CMAES,1,10,46,10056,1.4210854715202004e-14,5561,0.508
LSHADE,1,10,46,10056,0.0,100000,2.735
MSBO,1,10,47,10057,4969.386794108247,100003,0.951
GA,1,10,47,10057,2698.9165524319947,100000,2.983
PSO,1,10,47,10057,1171.0874057973685,100000,0.094
DE,1,10,47,10057,0.0,100000,1.772
ABC,1,10,47,10057,151.40042380120062,100003,6.69
GWO,1,10,47,10057,333201241.15876126,100000,0.147
CMAES,1,10,47,10057,1.4210854715202004e-14,5651,0.435
LSHADE,1,10,47,10057,0.0,100000,2.573
MSBO,1,10,48,10058,712.3890633055883,100001,0.866
GA,1,10,48,10058,1598.2624058509539,100000,2.773
PSO,1,10,48,10058,6.781573564355583,100000,0.078
DE,1,10,48,10058,0.0,100000,1.666
ABC,1,10,48,10058,301.28233132821566,100003,6.639
GWO,1,10,48,10058,29833134.31127428,100000,0.153
CMAES,1,10,48,10058,1.4210854715202004e-14,7321,0.715
LSHADE,1,10,48,10058,0.0,100000,2.597
MSBO,1,10,49,10059,1039.2586675303746,100003,0.897
GA,1,10,49,10059,4140.876840787513,100000,2.961
PSO,1,10,49,10059,4640.422664669193,100000,0.089
DE,1,10,49,10059,0.0,100000,1.723
ABC,1,10,49,10059,460.3101641394753,100003,6.23
GWO,1,10,49,10059,220284633.3473649,100000,0.138
CMAES,1,10,49,10059,1.4210854715202004e-14,10221,0.834
LSHADE,1,10,49,10059,0.0,100000,2.578
MSBO,1,10,50,10060,10308.645719185428,100001,0.878
GA,1,10,50,10060,923.9556247522908,100000,3.008
PSO,1,10,50,10060,353.0889756879272,100000,0.082
DE,1,10,50,10060,0.0,100000,1.712
ABC,1,10,50,10060,35.70718700867684,100005,6.503
GWO,1,10,50,10060,12272.44151378937,100000,0.16
CMAES,1,10,50,10060,2.842170943040401e-14,5461,0.52
LSHADE,1,10,50,10060,0.0,100000,2.478
MSBO,3,10,15,10045,2.1363894120440818e-07,100002,1.0
GA,3,10,15,10045,0.5889985359242473,100000,2.848
PSO,3,10,15,10045,5.684341886080802e-14,100000,0.086
DE,3,10,15,10045,0.0,100000,1.629
ABC,3,10,15,10045,4997.919037416672,100000,6.087
GWO,3,10,15,10045,5956.017440582254,100000,0.154
CMAES,3,10,15,10045,5.684341886080802e-14,4021,0.283
LSHADE,3,10,15,10045,0.0,100000,2.454
MSBO,3,10,16,10046,1.8946502677863464e-07,100003,0.998
GA,3,10,16,10046,0.023473700051454216,100000,2.721
PSO,3,10,16,10046,5.684341886080802e-14,100000,0.078
DE,3,10,16,10046,0.0,100000,1.688
ABC,3,10,16,10046,12785.73731415563,100000,6.432
GWO,3,10,16,10046,4064.563254894636,100000,0.152
CMAES,3,10,16,10046,0.0,4031,0.373
LSHADE,3,10,16,10046,0.0,100000,2.614
MSBO,3,10,17,10047,2.0262234556867043e-07,100002,1.085
GA,3,10,17,10047,0.4445331760579734,100000,2.922
PSO,3,10,17,10047,5.684341886080802e-14,100000,0.095
DE,3,10,17,10047,0.0,100000,1.748
ABC,3,10,17,10047,9459.89904121279,100000,6.182
GWO,3,10,17,10047,5426.600661922002,100000,0.142
CMAES,3,10,17,10047,0.0,4001,0.361
LSHADE,3,10,17,10047,0.0,100000,2.605
MSBO,3,10,18,10048,1.918699581437977e-07,100001,0.963
GA,3,10,18,10048,6.596786492459557,100000,2.789
PSO,3,10,18,10048,0.0,100000,0.079
DE,3,10,18,10048,0.0,100000,1.709
ABC,3,10,18,10048,4921.105619551106,100000,6.404
GWO,3,10,18,10048,4156.570797450411,100000,0.152
CMAES,3,10,18,10048,0.0,3851,0.381
LSHADE,3,10,18,10048,0.0,100000,2.764
MSBO,3,10,19,10049,3.3826057688202127e-07,100003,1.07
GA,3,10,19,10049,0.2230465898888383,100000,2.95
PSO,3,10,19,10049,5.684341886080802e-14,100000,0.084
DE,3,10,19,10049,0.0,100000,1.704
ABC,3,10,19,10049,4578.352498788736,100000,5.993
GWO,3,10,19,10049,2359.28109192823,100000,0.133
CMAES,3,10,19,10049,0.0,4511,0.383
LSHADE,3,10,19,10049,0.0,100000,2.534
MSBO,3,10,20,10050,2.7640436428555404e-07,100002,0.997
GA,3,10,20,10050,0.42038460777212094,100000,2.878
PSO,3,10,20,10050,5.684341886080802e-14,100000,0.088
DE,3,10,20,10050,0.0,100000,1.755
ABC,3,10,20,10050,3043.369559678184,100000,6.55
GWO,3,10,20,10050,2789.4114827059548,100000,0.138
CMAES,3,10,20,10050,5.684341886080802e-14,5161,0.385
LSHADE,3,10,20,10050,0.0,100000,2.61
MSBO,3,10,21,10051,3.1184492854663404e-07,100001,1.024
GA,3,10,21,10051,2.500009918551598,100000,2.977
PSO,3,10,21,10051,0.0,100000,0.089
DE,3,10,21,10051,0.0,100000,1.762
ABC,3,10,21,10051,3187.166841240298,100000,6.45
GWO,3,10,21,10051,3891.9674341089285,100000,0.144
CMAES,3,10,21,10051,0.0,4351,0.459
LSHADE,3,10,21,10051,0.0,100000,2.641
MSBO,3,10,22,10052,1.2470997035052278e-07,100001,1.041
GA,3,10,22,10052,0.506012854401888,100000,2.892
PSO,3,10,22,10052,0.0,100000,0.088
DE,3,10,22,10052,0.0,100000,1.713
ABC,3,10,22,10052,2104.4490068983305,100000,6.351
GWO,3,10,22,10052,4998.887603594348,100000,0.147
CMAES,3,10,22,10052,0.0,3691,0.344
LSHADE,3,10,22,10052,0.0,100000,2.693
MSBO,3,10,23,10053,2.2529195575771155e-07,100003,1.042
GA,3,10,23,10053,0.8410909248252096,100000,2.813
PSO,3,10,23,10053,5.684341886080802e-14,100000,0.078
DE,3,10,23,10053,0.0,100000,1.681
ABC,3,10,23,10053,3625.3962357978453,100000,6.191
GWO,3,10,23,10053,8816.961811191859,100000,0.138
CMAES,3,10,23,10053,5.684341886080802e-14,4631,0.426
LSHADE,3,10,23,10053,0.0,100000,2.631
MSBO,3,10,24,10054,2.9193694217610755e-07,100002,1.122
GA,3,10,24,10054,0.023404003827749875,100000,2.938
PSO,3,10,24,10054,0.0,100000,0.08
DE,3,10,24,10054,0.0,100000,1.741
ABC,3,10,24,10054,2772.366636182083,100000,6.734
GWO,3,10,24,10054,3828.81536829174,100000,0.16
CMAES,3,10,24,10054,0.0,3951,0.349
LSHADE,3,10,24,10054,0.0,100000,2.655
MSBO,3,10,25,10055,1.4346619536809158e-07,100003,1.063
GA,3,10,25,10055,0.05049186817535656,100000,3.135
PSO,3,10,25,10055,0.0,100000,0.084
DE,3,10,25,10055,0.0,100000,1.75
ABC,3,10,25,10055,2107.577201715066,100000,6.366
GWO,3,10,25,10055,9607.280357951731,100000,0.152
CMAES,3,10,25,10055,5.684341886080802e-14,3661,0.32
LSHADE,3,10,25,10055,0.0,100000,2.502
MSBO,3,10,26,10056,1.3449999869408202e-07,100002,1.048
GA,3,10,26,10056,1.0415111440586315,100000,3.082
PSO,3,10,26,10056,5.684341886080802e-14,100000,0.08
DE,3,10,26,10056,0.0,100000,1.671
ABC,3,10,26,10056,8202.48061364759,100000,6.544
GWO,3,10,26,10056,1847.3990837199558,100000,0.146
CMAES,3,10,26,10056,5.684341886080802e-14,4931,0.459
LSHADE,3,10,26,10056,0.0,100000,2.586
MSBO,3,10,27,10057,2.1751122858404415e-07,100002,1.07
GA,3,10,27,10057,0.26899868230458424,100000,2.896
PSO,3,10,27,10057,5.684341886080802e-14,100000,0.084
DE,3,10,27,10057,0.0,100000,1.668
ABC,3,10,27,10057,3295.0763280653573,100000,6.294
GWO,3,10,27,10057,2397.7647655717055,100000,0.133
CMAES,3,10,27,10057,0.0,4871,0.411
LSHADE,3,10,27,10057,0.0,100000,2.458
MSBO,3,10,28,10058,2.8006871843899717e-07,100002,0.948
GA,3,10,28,10058,1.7088740391564556,100000,2.877
PSO,3,10,28,10058,1.1368683772161603e-13,100000,0.082
DE,3,10,28,10058,0.0,100000,1.783
ABC,3,10,28,10058,2636.7330462227233,100000,6.94
GWO,3,10,28,10058,3398.479909921205,100000,0.131
CMAES,3,10,28,10058,0.0,5091,0.454
LSHADE,3,10,28,10058,0.0,100000,2.582
MSBO,3,10,29,10059,1.426024596185016e-07,100001,1.079
GA,3,10,29,10059,0.39513140103696287,100000,3.014
PSO,3,10,29,10059,0.0,100000,0.077
DE,3,10,29,10059,0.0,100000,1.638
ABC,3,10,29,10059,10013.683933518783,100000,6.219
GWO,3,10,29,10059,3354.6817150879147,100000,0.14
CMAES,3,10,29,10059,0.0,3991,0.334
LSHADE,3,10,29,10059,0.0,100000,2.602
MSBO,3,10,30,10060,2.1577005782091874e-07,100002,1.072
GA,3,10,30,10060,1.692060752706709,100000,3.163
PSO,3,10,30,10060,0.0,100000,0.082
DE,3,10,30,10060,0.0,100000,1.86
ABC,3,10,30,10060,4731.477113161606,100000,6.75
GWO,3,10,30,10060,4800.089196305487,100000,0.144
CMAES,3,10,30,10060,5.684341886080802e-14,5101,0.463
LSHADE,3,10,30,10060,0.0,100000,2.707
MSBO,3,10,31,10061,1.0146675322175724e-07,100002,1.077
GA,3,10,31,10061,0.11412374074211584,100000,2.988
PSO,3,10,31,10061,1.1368683772161603e-13,100000,0.084
DE,3,10,31,10061,0.0,100000,1.755
ABC,3,10,31,10061,2489.7997169956407,100000,6.162
GWO,3,10,31,10061,4733.436950568247,100000,0.137
CMAES,3,10,31,10061,0.0,5301,0.474
LSHADE,3,10,31,10061,0.0,100000,2.553
MSBO,3,10,32,10062,1.114322571993398e-07,100002,1.059
GA,3,10,32,10062,0.1583570472839142,100000,3.093
PSO,3,10,32,10062,0.0,100000,0.093
DE,3,10,32,10062,0.0,100000,1.874
ABC,3,10,32,10062,4312.1210612229615,100000,6.082
GWO,3,10,32,10062,4317.764790483361,100000,0.142
CMAES,3,10,32,10062,0.0,4661,0.398
LSHADE,3,10,32,10062,0.0,100000,2.563
MSBO,3,10,33,10063,1.5901912320259726e-07,100001,1.015
GA,3,10,33,10063,0.04955470300524212,100000,3.119
PSO,3,10,33,10063,1.1368683772161603e-13,100000,0.097
DE,3,10,33,10063,0.0,100000,1.773
ABC,3,10,33,10063,1640.4142813173348,100000,6.401
GWO,3,10,33,10063,6150.078097628052,100000,0.144
CMAES,3,10,33,10063,5.684341886080802e-14,5181,0.476
LSHADE,3,10,33,10063,0.0,100000,2.629
MSBO,3,10,34,10064,1.6338140085281339e-07,100003,1.222
GA,3,10,34,10064,0.049294473840120645,100000,3.427
PSO,3,10,34,10064,0.0,100000,0.101
DE,3,10,34,10064,0.0,100000,1.952
ABC,3,10,34,10064,2733.661579649791,100000,6.419
GWO,3,10,34,10064,7022.28856315053,100000,0.137
CMAES,3,10,34,10064,0.0,3891,0.372
LSHADE,3,10,34,10064,0.0,100000,2.57
MSBO,3,10,35,10065,8.010806595848408e-08,100002,1.094
GA,3,10,35,10065,0.16096688772523748,100000,2.855
PSO,3,10,35,10065,0.0,100000,0.087
DE,3,10,35,10065,0.0,100000,1.649
ABC,3,10,35,10065,9163.801979761245,100000,5.752
GWO,3,10,35,10065,6387.718741058258,100000,0.146
CMAES,3,10,35,10065,5.684341886080802e-14,4031,0.33
LSHADE,3,10,35,10065,0.0,100000,2.427
MSBO,3,10,36,10066,3.23272672630992e-07,100000,0.998
GA,3,10,36,10066,1.12843153434153,100000,3.012
PSO,3,10,36,10066,0.0,100000,0.088
DE,3,10,36,10066,0.0,100000,1.717
ABC,3,10,36,10066,8502.307255316955,100000,6.257
GWO,3,10,36,10066,7254.229884076945,100000,0.147
CMAES,3,10,36,10066,0.0,4401,0.395
LSHADE,3,10,36,10066,0.0,100000,2.529
MSBO,3,10,37,10067,2.089836357299646e-07,100003,1.01
GA,3,10,37,10067,0.05624284462720652,100000,2.907
PSO,3,10,37,10067,5.684341886080802e-14,100000,0.089
DE,3,10,37,10067,0.0,100000,1.688
ABC,3,10,37,10067,9079.263019065065,100000,6.182
GWO,3,10,37,10067,3088.2868171158157,100000,0.147
CMAES,3,10,37,10067,0.0,4341,0.381
LSHADE,3,10,37,10067,0.0,100000,2.539
MSBO,3,10,38,10068,1.3108251550875138e-07,100003,0.979
GA,3,10,38,10068,0.12731768853853964,100000,3.211
PSO,3,10,38,10068,5.684341886080802e-14,100000,0.095
DE,3,10,38,10068,0.0,100000,1.759
ABC,3,10,38,10068,11198.055232298873,100000,6.26
GWO,3,10,38,10068,3552.540053097092,100000,0.133
CMAES,3,10,38,10068,0.0,4331,0.367
LSHADE,3,10,38,10068,0.0,100000,2.517
MSBO,3,10,39,10069,1.5104302519830526e-07,100000,1.002
GA,3,10,39,10069,0.5586080808499219,100000,2.79
PSO,3,10,39,10069,0.0,100000,0.084
DE,3,10,39,10069,0.0,100000,1.677
ABC,3,10,39,10069,5905.015821318249,100000,6.217
GWO,3,10,39,10069,6509.81260146885,100000,0.141
CMAES,3,10,39,10069,0.0,3851,0.323
LSHADE,3,10,39,10069,0.0,100000,2.523
MSBO,3,10,40,10070,8.064665735219023e-08,100002,0.995
GA,3,10,40,10070,0.012953817081211128,100000,3.098
PSO,3,10,40,10070,0.0,100000,0.093
DE,3,10,40,10070,0.0,100000,1.734
ABC,3,10,40,10070,6728.517505003887,100000,6.105
GWO,3,10,40,10070,1286.501430067329,100000,0.157
CMAES,3,10,40,10070,0.0,4131,0.367
LSHADE,3,10,40,10070,0.0,100000,2.394
MSBO,3,10,41,10071,4.1785096982493997e-07,100003,0.966
GA,3,10,41,10071,0.14944986148736916,100000,2.876
PSO,3,10,41,10071,5.684341886080802e-14,100000,0.083
DE,3,10,41,10071,0.0,100000,1.652
ABC,3,10,41,10071,2139.7239561616443,100000,6.079
GWO,3,10,41,10071,1516.6009836640578,100000,0.147
CMAES,3,10,41,10071,0.0,4041,0.387
LSHADE,3,10,41,10071,0.0,100000,2.631
MSBO,3,10,42,10072,7.90188209975895e-07,100003,1.067
GA,3,10,42,10072,0.33029282947268257,100000,3.017
PSO,3,10,42,10072,0.0,100000,0.083
DE,3,10,42,10072,0.0,100000,1.647
ABC,3,10,42,10072,5011.861133828293,100000,6.231
GWO,3,10,42,10072,11763.20550554722,100000,0.151
CMAES,3,10,42,10072,5.684341886080802e-14,3951,0.355
LSHADE,3,10,42,10072,0.0,100000,2.502
MSBO,3,10,43,10073,3.439920419623377e-07,100002,1.006
GA,3,10,43,10073,0.19403882503223713,100000,2.906
PSO,3,10,43,10073,5.684341886080802e-14,100000,0.086
DE,3,10,43,10073,0.0,100000,1.661
ABC,3,10,43,10073,12054.182348847864,100000,6.341
GWO,3,10,43,10073,6242.886574990759,100000,0.151
CMAES,3,10,43,10073,5.684341886080802e-14,3891,0.345
LSHADE,3,10,43,10073,0.0,100000,2.584
MSBO,3,10,44,10074,8.798878070592764e-08,100001,1.093
GA,3,10,44,10074,0.11583242603381905,100000,3.21
PSO,3,10,44,10074,0.0,100000,0.084
DE,3,10,44,10074,0.0,100000,1.77
ABC,3,10,44,10074,5029.953304290512,100000,6.392
GWO,3,10,44,10074,4323.045408572229,100000,0.15
CMAES,3,10,44,10074,0.0,4341,0.366
LSHADE,3,10,44,10074,0.0,100000,2.452
MSBO,3,10,45,10075,3.8533283941433183e-07,100002,0.981
GA,3,10,45,10075,0.09274004349936149,100000,2.828
PSO,3,10,45,10075,0.0,100000,0.084
DE,3,10,45,10075,0.0,100000,1.71
ABC,3,10,45,10075,5859.050631942624,100000,5.959
GWO,3,10,45,10075,9612.009883131988,100000,0.134
CMAES,3,10,45,10075,0.0,4011,0.367
LSHADE,3,10,45,10075,0.0,100000,2.529
MSBO,3,10,46,10076,3.28833209550794e-07,100000,0.984
GA,3,10,46,10076,0.5847296626764091,100000,3.136
PSO,3,10,46,10076,5.684341886080802e-14,100000,0.09
DE,3,10,46,10076,0.0,100000,1.714
ABC,3,10,46,10076,11888.619758295621,100000,6.391
GWO,3,10,46,10076,7117.98619263503,100000,0.151
CMAES,3,10,46,10076,0.0,4321,0.451
LSHADE,3,10,46,10076,0.0,100000,2.523
MSBO,3,10,47,10077,1.131685280597594e-06,100003,1.02
GA,3,10,47,10077,0.065458304355559,100000,2.969
PSO,3,10,47,10077,5.684341886080802e-14,100000,0.081
DE,3,10,47,10077,0.0,100000,1.612
ABC,3,10,47,10077,618.9918226476985,100000,6.133
GWO,3,10,47,10077,3016.4261884072484,100000,0.131
CMAES,3,10,47,10077,0.0,4351,0.481
LSHADE,3,10,47,10077,0.0,100000,2.538
MSBO,3,10,48,10078,1.8929978296000627e-07,100000,1.074
GA,3,10,48,10078,0.2602131708962929,100000,3.123
PSO,3,10,48,10078,0.0,100000,0.081
DE,3,10,48,10078,0.0,100000,1.615
ABC,3,10,48,10078,8743.622870849927,100000,6.246
GWO,3,10,48,10078,4829.269261632723,100000,0.134
CMAES,3,10,48,10078,0.0,5271,0.471
LSHADE,3,10,48,10078,0.0,100000,2.534
MSBO,3,10,49,10079,2.95562358587631e-07,100002,1.004
GA,3,10,49,10079,0.08542478942717935,100000,2.937
PSO,3,10,49,10079,5.684341886080802e-14,100000,0.087
DE,3,10,49,10079,0.0,100000,1.738
ABC,3,10,49,10079,7754.566075065078,100000,6.314
GWO,3,10,49,10079,5267.58931736405,100000,0.145
CMAES,3,10,49,10079,5.684341886080802e-14,4351,0.391
LSHADE,3,10,49,10079,0.0,100000,2.55
MSBO,3,10,50,10080,1.6316175788233522e-07,100002,1.055
GA,3,10,50,10080,0.7872428675675565,100000,3.194
PSO,3,10,50,10080,0.0,100000,0.084
DE,3,10,50,10080,0.0,100000,1.673
ABC,3,10,50,10080,3316.678124358965,100000,6.449
GWO,3,10,50,10080,5650.84932149089,100000,0.141
CMAES,3,10,50,10080,0.0,3571,0.242
LSHADE,3,10,50,10080,0.0,100000,2.548
MSBO,4,10,15,10055,4.703969340868866,100000,0.872
GA,4,10,15,10055,6.225225335150924,100000,2.806
PSO,4,10,15,10055,4.8606195899191675,100000,0.082
DE,4,10,15,10055,2.074447845641373,100000,1.632
ABC,4,10,15,10055,0.06064098130957518,100000,6.136
GWO,4,10,15,10055,6.85862451702576,100000,0.135
CMAES,4,10,15,10055,0.0,5771,0.483
LSHADE,4,10,15,10055,0.0,100000,2.438
MSBO,4,10,16,10056,3.964261236527534,100000,0.911
GA,4,10,16,10056,6.542509980316879,100000,3.149
PSO,4,10,16,10056,11.331837692464035,100000,0.083
DE,4,10,16,10056,2.18154775982282,100000,1.671
ABC,4,10,16,10056,0.13797551355918358,100000,6.571
GWO,4,10,16,10056,18.80805996359038,100000,0.148
CMAES,4,10,16,10056,0.0,6091,0.499
LSHADE,4,10,16,10056,0.0,100000,2.518
MSBO,4,10,17,10057,4.688165271682749,100000,0.852
GA,4,10,17,10057,1.9780149356192283,100000,3.023
PSO,4,10,17,10057,8.303364581506855,100000,0.083
DE,4,10,17,10057,1.7425155436430373,100000,1.739
ABC,4,10,17,10057,0.15750858582049432,100000,6.474
GWO,4,10,17,10057,18.80806315560568,100000,0.147
CMAES,4,10,17,10057,0.0,5881,0.52
LSHADE,4,10,17,10057,0.0,100000,2.794
MSBO,4,10,18,10058,4.8750461955079345,100000,0.996
GA,4,10,18,10058,5.446491654909721,100000,2.997
PSO,4,10,18,10058,1.9810667908518553,100000,0.087
DE,4,10,18,10058,1.6665179235395158,100000,1.644
ABC,4,10,18,10058,0.0253297738722722,100000,6.074
GWO,4,10,18,10058,6.858600984664463,100000,0.129
CMAES,4,10,18,10058,5.684341886080802e-14,5661,0.373
LSHADE,4,10,18,10058,0.0,100000,2.45
MSBO,4,10,19,10059,4.756372181434017,100000,0.822
GA,4,10,19,10059,4.479028491876704,100000,2.826
PSO,4,10,19,10059,1.383312263705875,100000,0.087
DE,4,10,19,10059,2.017846209567381,100000,1.656
ABC,4,10,19,10059,0.022368000094274976,100000,6.107
GWO,4,10,19,10059,6.85858757056576,100000,0.141
CMAES,4,10,19,10059,5.684341886080802e-14,6011,0.521
LSHADE,4,10,19,10059,0.0,100000,2.421
MSBO,4,10,20,10060,4.956546415412106,100000,0.979
GA,4,10,20,10060,3.492704785383978,100000,3.174
PSO,4,10,20,10060,66.32572684668423,100000,0.088
DE,4,10,20,10060,2.9549842865177425,100000,1.752
ABC,4,10,20,10060,0.11840730635265118,100000,6.412
GWO,4,10,20,10060,21.406660114348256,100000,0.127
CMAES,4,10,20,10060,5.684341886080802e-14,6001,0.44
LSHADE,4,10,20,10060,0.0,100000,2.507
MSBO,4,10,21,10061,4.891041177963416,100000,0.919
GA,4,10,21,10061,6.5028091723132775,100000,2.993
PSO,4,10,21,10061,1.2041013665823357,100000,0.09
DE,4,10,21,10061,1.969982789407311,100000,1.818
ABC,4,10,21,10061,0.4477992510324498,100000,6.112
GWO,4,10,21,10061,18.808046105244955,100000,0.133
CMAES,4,10,21,10061,5.684341886080802e-14,5991,0.443
LSHADE,4,10,21,10061,0.0,100000,2.448
MSBO,4,10,22,10062,4.467398747576226,100000,0.931
GA,4,10,22,10062,4.121437225491832,100000,3.065
PSO,4,10,22,10062,8.303364581506855,100000,0.086
DE,4,10,22,10062,2.0308809403804275,100000,1.638
ABC,4,10,22,10062,0.09557645118854907,100000,6.397
GWO,4,10,22,10062,15.215086497255072,100000,0.133
CMAES,4,10,22,10062,0.0,5941,0.47
LSHADE,4,10,22,10062,0.0,100000,2.563
MSBO,4,10,23,10063,2.892876950483071,100000,0.925
GA,4,10,23,10063,4.446608443295531,100000,3.027
PSO,4,10,23,10063,8.303364581506855,100000,0.086
DE,4,10,23,10063,4.391290845123194,100000,1.719
ABC,4,10,23,10063,0.23514787840031204,100000,6.513
GWO,4,10,23,10063,34.39732836576377,100000,0.147
CMAES,4,10,23,10063,0.0,5141,0.449
LSHADE,4,10,23,10063,0.0,100000,2.832
MSBO,4,10,24,10064,4.704421196362546,100000,0.99
GA,4,10,24,10064,0.499511942522588,100000,2.905
PSO,4,10,24,10064,8.303364581506855,100000,0.082
DE,4,10,24,10064,1.8459340877737986,100000,1.645
ABC,4,10,24,10064,0.3457549366295325,100001,6.336
GWO,4,10,24,10064,18.223298853485005,100000,0.142
CMAES,4,10,24,10064,5.684341886080802e-14,5951,0.535
LSHADE,4,10,24,10064,0.0,100000,2.51
MSBO,4,10,25,10065,4.576228423866894,100000,0.832
GA,4,10,25,10065,5.850351704980369,100000,2.997
PSO,4,10,25,10065,8.303364581506855,100000,0.088
DE,4,10,25,10065,1.9945735328383876,100000,1.641
ABC,4,10,25,10065,0.020432113833351195,100000,6.283
GWO,4,10,25,10065,13.049812645706538,100000,0.142
CMAES,4,10,25,10065,5.684341886080802e-14,5491,0.434
LSHADE,4,10,25,10065,0.0,100000,2.82
MSBO,4,10,26,10066,3.8364659225574087,100000,0.983
GA,4,10,26,10066,5.88117756604953,100000,2.928
PSO,4,10,26,10066,3.7538946198610006,100000,0.083
DE,4,10,26,10066,2.2240732400523484,100000,1.687
ABC,4,10,26,10066,0.07131134254649396,100000,6.273
GWO,4,10,26,10066,17.34155822464885,100000,0.129
CMAES,4,10,26,10066,5.684341886080802e-14,5731,0.464
LSHADE,4,10,26,10066,0.0,100000,2.516
MSBO,4,10,27,10067,4.876980196983823,100000,0.954
GA,4,10,27,10067,2.7116180390410705,100000,3.0
PSO,4,10,27,10067,1.5254841669463985,100000,0.086
DE,4,10,27,10067,0.889688071116268,100000,1.612
ABC,4,10,27,10067,0.07745539024682557,100000,6.129
GWO,4,10,27,10067,17.827076444952354,100000,0.126
CMAES,4,10,27,10067,5.684341886080802e-14,6491,0.514
LSHADE,4,10,27,10067,0.0,100000,2.729
MSBO,4,10,28,10068,4.928270897549112,100000,1.142
GA,4,10,28,10068,6.441071977140837,100000,3.118
PSO,4,10,28,10068,8.303364581506855,100000,0.095
DE,4,10,28,10068,1.9770639785339768,100000,1.83
ABC,4,10,28,10068,0.08624369189664094,100001,6.538
GWO,4,10,28,10068,15.110598223559577,100000,0.137
CMAES,4,10,28,10068,0.0,5691,0.5
LSHADE,4,10,28,10068,0.0,100000,2.635
MSBO,4,10,29,10069,4.200115424176204,100000,0.866
GA,4,10,29,10069,6.463602034243365,100000,2.886
PSO,4,10,29,10069,7.180992713099954,100000,0.079
DE,4,10,29,10069,3.9491252481083166,100000,1.721
ABC,4,10,29,10069,0.03141145338537399,100000,6.314
GWO,4,10,29,10069,7.4367029849343,100000,0.129
CMAES,4,10,29,10069,5.684341886080802e-14,6341,0.505
LSHADE,4,10,29,10069,0.0,100000,2.822
MSBO,4,10,30,10070,4.341001953633679,100000,0.89
GA,4,10,30,10070,0.0245683902388123,100000,2.964
PSO,4,10,30,10070,69.96062901348171,100000,0.081
DE,4,10,30,10070,1.6810840183304663,100000,1.784
ABC,4,10,30,10070,0.14226891705209255,100000,6.291
GWO,4,10,30,10070,6.8585992662142985,100000,0.132
CMAES,4,10,30,10070,0.0,5601,0.447
LSHADE,4,10,30,10070,0.0,100000,2.452
MSBO,4,10,31,10071,2.713522262867116,100000,0.854
GA,4,10,31,10071,6.353774510275684,100000,2.984
PSO,4,10,31,10071,5.525787449166728,100000,0.087
DE,4,10,31,10071,0.5406991245060908,100000,1.757
ABC,4,10,31,10071,0.07767815550607793,100000,6.404
GWO,4,10,31,10071,15.277412250702241,100000,0.148
CMAES,4,10,31,10071,0.0,6261,0.658
LSHADE,4,10,31,10071,0.0,100000,2.855
MSBO,4,10,32,10072,4.939578629486675,100000,0.851
GA,4,10,32,10072,6.327211055488533,100000,2.957
PSO,4,10,32,10072,11.331837692464035,100000,0.084
DE,4,10,32,10072,1.7867101053993792,100000,1.716
ABC,4,10,32,10072,0.02078297131902218,100000,6.187
GWO,4,10,32,10072,6.85861294716949,100000,0.139
CMAES,4,10,32,10072,0.0,6251,0.48
LSHADE,4,10,32,10072,0.0,100000,2.581
MSBO,4,10,33,10073,5.030584090211335,100000,0.983
GA,4,10,33,10073,6.427935661627714,100000,2.994
PSO,4,10,33,10073,8.303364581506855,100000,0.082
DE,4,10,33,10073,2.7791711552524703,100000,1.682
ABC,4,10,33,10073,0.8305896915452422,100001,6.36
GWO,4,10,33,10073,28.602985541993405,100000,0.156
CMAES,4,10,33,10073,5.684341886080802e-14,5991,0.624
LSHADE,4,10,33,10073,0.0,100000,2.923
MSBO,4,10,34,10074,4.661120963473309,100000,0.921
GA,4,10,34,10074,0.06854474904946528,100000,2.912
PSO,4,10,34,10074,8.303364581506912,100000,0.075
DE,4,10,34,10074,3.0375769958056935,100000,1.712
ABC,4,10,34,10074,0.05323694800085832,100000,6.419
GWO,4,10,34,10074,17.987410803297962,100000,0.137
CMAES,4,10,34,10074,0.0,6101,0.531
LSHADE,4,10,34,10074,0.0,100000,2.652
MSBO,4,10,35,10075,5.135829101354545,100000,0.942
GA,4,10,35,10075,0.4962195773023268,100000,2.956
PSO,4,10,35,10075,0.3289468146202239,100000,0.08
DE,4,10,35,10075,1.9205155154238582,100000,1.611
ABC,4,10,35,10075,0.3031135012643631,100000,6.45
GWO,4,10,35,10075,20.030372345934836,100000,0.141
CMAES,4,10,35,10075,5.684341886080802e-14,5981,0.433
LSHADE,4,10,35,10075,0.0,100000,2.579
MSBO,4,10,36,10076,4.636784178606661,100000,0.902
GA,4,10,36,10076,5.498578521673494,100000,2.904
PSO,4,10,36,10076,11.331837692464035,100000,0.076
DE,4,10,36,10076,2.0446517023080446,100000,1.664
ABC,4,10,36,10076,0.04459409249483315,100000,6.346
GWO,4,10,36,10076,6.8586490491691166,100000,0.144
CMAES,4,10,36,10076,0.0,6071,0.577
LSHADE,4,10,36,10076,0.0,100000,2.692
MSBO,4,10,37,10077,2.409785960576528,100000,0.907
GA,4,10,37,10077,4.033528844432226,100000,2.973
PSO,4,10,37,10077,4.1332946286087235,100000,0.09
DE,4,10,37,10077,1.530592560606351,100000,1.853
ABC,4,10,37,10077,0.1294654152734438,100000,6.687
GWO,4,10,37,10077,23.076446830641885,100000,0.162
CMAES,4,10,37,10077,5.684341886080802e-14,5501,0.46
LSHADE,4,10,37,10077,0.0,100000,2.666
MSBO,4,10,38,10078,2.490287889467538,100000,0.911
GA,4,10,38,10078,5.905600877188419,100000,3.048
PSO,4,10,38,10078,11.331837692464035,100000,0.092
DE,4,10,38,10078,2.385419125302292,100000,1.704
ABC,4,10,38,10078,0.02593471178317941,100000,6.228
GWO,4,10,38,10078,18.808044921913677,100000,0.141
CMAES,4,10,38,10078,0.0,5701,0.491
LSHADE,4,10,38,10078,0.0,100000,2.571
MSBO,4,10,39,10079,3.0477538113930223,100000,0.874
GA,4,10,39,10079,6.31447398281631,100000,2.885
PSO,4,10,39,10079,8.303364581506855,100000,0.087
DE,4,10,39,10079,0.5472580351004126,100000,1.646
ABC,4,10,39,10079,0.12023343933469732,100000,6.44
GWO,4,10,39,10079,22.816766156556525,100000,0.14
CMAES,4,10,39,10079,5.684341886080802e-14,5751,0.518
LSHADE,4,10,39,10079,0.0,100000,2.721
MSBO,4,10,40,10080,4.588875544430323,100000,0.952
GA,4,10,40,10080,0.01316428818353188,100000,2.866
PSO,4,10,40,10080,1.4209198248263988,100000,0.082
DE,4,10,40,10080,2.1183953746946145,100000,1.617
ABC,4,10,40,10080,0.15158675218765438,100000,6.318
GWO,4,10,40,10080,17.016840849257562,100000,0.146
CMAES,4,10,40,10080,0.0,6091,0.447
LSHADE,4,10,40,10080,0.0,100000,2.655
MSBO,4,10,41,10081,4.49938891028296,100000,0.848
GA,4,10,41,10081,4.5903414823001185,100000,2.839
PSO,4,10,41,10081,8.303364581506855,100000,0.079
DE,4,10,41,10081,2.1500436326496697,100000,1.701
ABC,4,10,41,10081,0.3496603899894808,100000,6.457
GWO,4,10,41,10081,6.858606359387295,100000,0.135
CMAES,4,10,41,10081,5.684341886080802e-14,5981,0.462
LSHADE,4,10,41,10081,0.0,100000,2.672
MSBO,4,10,42,10082,2.7552048513685463,100000,0.938
GA,4,10,42,10082,6.744792067044102,100000,3.101
PSO,4,10,42,10082,8.303364581506855,100000,0.088
DE,4,10,42,10082,2.3665122659178905,100000,1.785
ABC,4,10,42,10082,0.015548576969877104,100000,6.562
GWO,4,10,42,10082,18.808099626983164,100000,0.149
CMAES,4,10,42,10082,0.0,6581,0.591
LSHADE,4,10,42,10082,0.0,100000,2.558
MSBO,4,10,43,10083,4.162936504010759,100000,0.872
GA,4,10,43,10083,0.2751180441292149,100000,2.997
PSO,4,10,43,10083,65.42083803004078,100000,0.089
DE,4,10,43,10083,2.4460114570293285,100000,1.715
ABC,4,10,43,10083,0.2067081446862744,100000,6.707
GWO,4,10,43,10083,19.622166033483325,100000,0.142
CMAES,4,10,43,10083,5.684341886080802e-14,6341,0.549
LSHADE,4,10,43,10083,0.0,100000,2.675
MSBO,4,10,44,10084,5.001614881761668,100000,0.898
GA,4,10,44,10084,0.0017462311155895804,100000,2.946
PSO,4,10,44,10084,8.303364581506855,100000,0.083
DE,4,10,44,10084,2.5829013363338618,100000,1.76
ABC,4,10,44,10084,0.12237553748627761,100000,6.333
GWO,4,10,44,10084,17.01686263190703,100000,0.14
CMAES,4,10,44,10084,0.0,6181,0.541
LSHADE,4,10,44,10084,0.0,100000,2.49
MSBO,4,10,45,10085,3.9531474376994424,100000,0.855
GA,4,10,45,10085,2.097724957889966,100000,3.013
PSO,4,10,45,10085,3.9858335699370286,100000,0.087
DE,4,10,45,10085,4.344504980728573,100000,1.643
ABC,4,10,45,10085,0.08619881106227467,100000,6.431
GWO,4,10,45,10085,30.02809860553765,100000,0.142
CMAES,4,10,45,10085,0.0,5491,0.417
LSHADE,4,10,45,10085,0.0,100000,2.578
MSBO,4,10,46,10086,2.116948434738447,100000,0.923
GA,4,10,46,10086,2.520359142265079,100000,2.91
PSO,4,10,46,10086,8.303364581506912,100000,0.075
DE,4,10,46,10086,1.908518147344921,100000,1.627
ABC,4,10,46,10086,0.13645503273329496,100000,6.383
GWO,4,10,46,10086,6.8586198666374685,100000,0.136
CMAES,4,10,46,10086,5.684341886080802e-14,6361,0.571
LSHADE,4,10,46,10086,0.0,100000,2.599
MSBO,4,10,47,10087,4.594318153946233,100000,0.888
GA,4,10,47,10087,6.229883789214682,100000,2.959
PSO,4,10,47,10087,11.118591668974432,100000,0.085
DE,4,10,47,10087,2.4713424743138717,100000,1.749
ABC,4,10,47,10087,0.4130453863847947,100000,6.331
GWO,4,10,47,10087,18.808055440411636,100000,0.137
CMAES,4,10,47,10087,0.0,6191,0.523
LSHADE,4,10,47,10087,0.0,100000,2.411
MSBO,4,10,48,10088,4.710690544416934,100000,0.797
GA,4,10,48,10088,6.441903733090612,100000,2.821
PSO,4,10,48,10088,8.303364581506855,100000,0.08
DE,4,10,48,10088,2.3687965938515845,100000,1.627
ABC,4,10,48,10088,1.56620230446822,100000,6.279
GWO,4,10,48,10088,16.947870900677003,100000,0.132
CMAES,4,10,48,10088,5.684341886080802e-14,6161,0.472
LSHADE,4,10,48,10088,0.0,100000,2.473
MSBO,4,10,49,10089,3.200097537661179,100000,0.848
GA,4,10,49,10089,6.1442170525580195,100000,2.905
PSO,4,10,49,10089,4.624834451026288,100000,0.086
DE,4,10,49,10089,0.45601940365230575,100000,1.677
ABC,4,10,49,10089,0.1437456272462896,100000,6.457
GWO,4,10,49,10089,17.827561072692163,100000,0.173
CMAES,4,10,49,10089,0.0,6441,0.505
LSHADE,4,10,49,10089,0.0,100000,2.51
MSBO,4,10,50,10090,2.9252375946758775,100000,0.867
GA,4,10,50,10090,0.20627048412308113,100000,2.92
PSO,4,10,50,10090,2.862765326028466,100000,0.09
DE,4,10,50,10090,2.0241448040986825,100000,1.746
ABC,4,10,50,10090,0.029103320891181284,100000,6.389
GWO,4,10,50,10090,14.906024522288874,100000,0.142
CMAES,4,10,50,10090,0.0,5621,0.462
LSHADE,4,10,50,10090,0.0,100000,2.467
MSBO,5,10,0,10050,2.9848771873363376,100001,0.876
GA,5,10,0,10050,6.965363714297837,100000,2.874
PSO,5,10,0,10050,9.949585533113861,100000,0.087
DE,5,10,0,10050,10.027036487527084,100000,1.641
ABC,5,10,0,10050,5.110802529314469,100001,6.716
GWO,5,10,0,10050,36.870525229366535,100000,0.153
CMAES,5,10,0,10050,16.91428381930973,4481,0.367
LSHADE,5,10,0,10050,3.0268710584025484,100000,2.61
MSBO,5,10,1,10051,3.979836245996296,100000,0.912
GA,5,10,1,10051,7.579108727451228,100000,2.92
PSO,5,10,1,10051,16.91428885716391,100000,0.088
DE,5,10,1,10051,10.94453955238805,100000,1.749
ABC,5,10,1,10051,4.02407238684134,100000,6.557
GWO,5,10,1,10051,39.84433022127803,100000,0.155
CMAES,5,10,1,10051,19.899140793875063,3521,0.32
LSHADE,5,10,1,10051,3.003583549694838,100000,2.595
MSBO,5,10,2,10052,4.974795297869775,100002,0.895
GA,5,10,2,10052,13.936107018120765,100000,2.917
PSO,5,10,2,10052,33.56285005120924,100000,0.085
DE,5,10,2,10052,5.969749304740674,100000,1.651
ABC,5,10,2,10052,10.982277669757366,100001,6.543
GWO,5,10,2,10052,33.91675557877056,100000,0.161
CMAES,5,10,2,10052,7.959667418927268,3971,0.365
LSHADE,5,10,2,10052,2.0214628032757105,100000,2.604
MSBO,5,10,3,10053,2.848600168872508,100001,0.879
GA,5,10,3,10053,13.929450372666793,100000,2.841
PSO,5,10,3,10053,15.919334837854535,100000,0.091
DE,5,10,3,10053,7.2352742626977715,100000,1.666
ABC,5,10,3,10053,9.022661380618729,100000,6.137
GWO,5,10,3,10053,32.28272833905464,100000,0.152
CMAES,5,10,3,10053,8.954626476020564,4531,0.424
LSHADE,5,10,3,10053,2.9848771712798907,100000,2.521
MSBO,5,10,4,10054,1.9899181257419514,100002,0.897
GA,5,10,4,10054,16.914416667641945,100000,2.875
PSO,5,10,4,10054,15.91931464114009,100000,0.088
DE,5,10,4,10054,4.974795487560357,100000,1.691
ABC,5,10,4,10054,8.98175984657297,100000,6.653
GWO,5,10,4,10054,36.55923222245303,100000,0.158
CMAES,5,10,4,10054,9.949585533113861,5051,0.441
LSHADE,5,10,4,10054,2.994179685824065,100000,2.71
MSBO,5,10,5,10055,2.9848771805147294,100000,1.061
GA,5,10,5,10055,15.920636074341246,100000,2.997
PSO,5,10,5,10055,5.969754342559781,100000,0.087
DE,5,10,5,10055,6.964708361833971,100000,1.671
ABC,5,10,5,10055,7.070709664058768,100000,6.403
GWO,5,10,5,10055,33.1751922821511,100000,0.152
CMAES,5,10,5,10055,14.924375780761238,3491,0.324
LSHADE,5,10,5,10055,2.009084901538415,100000,2.647
MSBO,5,10,6,10056,3.9798362408163257,100001,0.925
GA,5,10,6,10056,10.952276011898505,100000,2.879
PSO,5,10,6,10056,31.838614168822915,100000,0.085
DE,5,10,6,10056,2.6750842116769036,100000,1.805
ABC,5,10,6,10056,4.982064104407868,100001,6.5
GWO,5,10,6,10056,39.12532780817162,100000,0.152
CMAES,5,10,6,10056,5.969754342559781,3471,0.286
LSHADE,5,10,6,10056,3.9925305913884586,100000,2.64
MSBO,5,10,7,10057,1.9899181298389976,100003,0.91
GA,5,10,7,10057,7.9597825352208815,100000,2.822
PSO,5,10,7,10057,14.924355584046793,100000,0.087
DE,5,10,7,10057,2.9848771712798907,100000,1.644
ABC,5,10,7,10057,4.985282762140059,100001,6.28
GWO,5,10,7,10057,40.3770383980268,100000,0.174
CMAES,5,10,7,10057,8.954626476020564,3531,0.34
LSHADE,5,10,7,10057,1.012038022932927,100000,2.615
MSBO,5,10,8,10058,3.9798362402472662,100000,0.901
GA,5,10,8,10058,18.907585473194786,100000,2.865
PSO,5,10,8,10058,19.49171371113448,100000,0.105
DE,5,10,8,10058,9.734321791833963,100000,1.993
ABC,5,10,8,10058,13.306916378834671,100002,6.492
GWO,5,10,8,10058,44.13893520788588,100000,0.164
CMAES,5,10,8,10058,15.91930960332104,3691,0.325
LSHADE,5,10,8,10058,3.109362206260812,100000,2.564
MSBO,5,10,9,10059,3.979836242341605,100000,0.894
GA,5,10,9,10059,10.944752934779842,100000,2.844
PSO,5,10,9,10059,19.75453610371642,100000,0.092
DE,5,10,9,10059,7.964232412053093,100000,1.713
ABC,5,10,9,10059,6.031211845028679,100001,6.148
GWO,5,10,9,10059,37.967498577711694,100000,0.145
CMAES,5,10,9,10059,14.924375780761238,3071,0.234
LSHADE,5,10,9,10059,1.9899181141866507,100000,2.554
MSBO,5,10,10,10060,0.994959071741448,100000,0.876
GA,5,10,10,10060,15.92233794141373,100000,2.765
PSO,5,10,10,10060,12.934457666574644,100000,0.082
DE,5,10,10,10060,8.981845988576595,100000,1.731
ABC,5,10,10,10060,9.00073027607192,100002,6.331
GWO,5,10,10,10060,38.427425329096536,100000,0.155
CMAES,5,10,10,10060,13.929416723667941,4231,0.364
LSHADE,5,10,10,10060,3.003229683890652,100000,2.861
MSBO,5,10,11,10061,2.9848771888076158,100000,0.915
GA,5,10,11,10061,14.924392085764566,100000,2.835
PSO,5,10,11,10061,13.929416723667941,100000,0.091
DE,5,10,11,10061,9.012359026312822,100000,1.73
ABC,5,10,11,10061,6.985318027972767,100000,6.267
GWO,5,10,11,10061,38.233762301508136,100000,0.148
CMAES,5,10,11,10061,11.939498609481404,3111,0.215
LSHADE,5,10,11,10061,3.9798362283742676,100000,2.65
MSBO,5,10,12,10062,1.9899181215296835,100001,0.932
GA,5,10,12,10062,22.885750722662806,100000,2.929
PSO,5,10,12,10062,39.79821577689074,100000,0.089
DE,5,10,12,10062,8.954626476020564,100000,1.827
ABC,5,10,12,10062,7.972606383123207,100000,6.79
GWO,5,10,12,10062,39.642856231545125,100000,0.169
CMAES,5,10,12,10062,7.959667418927268,3491,0.31
LSHADE,5,10,12,10062,2.9951359414546346,100000,2.632
MSBO,5,10,13,10063,7.959667428260673,100002,0.883
GA,5,10,13,10063,4.974903275465294,100000,2.786
PSO,5,10,13,10063,33.82848666886446,100000,0.104
DE,5,10,13,10063,2.9848771712798907,100000,1.736
ABC,5,10,13,10063,7.2484939028108215,100001,6.411
GWO,5,10,13,10063,30.847375112771033,100000,0.153
CMAES,5,10,13,10063,17.909247914222078,3471,0.263
LSHADE,5,10,13,10063,1.9899181204450542,100000,2.757
MSBO,5,10,14,10064,4.974795299168818,100002,0.985
GA,5,10,14,10064,9.993449638062941,100000,3.042
PSO,5,10,14,10064,27.27235461504233,100000,0.094
DE,5,10,14,10064,3.9798362283731876,100000,1.884
ABC,5,10,14,10064,5.059362986618112,100000,6.615
GWO,5,10,14,10064,33.84005391131973,100000,0.163
CMAES,5,10,14,10064,7.959667418927268,3131,0.29
LSHADE,5,10,14,10064,1.2710769915739775,100000,2.757
MSBO,5,10,15,10065,6.964708379079582,100003,0.962
GA,5,10,15,10065,16.43624597214034,100000,2.975
PSO,5,10,15,10065,20.894120047682804,100000,0.089
DE,5,10,15,10065,7.959667418927268,100000,1.76
ABC,5,10,15,10065,9.979856848114594,100000,6.385
GWO,5,10,15,10065,38.07408207601725,100000,0.153
CMAES,5,10,15,10065,12.934457666574644,3701,0.312
LSHADE,5,10,15,10065,3.0051393414290146,100000,2.586
MSBO,5,10,16,10066,3.9798362397560823,100001,0.941
GA,5,10,16,10066,6.021326406216588,100000,3.064
PSO,5,10,16,10066,22.0724748826716,100000,0.095
DE,5,10,16,10066,3.9798362283731876,100000,1.718
ABC,5,10,16,10066,7.967637206328618,100001,6.188
GWO,5,10,16,10066,29.560523488281774,100000,0.149
CMAES,5,10,16,10066,14.924370742942187,3551,0.263
LSHADE,5,10,16,10066,3.980253529414483,100000,2.763
MSBO,5,10,17,10067,4.97479529472696,100002,0.978
GA,5,10,17,10067,8.95490378961756,100000,3.023
PSO,5,10,17,10067,22.98555913714233,100000,0.094
DE,5,10,17,10067,10.134698325868385,100000,1.808
ABC,5,10,17,10067,7.966127852059287,100000,6.342
GWO,5,10,17,10067,38.05838861350412,100000,0.146
CMAES,5,10,17,10067,12.934457666574644,3201,0.271
LSHADE,5,10,17,10067,2.9994200630437717,100000,2.556
MSBO,5,10,18,10068,3.9798362413815767,100000,0.899
GA,5,10,18,10068,25.86902360124111,100000,2.967
PSO,5,10,18,10068,32.83339035346944,100000,0.091
DE,5,10,18,10068,3.9798362283731876,100000,1.68
ABC,5,10,18,10068,7.234436562977123,100003,6.33
GWO,5,10,18,10068,41.18683654053484,100000,0.15
CMAES,5,10,18,10068,17.909227717507633,3421,0.333
LSHADE,5,10,18,10068,3.9985804396183653,100000,2.58
MSBO,5,10,19,10069,2.9848771811405754,100003,0.91
GA,5,10,19,10069,19.899648292347706,100000,2.898
PSO,5,10,19,10069,12.934457666574644,100000,0.09
DE,5,10,19,10069,5.969754342559781,100000,1.748
ABC,5,10,19,10069,6.1619369280995215,100001,6.044
GWO,5,10,19,10069,37.96762945879948,100000,0.162
CMAES,5,10,19,10069,19.63352437293429,3311,0.305
LSHADE,5,10,19,10069,3.9798362288256044,100000,2.661
MSBO,5,10,20,10070,5.969754354491215,100004,0.934
GA,5,10,20,10070,11.939998894652888,100000,2.998
PSO,5,10,20,10070,18.90418677460093,100000,0.093
DE,5,10,20,10070,0.9949590570932969,100000,1.756
ABC,5,10,20,10070,8.001029878422912,100001,6.342
GWO,5,10,20,10070,33.60019465251992,100000,0.166
CMAES,5,10,20,10070,9.949585533113861,3551,1.557
LSHADE,5,10,20,10070,3.016983188567849,100000,2.69
MSBO,5,10,21,10071,4.974795301332051,100001,1.012
GA,5,10,21,10071,8.009325446747027,100000,2.941
PSO,5,10,21,10071,45.76792468820247,100000,0.093
DE,5,10,21,10071,6.964708361833971,100000,1.753
ABC,5,10,21,10071,10.005201564670642,100000,6.744
GWO,5,10,21,10071,26.310227245523038,100000,0.161
CMAES,5,10,21,10071,9.949585533113861,3561,0.316
LSHADE,5,10,21,10071,2.99374417269604,100000,2.701
MSBO,5,10,22,10072,0.9949590647537434,100000,0.984
GA,5,10,22,10072,16.917426641022416,100000,2.845
PSO,5,10,22,10072,23.485993049556896,100000,0.088
DE,5,10,22,10072,1.9899181141865938,100000,1.749
ABC,5,10,22,10072,6.980271586613242,100001,6.483
GWO,5,10,22,10072,34.41927376867329,100000,0.16
CMAES,5,10,22,10072,11.939503647300512,5321,0.464
LSHADE,5,10,22,10072,4.02395907722854,100000,2.564
MSBO,5,10,23,10073,3.9798362455524057,100001,0.877
GA,5,10,23,10073,16.91691769172519,100000,2.934
PSO,5,10,23,10073,27.858803174983223,100000,0.092
DE,5,10,23,10073,5.969749304740674,100000,1.783
ABC,5,10,23,10073,10.947826735767649,100000,6.886
GWO,5,10,23,10073,30.234397987211878,100000,0.179
CMAES,5,10,23,10073,10.944519355673606,3671,0.335
LSHADE,5,10,23,10073,3.985536963560776,100000,2.789
MSBO,5,10,24,10074,3.388233484025818,100002,0.995
GA,5,10,24,10074,5.969994815260804,100000,3.013
PSO,5,10,24,10074,24.873931041522496,100000,0.093
DE,5,10,24,10074,1.9899181141865938,100000,1.788
ABC,5,10,24,10074,10.959328794178191,100002,6.703
GWO,5,10,24,10074,41.57549966631268,100000,0.16
CMAES,5,10,24,10074,8.954626476020564,3511,0.323
LSHADE,5,10,24,10074,2.1431383637656154,100000,2.609
MSBO,5,10,25,10075,0.9949590756683051,100002,0.919
GA,5,10,25,10075,9.950341990733477,100000,2.986
PSO,5,10,25,10075,13.51615221629504,100000,0.09
DE,5,10,25,10075,7.959667418927268,100000,1.738
ABC,5,10,25,10075,7.425280953505762,100000,6.51
GWO,5,10,25,10075,41.37336303656673,100000,0.159
CMAES,5,10,25,10075,7.959672456746375,3421,0.299
LSHADE,5,10,25,10075,5.006759001586204,100000,2.687
MSBO,5,10,26,10076,0.9949590672219415,100000,0.936
GA,5,10,26,10076,20.894151157209535,100000,2.896
PSO,5,10,26,10076,16.870830548850904,100000,0.092
DE,5,10,26,10076,9.949585533113861,100000,1.661
ABC,5,10,26,10076,10.031858901707153,100000,6.374
GWO,5,10,26,10076,41.39889503732002,100000,0.158
CMAES,5,10,26,10076,10.944519355673606,3241,0.249
LSHADE,5,10,26,10076,2.005566621075843,100000,2.596
MSBO,5,10,27,10077,2.9848771857088536,100001,0.897
GA,5,10,27,10077,11.949440831531263,100000,2.893
PSO,5,10,27,10077,16.91428885712878,100000,0.086
DE,5,10,27,10077,3.9798362283731876,100000,1.779
ABC,5,10,27,10077,8.998925689284135,100003,6.598
GWO,5,10,27,10077,34.392188065699656,100000,0.176
CMAES,5,10,27,10077,14.924375780761238,4161,0.379
LSHADE,5,10,27,10077,2.9939033279375167,100000,2.543
MSBO,5,10,28,10078,2.984877187313998,100001,0.9
GA,5,10,28,10078,13.929521726839994,100000,2.797
PSO,5,10,28,10078,10.94453955238805,100000,0.092
DE,5,10,28,10078,16.117401319215105,100000,1.704
ABC,5,10,28,10078,5.978307038759112,100002,6.299
GWO,5,10,28,10078,33.32319220348177,100000,0.14
CMAES,5,10,28,10078,12.934457666574644,3221,0.283
LSHADE,5,10,28,10078,2.995181601635636,100000,2.628
MSBO,5,10,29,10079,1.9899181259932561,100001,0.985
GA,5,10,29,10079,7.960418148962219,100000,2.887
PSO,5,10,29,10079,10.944544590223018,100000,0.094
DE,5,10,29,10079,4.974790247647377,100000,1.761
ABC,5,10,29,10079,8.042267578402061,100000,6.306
GWO,5,10,29,10079,30.958825073293838,100000,0.159
CMAES,5,10,29,10079,25.868890098615793,4841,0.416
LSHADE,5,10,29,10079,1.9899181141865938,100000,2.71
MSBO,5,10,30,10080,6.96470837449516,100000,0.987
GA,5,10,30,10080,10.945100195874431,100000,2.939
PSO,5,10,30,10080,17.286859146747815,100000,0.096
DE,5,10,30,10080,12.800454587550007,100000,1.837
ABC,5,10,30,10080,8.044821601890703,100000,6.574
GWO,5,10,30,10080,28.687513007784787,100000,0.159
CMAES,5,10,30,10080,6.964713399653078,3181,0.256
LSHADE,5,10,30,10080,5.012490343529748,100000,2.708
MSBO,5,10,31,10081,3.9798362546275143,100001,1.15
GA,5,10,31,10081,16.787426657132414,100000,3.016
PSO,5,10,31,10081,11.939498609481348,100000,0.091
DE,5,10,31,10081,6.379125321858851,100000,1.881
ABC,5,10,31,10081,5.981335299650425,100003,6.494
GWO,5,10,31,10081,28.23499554398586,100000,0.154
CMAES,5,10,31,10081,9.949585533113861,3821,0.324
LSHADE,5,10,31,10081,3.0194271196269824,100000,2.607
MSBO,5,10,32,10082,1.9899181331429645,100003,0.917
GA,5,10,32,10082,12.935520995104866,100000,2.881
PSO,5,10,32,10082,23.878956825533805,100000,0.092
DE,5,10,32,10082,16.274582257139173,100000,1.736
ABC,5,10,32,10082,8.004200323575276,100001,6.458
GWO,5,10,32,10082,30.903173210538966,100000,0.162
CMAES,5,10,32,10082,6.964713399653078,4331,0.378
LSHADE,5,10,32,10082,3.9798362283827373,100000,2.751
MSBO,5,10,33,10083,0.9949590712942609,100000,0.934
GA,5,10,33,10083,8.955131268927914,100000,2.955
PSO,5,10,33,10083,21.889058908061656,100000,0.1
DE,5,10,33,10083,3.9798362283731876,100000,1.832
ABC,5,10,33,10083,6.97336760376254,100002,6.276
GWO,5,10,33,10083,39.47443427859173,100000,0.151
CMAES,5,10,33,10083,6.964708361833971,3491,0.295
LSHADE,5,10,33,10083,3.0052867320375185,100000,2.583
MSBO,5,10,34,10084,2.984877185244329,100000,0.93
GA,5,10,34,10084,12.934488555028679,100000,2.841
PSO,5,10,34,10084,21.889053870242606,100000,0.088
DE,5,10,34,10084,1.9899181141865938,100000,1.725
ABC,5,10,34,10084,6.9927701020886275,100000,6.288
GWO,5,10,34,10084,34.12101796325078,100000,0.161
CMAES,5,10,34,10084,28.006253168125,3861,0.305
LSHADE,5,10,34,10084,2.9848772838489595,100000,2.71
MSBO,5,10,35,10085,2.9848771763078616,100000,0.995
GA,5,10,35,10085,16.914544639464452,100000,3.021
PSO,5,10,35,10085,9.949585533114487,100000,0.099
DE,5,10,35,10085,11.143844580271093,100000,1.835
ABC,5,10,35,10085,4.991959537466016,100001,6.167
GWO,5,10,35,10085,35.640884422197814,100000,0.164
CMAES,5,10,35,10085,16.91428885712878,3341,0.285
LSHADE,5,10,35,10085,2.9848771712798907,100000,2.695
MSBO,5,10,36,10086,1.989918124481676,100000,1.018
GA,5,10,36,10086,15.919476144656642,100000,3.013
PSO,5,10,36,10086,12.934457666574644,100000,0.091
DE,5,10,36,10086,5.969754342559895,100000,1.735
ABC,5,10,36,10086,7.014181236269678,100001,6.379
GWO,5,10,36,10086,34.19549288774226,100000,0.154
CMAES,5,10,36,10086,13.929416723667941,3271,0.304
LSHADE,5,10,36,10086,3.9990881774430136,100000,2.767
MSBO,5,10,37,10087,4.97479529434338,100002,0.994
GA,5,10,37,10087,17.912815198972226,100000,3.118
PSO,5,10,37,10087,26.86378838266876,100000,0.103
DE,5,10,37,10087,9.890891986803922,100000,1.849
ABC,5,10,37,10087,9.964246446132279,100000,6.374
GWO,5,10,37,10087,39.768181323042654,100000,0.162
CMAES,5,10,37,10087,11.939503647300455,3521,0.272
LSHADE,5,10,37,10087,4.046621267919477,100000,2.565
MSBO,5,10,38,10088,1.9899181238827737,100003,0.949
GA,5,10,38,10088,10.96198062789864,100000,2.839
PSO,5,10,38,10088,34.38075455835383,100000,0.088
DE,5,10,38,10088,3.9798362283731876,100000,1.689
ABC,5,10,38,10088,7.025843910550009,100001,5.978
GWO,5,10,38,10088,46.87297778723621,100000,0.141
CMAES,5,10,38,10088,13.929396526953497,3401,0.281
LSHADE,5,10,38,10088,4.013354959027879,100000,2.6
MSBO,5,10,39,10089,3.9798362511049845,100001,0.91
GA,5,10,39,10089,17.909406289221693,100000,2.983
PSO,5,10,39,10089,16.91428885712878,100000,0.088
DE,5,10,39,10089,4.974790247647377,100000,1.774
ABC,5,10,39,10089,10.875331883272509,100001,6.452
GWO,5,10,39,10089,36.23323047875044,100000,0.157
CMAES,5,10,39,10089,12.934457666574644,3491,0.322
LSHADE,5,10,39,10089,3.006682312635519,100000,2.618
MSBO,5,10,40,10090,2.984877180119156,100002,0.91
GA,5,10,40,10090,18.905164961185164,100000,2.907
PSO,5,10,40,10090,24.873931041522496,100000,0.095
DE,5,10,40,10090,7.959667418927268,100000,1.74
ABC,5,10,40,10090,8.00835081858935,100001,6.179
GWO,5,10,40,10090,43.950602465067504,100000,0.151
CMAES,5,10,40,10090,15.919329800035484,3081,0.282
LSHADE,5,10,40,10090,3.1225384681317223,100000,2.595
MSBO,5,10,41,10091,2.984877182633795,100000,0.909
GA,5,10,41,10091,6.964884753525439,100000,3.059
PSO,5,10,41,10091,29.848655478310434,100000,0.092
DE,5,10,41,10091,5.3997552374021325,100000,1.707
ABC,5,10,41,10091,8.042115055907288,100000,6.15
GWO,5,10,41,10091,38.85964295248755,100000,0.155
CMAES,5,10,41,10091,10.94453955238805,3811,0.319
LSHADE,5,10,41,10091,3.0022597276282,100000,2.568
MSBO,5,10,42,10092,2.9848771931120837,100001,0.923
GA,5,10,42,10092,15.91937911807338,100000,2.802
PSO,5,10,42,10092,17.909247914222078,100000,0.094
DE,5,10,42,10092,2.9848771712798907,100000,1.726
ABC,5,10,42,10092,9.041610681726922,100001,6.414
GWO,5,10,42,10092,35.64761292768151,100000,0.166
CMAES,5,10,42,10092,12.9344374698602,3711,0.278
LSHADE,5,10,42,10092,3.044411500288959,100000,2.611
MSBO,5,10,43,10093,3.979836241095313,100003,0.898
GA,5,10,43,10093,12.93802234156226,100000,3.054
PSO,5,10,43,10093,46.76288374529577,100000,0.092
DE,5,10,43,10093,11.109881124298056,100000,1.756
ABC,5,10,43,10093,10.054421678813412,100001,6.449
GWO,5,10,43,10093,37.70974825374151,100000,0.148
CMAES,5,10,43,10093,7.959667418927268,3391,0.287
LSHADE,5,10,43,10093,5.019694002268238,100000,2.494
MSBO,5,10,44,10094,3.979836255684404,100003,0.939
GA,5,10,44,10094,7.959907597449842,100000,2.969
PSO,5,10,44,10094,15.919329800035484,100000,0.094
DE,5,10,44,10094,6.1134537005761445,100000,1.839
ABC,5,10,44,10094,3.0134733224836054,100001,6.276
GWO,5,10,44,10094,35.01960487104327,100000,0.151
CMAES,5,10,44,10094,19.899160990589507,4181,0.431
LSHADE,5,10,44,10094,1.9899181141865938,100000,2.707
MSBO,5,10,45,10095,3.979836244469311,100000,0.961
GA,5,10,45,10095,13.92954994417164,100000,2.964
PSO,5,10,45,10095,36.81338421975579,100000,0.094
DE,5,10,45,10095,3.9798362283731876,100000,1.799
ABC,5,10,45,10095,4.023822431991505,100001,6.407
GWO,5,10,45,10095,41.56507624856215,100000,0.143
CMAES,5,10,45,10095,17.909227717507633,3131,0.22
LSHADE,5,10,45,10095,3.9990100837212026,100000,2.568
MSBO,5,10,46,10096,2.984877182093385,100004,0.887
GA,5,10,46,10096,24.874692746046094,100000,2.89
PSO,5,10,46,10096,34.823445725957754,100000,0.087
DE,5,10,46,10096,9.949585533113861,100000,1.787
ABC,5,10,46,10096,10.988089996159772,100001,6.227
GWO,5,10,46,10096,40.200437878245566,100000,0.168
CMAES,5,10,46,10096,8.820623396995927,3631,0.372
LSHADE,5,10,46,10096,3.9801497906676673,100000,2.598
MSBO,5,10,47,10097,2.9848771807049843,100000,0.99
GA,5,10,47,10097,11.057526301640337,100000,3.29
PSO,5,10,47,10097,27.85874240194289,100000,0.089
DE,5,10,47,10097,5.969754342559725,100000,1.86
ABC,5,10,47,10097,9.05777127919606,100001,6.476
GWO,5,10,47,10097,38.599189996037694,100000,0.148
CMAES,5,10,47,10097,36.813404416470235,3671,0.268
LSHADE,5,10,47,10097,2.9859993417985606,100000,2.531
MSBO,5,10,48,10098,3.979836249286393,100002,0.94
GA,5,10,48,10098,5.977255471657884,100000,3.026
PSO,5,10,48,10098,29.848721289169816,100000,0.086
DE,5,10,48,10098,3.4091458446570186,100000,1.705
ABC,5,10,48,10098,8.98101449381727,100000,6.254
GWO,5,10,48,10098,42.85980465369596,100000,0.145
CMAES,5,10,48,10098,5.969754342559781,3631,0.322
LSHADE,5,10,48,10098,3.9987096310862285,100000,2.591
MSBO,5,10,49,10099,4.9747952961936335,100000,0.969
GA,5,10,49,10099,24.884184765235204,100000,4.013
PSO,5,10,49,10099,29.124213178518858,100000,0.09
DE,5,10,49,10099,3.580908315452234,100000,1.724
ABC,5,10,49,10099,8.026885558537401,100000,6.194
GWO,5,10,49,10099,40.7626722826933,100000,0.139
CMAES,5,10,49,10099,14.79036766391755,3371,0.329
LSHADE,5,10,49,10099,3.9804089035814627,100000,2.448
MSBO,5,10,50,10100,3.979836238972098,100001,0.968
GA,5,10,50,10100,7.959877213813854,100000,2.897
PSO,5,10,50,10100,16.91428885712878,100000,0.093
DE,5,10,50,10100,10.06255034390199,100000,1.691
ABC,5,10,50,10100,6.986504420005872,100004,6.378
GWO,5,10,50,10100,34.660912313154995,100000,0.161
CMAES,5,10,50,10100,23.8789719844292,4031,0.382
LSHADE,5,10,50,10100,3.979836228527745,100000,2.905
MSBO,6,10,0,10060,9.659550801188743e-05,100001,1.049
GA,6,10,0,10060,0.024781036920671795,100000,3.157
PSO,6,10,0,10060,2.5885322520819045,100000,0.143
DE,6,10,0,10060,0.0,100000,1.84
ABC,6,10,0,10060,1.2505552149377763e-12,100000,6.63
GWO,6,10,0,10060,2.996487733248273,100000,0.237
CMAES,6,10,0,10060,0.00043770885201865894,8721,0.781
LSHADE,6,10,0,10060,0.0,100000,2.744
MSBO,6,10,1,10061,7.756276181680732e-05,100003,1.093
GA,6,10,1,10061,0.022080629137803953,100000,3.137
PSO,6,10,1,10061,0.2171070548043872,100000,0.149
DE,6,10,1,10061,0.0,100000,1.879
ABC,6,10,1,10061,8.526512829121202e-12,100000,6.767
GWO,6,10,1,10061,9.881902106855023,100000,0.263
CMAES,6,10,1,10061,2.098957788060943,6051,0.587
LSHADE,6,10,1,10061,0.0,100000,2.869
MSBO,6,10,2,10062,0.00016893447218535584,100003,1.099
GA,6,10,2,10062,0.009886425297395363,100000,3.012
PSO,6,10,2,10062,0.5748609119435741,100000,0.148
DE,6,10,2,10062,0.0,100000,1.764
ABC,6,10,2,10062,5.434230843093246e-11,100000,6.443
GWO,6,10,2,10062,1.0952452374971244,100000,0.234
CMAES,6,10,2,10062,0.0008151819035902008,5611,0.404
LSHADE,6,10,2,10062,0.0,100000,2.644
MSBO,6,10,3,10063,7.908136637979624e-05,100002,1.033
GA,6,10,3,10063,0.03173989634433383,100000,3.065
PSO,6,10,3,10063,0.0020567782828493364,100000,0.143
DE,6,10,3,10063,0.0,100000,1.866
ABC,6,10,3,10063,4.5361048250924796e-11,100000,6.62
GWO,6,10,3,10063,4.94581666177919,100000,0.259
CMAES,6,10,3,10063,0.3930061668260123,6561,0.571
LSHADE,6,10,3,10063,0.0,100000,2.665
MSBO,6,10,4,10064,5.579756111728784e-05,100002,1.022
GA,6,10,4,10064,0.018867910418180145,100000,3.139
PSO,6,10,4,10064,1.20205006624019e-05,100000,0.134
DE,6,10,4,10064,0.0,100000,1.834
ABC,6,10,4,10064,6.019718057359569e-10,100000,6.223
GWO,6,10,4,10064,1.053756424783728,100000,0.25
CMAES,6,10,4,10064,0.00012464127519251633,6781,0.605
LSHADE,6,10,4,10064,0.0,100000,2.644
MSBO,6,10,5,10065,5.032091519296955e-05,100000,0.942
GA,6,10,5,10065,0.01034306508984173,100000,2.977
PSO,6,10,5,10065,0.022966181556739684,100000,0.143
DE,6,10,5,10065,0.0,100000,1.84
ABC,6,10,5,10065,3.104787538177334e-10,100000,6.65
GWO,6,10,5,10065,1.1670926335282275,100000,0.26
CMAES,6,10,5,10065,3.278007898188662e-05,6251,0.571
LSHADE,6,10,5,10065,0.0,100000,2.992
MSBO,6,10,6,10066,0.00011263694227636734,100000,1.029
GA,6,10,6,10066,0.009137258576856766,100000,3.188
PSO,6,10,6,10066,2.8130117711291405,100000,0.154
DE,6,10,6,10066,0.0,100000,1.842
ABC,6,10,6,10066,5.9117155615240335e-12,100000,6.525
GWO,6,10,6,10066,6.008205374128579,100000,0.241
CMAES,6,10,6,10066,0.21803418478270942,5701,0.483
LSHADE,6,10,6,10066,0.0,100000,2.661
MSBO,6,10,7,10067,8.509241251886124e-05,100003,0.985
GA,6,10,7,10067,0.02721596048399988,100000,3.01
PSO,6,10,7,10067,0.15642792922199078,100000,0.142
DE,6,10,7,10067,0.0,100000,1.862
ABC,6,10,7,10067,6.639311322942376e-11,100000,6.398
GWO,6,10,7,10067,3.3989173195767535,100000,0.242
CMAES,6,10,7,10067,1.4701202479371887,7121,0.61
LSHADE,6,10,7,10067,0.0,100000,2.665
MSBO,6,10,8,10068,0.00010984877633291035,100000,1.05
GA,6,10,8,10068,0.02468461239152475,100000,2.992
PSO,6,10,8,10068,0.6352727701580534,100000,0.146
DE,6,10,8,10068,0.0,100000,1.798
ABC,6,10,8,10068,2.0816059986827895e-10,100000,6.377
GWO,6,10,8,10068,1.1011192492154578,100000,0.247
CMAES,6,10,8,10068,0.1972549378108397,7261,0.619
LSHADE,6,10,8,10068,0.0,100000,2.635
MSBO,6,10,9,10069,0.00010026480367741897,100003,1.001
GA,6,10,9,10069,0.01629493469647514,100000,3.183
PSO,6,10,9,10069,2.7485193669335786,100000,0.177
DE,6,10,9,10069,0.0,100000,2.04
ABC,6,10,9,10069,2.992237568832934e-10,100000,6.526
GWO,6,10,9,10069,1.1599491138372287,100000,0.23
CMAES,6,10,9,10069,0.043996278005806744,6731,0.59
LSHADE,6,10,9,10069,0.0,100000,2.605
MSBO,6,10,10,10070,8.787157651113375e-05,100001,0.973
GA,6,10,10,10070,0.017131735478187693,100000,2.989
PSO,6,10,10,10070,0.008523585919988363,100000,0.161
DE,6,10,10,10070,0.0,100000,1.714
ABC,6,10,10,10070,6.59383658785373e-12,100000,6.364
GWO,6,10,10,10070,2.998519174994044,100000,0.248
CMAES,6,10,10,10070,3.2043140475680048,10341,0.952
LSHADE,6,10,10,10070,0.0,100000,2.655
MSBO,6,10,11,10071,7.318857535665302e-05,100002,1.059
GA,6,10,11,10071,0.011856561836452784,100000,3.315
PSO,6,10,11,10071,9.982491681563147,100000,0.16
DE,6,10,11,10071,0.0,100000,1.804
ABC,6,10,11,10071,6.684786058031023e-11,100000,6.585
GWO,6,10,11,10071,2.9469452273402794,100000,0.239
CMAES,6,10,11,10071,0.5927402984248147,6601,0.49
LSHADE,6,10,11,10071,0.0,100000,2.555
MSBO,6,10,12,10072,8.269404736438446e-05,100002,0.999
GA,6,10,12,10072,0.03560127273840408,100000,3.1
PSO,6,10,12,10072,0.2590295329082437,100000,0.142
DE,6,10,12,10072,0.0,100000,1.998
ABC,6,10,12,10072,1.057287590811029e-11,100000,6.665
GWO,6,10,12,10072,1.0780090037256969,100000,0.246
CMAES,6,10,12,10072,0.03818510359769789,5661,0.452
LSHADE,6,10,12,10072,0.0,100000,2.972
MSBO,6,10,13,10073,0.00011430009465129842,100003,1.171
GA,6,10,13,10073,0.007645139265832768,100000,3.066
PSO,6,10,13,10073,5.854349253699638,100000,0.155
DE,6,10,13,10073,0.0,100000,1.825
ABC,6,10,13,10073,1.2164491636212915e-11,100000,6.44
GWO,6,10,13,10073,1.0929805501533565,100000,0.228
CMAES,6,10,13,10073,0.04505635592272483,6401,0.576
LSHADE,6,10,13,10073,0.0,100000,2.602
MSBO,6,10,14,10074,0.00013604618470708374,100002,0.988
GA,6,10,14,10074,0.0525789864283297,100000,2.985
PSO,6,10,14,10074,1.5864087601837582,100000,0.148
DE,6,10,14,10074,0.0,100000,1.879
ABC,6,10,14,10074,3.5481662052916363e-10,100000,6.882
GWO,6,10,14,10074,1.0850116478750351,100000,0.285
CMAES,6,10,14,10074,0.005723558233285075,5901,0.589
LSHADE,6,10,14,10074,0.0,100000,2.791
MSBO,6,10,15,10075,0.00010117575379808841,100003,1.039
GA,6,10,15,10075,0.023218965508021938,100000,3.036
PSO,6,10,15,10075,0.004296858575457918,100000,0.136
DE,6,10,15,10075,0.0,100000,1.764
ABC,6,10,15,10075,4.8771653382573277e-11,100000,6.488
GWO,6,10,15,10075,5.9564055870728225,100000,0.247
CMAES,6,10,15,10075,0.0005635803711356857,8781,0.818
LSHADE,6,10,15,10075,0.0,100000,2.763
MSBO,6,10,16,10076,9.396156508501008e-05,100000,1.028
GA,6,10,16,10076,0.023057849992937918,100000,2.976
PSO,6,10,16,10076,0.0017287262485297106,100000,0.147
DE,6,10,16,10076,0.0,100000,1.77
ABC,6,10,16,10076,2.8421709430404007e-12,100000,6.525
GWO,6,10,16,10076,3.377417377407255,100000,0.241
CMAES,6,10,16,10076,2.0183178115582905,12461,0.912
LSHADE,6,10,16,10076,0.0,100000,2.698
MSBO,6,10,17,10077,5.101102408389124e-05,100003,0.999
GA,6,10,17,10077,0.13362945282085548,100000,3.053
PSO,6,10,17,10077,4.747747037735053,100000,0.149
DE,6,10,17,10077,0.0,100000,1.798
ABC,6,10,17,10077,4.069988790433854e-11,100000,6.781
GWO,6,10,17,10077,1.244336106101514,100000,0.228
CMAES,6,10,17,10077,0.027491120173294803,11711,0.891
LSHADE,6,10,17,10077,0.0,100000,2.583
MSBO,6,10,18,10078,0.00011623175407748931,100003,0.973
GA,6,10,18,10078,0.03259399188880252,100000,3.038
PSO,6,10,18,10078,2.969410028923562,100000,0.146
DE,6,10,18,10078,0.0,100000,1.939
ABC,6,10,18,10078,5.229594535194337e-12,100000,6.835
GWO,6,10,18,10078,3.0065892222165758,100000,0.248
CMAES,6,10,18,10078,5.531615018226262,8331,0.802
LSHADE,6,10,18,10078,0.0,100000,2.89
MSBO,6,10,19,10079,0.00012152055955994001,100002,1.095
GA,6,10,19,10079,0.10375315741760005,100000,3.084
PSO,6,10,19,10079,4.1043039692837056,100000,0.141
DE,6,10,19,10079,0.0,100000,2.008
ABC,6,10,19,10079,1.1903011909453198e-10,100000,6.628
GWO,6,10,19,10079,1.1292068857644608,100000,0.237
CMAES,6,10,19,10079,0.16077828809659422,6631,0.626
LSHADE,6,10,19,10079,0.0,100000,2.709
MSBO,6,10,20,10080,0.00011901908328582067,100003,1.052
GA,6,10,20,10080,0.011567134898882614,100000,3.094
PSO,6,10,20,10080,0.45315580621024765,100000,0.168
DE,6,10,20,10080,0.0,100000,1.97
ABC,6,10,20,10080,2.3874235921539366e-11,100000,6.604
GWO,6,10,20,10080,1.037251316892025,100000,0.238
CMAES,6,10,20,10080,0.005141734533822273,6481,0.581
LSHADE,6,10,20,10080,0.0,100000,2.75
MSBO,6,10,21,10081,8.2943518805223e-05,100001,1.084
GA,6,10,21,10081,0.09305955592856208,100000,3.126
PSO,6,10,21,10081,1.1770114439837016,100000,0.17
DE,6,10,21,10081,0.0,100000,1.864
ABC,6,10,21,10081,2.376054908381775e-11,100000,6.641
GWO,6,10,21,10081,2.5929041016905785,100000,0.236
CMAES,6,10,21,10081,0.006167791942630174,6101,0.509
LSHADE,6,10,21,10081,0.0,100000,2.818
MSBO,6,10,22,10082,7.31150587398588e-05,100001,1.154
GA,6,10,22,10082,0.007342114826883517,100000,3.439
PSO,6,10,22,10082,1.1213256175956303,100000,0.144
DE,6,10,22,10082,0.0,100000,1.965
ABC,6,10,22,10082,2.2521362552652135e-10,100000,6.414
GWO,6,10,22,10082,1.2486468517871572,100000,0.242
CMAES,6,10,22,10082,0.00011811826630037103,6321,0.589
LSHADE,6,10,22,10082,0.0,100000,2.667
MSBO,6,10,23,10083,9.896152744204301e-05,100003,1.025
GA,6,10,23,10083,0.01489080057672254,100000,3.122
PSO,6,10,23,10083,7.44922283775918,100000,0.16
DE,6,10,23,10083,0.0,100000,1.821
ABC,6,10,23,10083,2.717115421546623e-11,100000,6.458
GWO,6,10,23,10083,1.1415398746523806,100000,0.243
CMAES,6,10,23,10083,0.1428288139269398,6871,0.592
LSHADE,6,10,23,10083,0.0,100000,2.916
MSBO,6,10,24,10084,8.985856800336478e-05,100003,1.055
GA,6,10,24,10084,0.023617484237092867,100000,3.037
PSO,6,10,24,10084,0.0006810207545413505,100000,0.158
DE,6,10,24,10084,0.0,100000,1.829
ABC,6,10,24,10084,4.7407411329913884e-11,100000,6.999
GWO,6,10,24,10084,1.1073112406559176,100000,0.252
CMAES,6,10,24,10084,0.08210554013169258,6751,0.561
LSHADE,6,10,24,10084,0.0,100000,2.733
MSBO,6,10,25,10085,0.00010036512787792162,100002,1.102
GA,6,10,25,10085,0.030798936166775093,100000,3.123
PSO,6,10,25,10085,2.716346640278857,100000,0.15
DE,6,10,25,10085,0.0,100000,1.847
ABC,6,10,25,10085,2.3874235921539366e-12,100000,6.737
GWO,6,10,25,10085,1.1519889422977485,100000,0.249
CMAES,6,10,25,10085,0.02247358210706807,8841,0.87
LSHADE,6,10,25,10085,0.0,100000,2.793
MSBO,6,10,26,10086,0.00012613621095169947,100001,1.007
GA,6,10,26,10086,0.015595805083648884,100000,3.126
PSO,6,10,26,10086,0.4314961249308453,100000,0.148
DE,6,10,26,10086,0.0,100000,1.795
ABC,6,10,26,10086,3.660716174636036e-11,100000,6.45
GWO,6,10,26,10086,1.1565432029135536,100000,0.295
CMAES,6,10,26,10086,0.0008662388150924016,6401,0.619
LSHADE,6,10,26,10086,0.0,100000,2.668
MSBO,6,10,27,10087,0.00011034911869955977,100003,0.964
GA,6,10,27,10087,0.023502825054720233,100000,2.962
PSO,6,10,27,10087,0.17123948849143744,100000,0.152
DE,6,10,27,10087,0.0,100000,1.769
ABC,6,10,27,10087,3.296918293926865e-12,100000,6.778
GWO,6,10,27,10087,0.4052953086298885,100000,0.259
CMAES,6,10,27,10087,0.16710733861816607,6511,0.558
LSHADE,6,10,27,10087,0.0,100000,2.875
MSBO,6,10,28,10088,8.169884131348226e-05,100000,1.09
GA,6,10,28,10088,0.02176361011299832,100000,3.111
PSO,6,10,28,10088,0.016347127678614015,100000,0.172
DE,6,10,28,10088,0.0,100000,1.837
ABC,6,10,28,10088,1.0686562745831907e-11,100000,6.571
GWO,6,10,28,10088,5.092830778258076,100000,0.239
CMAES,6,10,28,10088,0.00824836888716618,6561,0.518
LSHADE,6,10,28,10088,0.0,100000,2.688
MSBO,6,10,29,10089,8.373500759262242e-05,100003,0.966
GA,6,10,29,10089,0.06362175882850352,100000,3.253
PSO,6,10,29,10089,7.075178360217819,100000,0.157
DE,6,10,29,10089,0.0,100000,1.972
ABC,6,10,29,10089,6.846221367595717e-10,100000,6.996
GWO,6,10,29,10089,2.6441940818453986,100000,0.247
CMAES,6,10,29,10089,0.0010176567067219366,5701,0.545
LSHADE,6,10,29,10089,0.0,100000,2.891
MSBO,6,10,30,10090,9.723197103994607e-05,100000,1.08
GA,6,10,30,10090,0.010878747681204004,100000,3.027
PSO,6,10,30,10090,0.0695666019297505,100000,0.161
DE,6,10,30,10090,0.0,100000,1.803
ABC,6,10,30,10090,2.240767571493052e-10,100000,6.368
GWO,6,10,30,10090,1.1949965937259321,100000,0.24
CMAES,6,10,30,10090,1.2288078940216565,8961,0.789
LSHADE,6,10,30,10090,0.0,100000,2.704
MSBO,6,10,31,10091,9.978794867038232e-05,100001,1.054
GA,6,10,31,10091,0.00834210448738304,100000,3.269
PSO,6,10,31,10091,0.5127069528049333,100000,0.159
DE,6,10,31,10091,0.0,100000,1.803
ABC,6,10,31,10091,2.494743966963142e-09,100000,6.364
GWO,6,10,31,10091,1.195993028456769,100000,0.232
CMAES,6,10,31,10091,0.004266595199396761,6441,0.486
LSHADE,6,10,31,10091,0.0,100000,2.559
MSBO,6,10,32,10092,8.727398153496324e-05,100001,0.996
GA,6,10,32,10092,0.030854829275199336,100000,2.998
PSO,6,10,32,10092,1.343069219545896,100000,0.156
DE,6,10,32,10092,0.0,100000,1.878
ABC,6,10,32,10092,8.425217856711242e-09,100000,6.574
GWO,6,10,32,10092,3.3977374768387563,100000,0.24
CMAES,6,10,32,10092,0.18514401686297788,6801,0.551
LSHADE,6,10,32,10092,0.0,100000,2.726
MSBO,6,10,33,10093,3.736696544365259e-05,100003,1.103
GA,6,10,33,10093,0.01436689090235177,100000,3.105
PSO,6,10,33,10093,3.0266965756104582,100000,0.155
DE,6,10,33,10093,0.0,100000,1.829
ABC,6,10,33,10093,9.458744898438454e-11,100000,6.654
GWO,6,10,33,10093,2.6095568710478574,100000,0.255
CMAES,6,10,33,10093,0.9838013917603803,6401,0.585
LSHADE,6,10,33,10093,0.0,100000,2.658
MSBO,6,10,34,10094,9.804832086501847e-05,100000,0.996
GA,6,10,34,10094,0.014668569865989411,100000,2.974
PSO,6,10,34,10094,1.0453510736873568,100000,0.145
DE,6,10,34,10094,0.0,100000,1.731
ABC,6,10,34,10094,8.071765478234738e-12,100000,6.356
GWO,6,10,34,10094,1.0878689388864586,100000,0.245
CMAES,6,10,34,10094,0.12633472716379401,6381,0.644
LSHADE,6,10,34,10094,1.1368683772161603e-13,100000,2.895
MSBO,6,10,35,10095,9.213837677179981e-05,100002,1.0
GA,6,10,35,10095,0.018438706429037666,100000,3.083
PSO,6,10,35,10095,9.524229851392192,100000,0.138
DE,6,10,35,10095,0.0,100000,1.893
ABC,6,10,35,10095,3.8824055081931874e-10,100000,6.307
GWO,6,10,35,10095,3.443400626352286,100000,0.241
CMAES,6,10,35,10095,3.1491034633290838e-06,5331,0.457
LSHADE,6,10,35,10095,0.0,100000,2.638
MSBO,6,10,36,10096,5.93103934534156e-05,100000,0.996
GA,6,10,36,10096,2.1035052374768384,100000,3.005
PSO,6,10,36,10096,1.610746070329128,100000,0.149
DE,6,10,36,10096,0.0,100000,1.768
ABC,6,10,36,10096,2.958131517516449e-10,100000,6.591
GWO,6,10,36,10096,5.280439243487649,100000,0.268
CMAES,6,10,36,10096,0.03715329409305923,21481,1.79
LSHADE,6,10,36,10096,0.0,100000,2.8
MSBO,6,10,37,10097,0.0001161021828011144,100001,1.039
GA,6,10,37,10097,0.1609783302338883,100000,3.086
PSO,6,10,37,10097,0.015667941136030095,100000,0.164
DE,6,10,37,10097,0.0,100000,1.822
ABC,6,10,37,10097,5.343281372915953e-12,100000,6.349
GWO,6,10,37,10097,1.0445095041966397,100000,0.235
CMAES,6,10,37,10097,1.3404526650483604,6481,0.603
LSHADE,6,10,37,10097,0.0,100000,2.871
MSBO,6,10,38,10098,2.5680426233520848e-05,100001,1.062
GA,6,10,38,10098,0.025523588993792146,100000,2.954
PSO,6,10,38,10098,1.0641867060173809,100000,0.159
DE,6,10,38,10098,0.0,100000,1.749
ABC,6,10,38,10098,4.774847184307873e-12,100000,6.394
GWO,6,10,38,10098,1.0864678870506168,100000,0.231
CMAES,6,10,38,10098,0.20989101376574126,6001,0.498
LSHADE,6,10,38,10098,1.1368683772161603e-13,100000,2.614
MSBO,6,10,39,10099,9.016236640491115e-05,100003,0.955
GA,6,10,39,10099,0.06058765942930222,100000,2.87
PSO,6,10,39,10099,1.1309249049127175,100000,0.14
DE,6,10,39,10099,0.0,100000,1.679
ABC,6,10,39,10099,6.821210263296962e-13,100000,6.192
GWO,6,10,39,10099,1.0095240805609365,100000,0.23
CMAES,6,10,39,10099,0.06222899230635903,13001,0.891
LSHADE,6,10,39,10099,0.0,100000,2.572
MSBO,6,10,40,10100,0.00012801310401755472,100002,0.98
GA,6,10,40,10100,0.022767266244954953,100000,2.98
PSO,6,10,40,10100,3.4325231693378555,100000,0.147
DE,6,10,40,10100,0.0,100000,1.763
ABC,6,10,40,10100,8.799361239653081e-11,100000,6.357
GWO,6,10,40,10100,4.863860198896873,100000,0.234
CMAES,6,10,40,10100,1.8226680163683113,13501,1.274
LSHADE,6,10,40,10100,0.0,100000,2.729
MSBO,6,10,41,10101,7.754309569918405e-05,100000,1.085
GA,6,10,41,10101,0.028802791699604313,100000,3.039
PSO,6,10,41,10101,13.873443124596633,100000,0.154
DE,6,10,41,10101,0.0,100000,1.808
ABC,6,10,41,10101,1.693933882052079e-11,100000,6.392
GWO,6,10,41,10101,2.669426049090248,100000,0.231
CMAES,6,10,41,10101,0.002311405128352817,10521,0.888
LSHADE,6,10,41,10101,0.0,100000,2.632
MSBO,6,10,42,10102,0.00013013042439524725,100000,1.027
GA,6,10,42,10102,0.06633836009871175,100000,2.949
PSO,6,10,42,10102,10.17935516785792,100000,0.149
DE,6,10,42,10102,0.0,100000,1.858
ABC,6,10,42,10102,1.3047838365309872e-09,100000,6.345
GWO,6,10,42,10102,1.0551110014977212,100000,0.251
CMAES,6,10,42,10102,1.1895915799045724,6221,0.536
LSHADE,6,10,42,10102,0.0,100000,2.747
MSBO,6,10,43,10103,0.00011165941418767034,100002,0.981
GA,6,10,43,10103,0.033631527173952236,100000,2.91
PSO,6,10,43,10103,2.653544839762276,100000,0.14
DE,6,10,43,10103,0.0,100000,1.819
ABC,6,10,43,10103,1.1709744285326451e-11,100000,6.33
GWO,6,10,43,10103,3.4554302893830027,100000,0.226
CMAES,6,10,43,10103,0.6250729115494096,6611,0.586
LSHADE,6,10,43,10103,0.0,100000,2.666
MSBO,6,10,44,10104,5.171444399820757e-05,100003,1.048
GA,6,10,44,10104,0.02790491237385595,100000,3.04
PSO,6,10,44,10104,0.9559578072403383,100000,0.154
DE,6,10,44,10104,0.0,100000,1.873
ABC,6,10,44,10104,1.2164491636212915e-11,100000,6.409
GWO,6,10,44,10104,5.385584624789658,100000,0.235
CMAES,6,10,44,10104,0.39883124602022235,6761,0.539
LSHADE,6,10,44,10104,0.0,100000,2.547
MSBO,6,10,45,10105,7.069863374908891e-05,100002,0.942
GA,6,10,45,10105,0.02849151218094903,100000,2.855
PSO,6,10,45,10105,0.21195231119429536,100000,0.156
DE,6,10,45,10105,0.0,100000,1.849
ABC,6,10,45,10105,1.3642420526593924e-12,100000,6.272
GWO,6,10,45,10105,1.107924956512079,100000,0.237
CMAES,6,10,45,10105,1.3977841671115812,6501,0.472
LSHADE,6,10,45,10105,0.0,100000,3.003
MSBO,6,10,46,10106,8.847701678860176e-05,100000,1.086
GA,6,10,46,10106,0.014886210939948796,100000,3.197
PSO,6,10,46,10106,0.0684221227670605,100000,0.147
DE,6,10,46,10106,0.0,100000,1.823
ABC,6,10,46,10106,4.547473508864641e-12,100000,6.583
GWO,6,10,46,10106,3.3618746118939953,100000,0.239
CMAES,6,10,46,10106,0.01764485107071323,6111,0.457
LSHADE,6,10,46,10106,1.1368683772161603e-13,100000,2.6
MSBO,6,10,47,10107,6.356693927500601e-05,100000,0.954
GA,6,10,47,10107,0.025826435021713223,100000,2.911
PSO,6,10,47,10107,0.008626909569670715,100000,0.135
DE,6,10,47,10107,0.0,100000,1.875
ABC,6,10,47,10107,2.319211489520967e-11,100000,6.499
GWO,6,10,47,10107,0.021689366261966825,100000,0.239
CMAES,6,10,47,10107,0.04499638495462932,6691,0.637
LSHADE,6,10,47,10107,0.0,100000,2.638
MSBO,6,10,48,10108,7.0823494297656e-05,100003,1.087
GA,6,10,48,10108,0.01937829032397076,100000,2.98
PSO,6,10,48,10108,1.4407648213305038,100000,0.161
DE,6,10,48,10108,0.0,100000,1.79
ABC,6,10,48,10108,8.640199666842818e-12,100000,6.361
GWO,6,10,48,10108,3.038117055938301,100000,0.232
CMAES,6,10,48,10108,0.018762209985084155,8891,0.66
LSHADE,6,10,48,10108,0.0,100000,2.586
MSBO,6,10,49,10109,0.00013542709962166555,100002,1.062
GA,6,10,49,10109,0.022268830336088286,100000,3.173
PSO,6,10,49,10109,1.8888297562964453,100000,0.149
DE,6,10,49,10109,0.0,100000,1.937
ABC,6,10,49,10109,4.3996806198265404e-11,100000,6.416
GWO,6,10,49,10109,3.4221685991965387,100000,0.281
CMAES,6,10,49,10109,0.0016747708219781998,6411,0.578
LSHADE,6,10,49,10109,0.0,100000,2.843
MSBO,6,10,50,10110,4.7309399860751e-05,100000,1.024
GA,6,10,50,10110,0.14786994746907567,100000,3.142
PSO,6,10,50,10110,0.713958181484827,100000,0.18
DE,6,10,50,10110,0.0,100000,1.936
ABC,6,10,50,10110,7.582912076031789e-11,100000,6.34
GWO,6,10,50,10110,1.0539091434593502,100000,0.252
CMAES,6,10,50,10110,0.0016903201192235429,6311,0.565
LSHADE,6,10,50,10110,0.0,100000,2.715
MSBO,7,10,0,10070,11.277769477476568,100003,1.001
GA,7,10,0,10070,17.48645270068846,100000,2.831
PSO,7,10,0,10070,22.781569647618426,100000,0.092
DE,7,10,0,10070,31.59924381659289,100000,1.711
ABC,7,10,0,10070,17.280631764451982,100001,6.731
GWO,7,10,0,10070,46.23058526293437,100000,0.17
CMAES,7,10,0,10070,28.112980039850527,4341,0.359
LSHADE,7,10,0,10070,10.742740373345669,100000,2.706
MSBO,7,10,1,10071,10.974466098860148,100003,0.977
GA,7,10,1,10071,15.268902245653976,100000,2.944
PSO,7,10,1,10071,26.9228081801499,100000,0.123
DE,7,10,1,10071,16.643985020183663,100000,1.913
ABC,7,10,1,10071,14.812415327369195,100001,6.531
GWO,7,10,1,10071,43.162347297493966,100000,0.172
CMAES,7,10,1,10071,25.41707838278353,5061,0.471
LSHADE,7,10,1,10071,12.835743819376717,100000,2.747
MSBO,7,10,2,10072,11.188280297159736,100002,0.912
GA,7,10,2,10072,23.92187400214948,100000,2.91
PSO,7,10,2,10072,23.78794373460653,100000,0.098
DE,7,10,2,10072,23.438696700544256,100000,1.706
ABC,7,10,2,10072,20.877581512854476,100003,6.485
GWO,7,10,2,10072,47.478771248241856,100000,0.172
CMAES,7,10,2,10072,23.96120311202992,4361,0.34
LSHADE,7,10,2,10072,13.055762663198266,100000,2.831
MSBO,7,10,3,10073,12.841066943327178,100001,1.016
GA,7,10,3,10073,16.40675890902537,100000,3.134
PSO,7,10,3,10073,41.31013516735038,100000,0.102
DE,7,10,3,10073,24.095679268314143,100000,1.746
ABC,7,10,3,10073,17.099946163762752,100000,6.347
GWO,7,10,3,10073,54.516265959523935,100000,0.162
CMAES,7,10,3,10073,19.799613167975508,3941,0.337
LSHADE,7,10,3,10073,12.953605240613115,100000,2.66
MSBO,7,10,4,10074,11.423154413861539,100003,0.929
GA,7,10,4,10074,21.701137220534633,100000,2.951
PSO,7,10,4,10074,37.18257126208937,100000,0.098
DE,7,10,4,10074,30.911435462583086,100000,1.994
ABC,7,10,4,10074,11.513337251979465,100002,6.351
GWO,7,10,4,10074,47.02902591116333,100000,0.163
CMAES,7,10,4,10074,29.84324980190661,3501,0.278
LSHADE,7,10,4,10074,13.65894285490765,100000,2.657
MSBO,7,10,5,10075,13.398523262682943,100002,0.967
GA,7,10,5,10075,24.11561630715812,100000,2.904
PSO,7,10,5,10075,20.06364847187092,100000,0.096
DE,7,10,5,10075,12.886118669280336,100000,1.703
ABC,7,10,5,10075,19.003623148493716,100002,6.098
GWO,7,10,5,10075,58.707490470799485,100000,0.154
CMAES,7,10,5,10075,23.255215531282943,4311,0.359
LSHADE,7,10,5,10075,13.264800751062467,100000,2.658
MSBO,7,10,6,10076,11.192352344502183,100000,0.9
GA,7,10,6,10076,19.042321759496076,100000,2.782
PSO,7,10,6,10076,22.24412957144193,100000,0.095
DE,7,10,6,10076,19.24095132582943,100000,1.773
ABC,7,10,6,10076,16.805642949714183,100002,6.557
GWO,7,10,6,10076,47.75915863950718,100000,0.164
CMAES,7,10,6,10076,27.936200388700854,3791,0.286
LSHADE,7,10,6,10076,11.866033626060585,100000,2.741
MSBO,7,10,7,10077,12.352036863827607,100001,0.913
GA,7,10,7,10077,14.691773364510254,100000,2.891
PSO,7,10,7,10077,35.232059218068684,100000,0.094
DE,7,10,7,10077,17.403243329227166,100000,1.759
ABC,7,10,7,10077,19.234747380889075,100004,6.263
GWO,7,10,7,10077,46.19084424682649,100000,0.17
CMAES,7,10,7,10077,20.004952686507522,3501,0.32
LSHADE,7,10,7,10077,12.189299799235982,100000,2.567
MSBO,7,10,8,10078,12.674199734533204,100003,0.945
GA,7,10,8,10078,26.202212450123966,100000,3.016
PSO,7,10,8,10078,33.84652139995694,100000,0.093
DE,7,10,8,10078,15.457692003858938,100000,1.789
ABC,7,10,8,10078,16.071641755998712,100003,6.358
GWO,7,10,8,10078,44.419898369210955,100000,0.16
CMAES,7,10,8,10078,18.756723779789127,3701,0.314
LSHADE,7,10,8,10078,13.23793195840858,100000,2.7
MSBO,7,10,9,10079,12.659071247231168,100001,0.89
GA,7,10,9,10079,19.666387353645405,100000,2.796
PSO,7,10,9,10079,29.764052615448236,100000,0.094
DE,7,10,9,10079,22.44871266563905,100000,1.645
ABC,7,10,9,10079,17.26764675835443,100003,6.062
GWO,7,10,9,10079,54.347908535630495,100000,0.147
CMAES,7,10,9,10079,27.859517369792457,3971,0.294
LSHADE,7,10,9,10079,13.55995309747982,100000,2.44
MSBO,7,10,10,10080,11.23917480600187,100002,0.903
GA,7,10,10,10080,18.66652531655393,100000,2.801
PSO,7,10,10,10080,25.706342120325417,100000,0.095
DE,7,10,10,10080,31.688379238449784,100000,1.691
ABC,7,10,10,10080,17.601741388302116,100000,6.287
GWO,7,10,10,10080,57.491698752772436,100000,0.157
CMAES,7,10,10,10080,31.246569399255122,4041,0.301
LSHADE,7,10,10,10080,12.612524180695345,100000,2.648
MSBO,7,10,11,10081,12.45923660345477,100002,0.969
GA,7,10,11,10081,25.84804541684082,100000,2.948
PSO,7,10,11,10081,24.645641144350975,100000,0.099
DE,7,10,11,10081,23.007578692383277,100000,1.683
ABC,7,10,11,10081,21.042232391020434,100002,6.107
GWO,7,10,11,10081,44.46825734572599,100000,0.151
CMAES,7,10,11,10081,29.033760095619186,4591,0.315
LSHADE,7,10,11,10081,12.099082777273225,100000,2.616
MSBO,7,10,12,10082,11.481578805961021,100000,0.889
GA,7,10,12,10082,15.054581939791206,100000,2.816
PSO,7,10,12,10082,33.008936404722476,100000,0.105
DE,7,10,12,10082,28.50566074362837,100000,1.824
ABC,7,10,12,10082,7.245283249840099,100000,6.507
GWO,7,10,12,10082,41.96202818631264,100000,0.174
CMAES,7,10,12,10082,29.70495530252481,3751,0.364
LSHADE,7,10,12,10082,12.622963242393325,100000,2.76
MSBO,7,10,13,10083,11.8112522952066,100003,0.962
GA,7,10,13,10083,16.246484670502923,100000,2.906
PSO,7,10,13,10083,36.37880584703635,100000,0.096
DE,7,10,13,10083,11.509237451101967,100000,1.722
ABC,7,10,13,10083,20.350351527489124,100002,6.157
GWO,7,10,13,10083,55.99734553943722,100000,0.16
CMAES,7,10,13,10083,24.384347900115472,4071,0.355
LSHADE,7,10,13,10083,12.8636188247483,100000,2.659
MSBO,7,10,14,10084,11.188053285593924,100002,0.879
GA,7,10,14,10084,15.197165235879766,100000,2.795
PSO,7,10,14,10084,37.15734504086572,100000,0.096
DE,7,10,14,10084,14.549443303994849,100000,1.704
ABC,7,10,14,10084,14.456155542926922,100004,6.173
GWO,7,10,14,10084,51.19440423000083,100000,0.172
CMAES,7,10,14,10084,23.994372785453493,4011,0.3
LSHADE,7,10,14,10084,13.464809411499573,100000,2.614
MSBO,7,10,15,10085,11.793441843202004,100000,0.902
GA,7,10,15,10085,5.994454424919354,100000,2.865
PSO,7,10,15,10085,39.97161971062155,100000,0.097
DE,7,10,15,10085,14.60910421177607,100000,1.771
ABC,7,10,15,10085,16.976797765633478,100002,6.322
GWO,7,10,15,10085,48.31099236252055,100000,0.166
CMAES,7,10,15,10085,28.042882787823373,3401,0.279
LSHADE,7,10,15,10085,13.134947198306122,100000,2.655
MSBO,7,10,16,10086,10.461339926344635,100003,0.92
GA,7,10,16,10086,21.235172644888507,100000,2.99
PSO,7,10,16,10086,45.43439750878417,100000,0.099
DE,7,10,16,10086,16.226004422293386,100000,1.899
ABC,7,10,16,10086,14.254669160075991,100001,6.869
GWO,7,10,16,10086,44.25321159269936,100000,0.171
CMAES,7,10,16,10086,9.21764461483599,3171,0.281
LSHADE,7,10,16,10086,11.810397721533604,100000,2.656
MSBO,7,10,17,10087,11.026445927604072,100002,0.913
GA,7,10,17,10087,16.896242358547966,100000,2.863
PSO,7,10,17,10087,9.12308042306961,100000,0.094
DE,7,10,17,10087,38.22775753249459,100000,1.713
ABC,7,10,17,10087,18.31084083796759,100002,6.389
GWO,7,10,17,10087,57.00029535041881,100000,0.177
CMAES,7,10,17,10087,29.687466217327255,3781,0.325
LSHADE,7,10,17,10087,12.144826560192882,100000,2.707
MSBO,7,10,18,10088,12.087559774799956,100001,0.938
GA,7,10,18,10088,21.470026326938182,100000,2.839
PSO,7,10,18,10088,17.195972385470327,100000,0.096
DE,7,10,18,10088,35.300417589977314,100000,1.791
ABC,7,10,18,10088,14.630571736250772,100003,6.453
GWO,7,10,18,10088,59.23517590592121,100000,0.161
CMAES,7,10,18,10088,13.394401727954119,4281,0.425
LSHADE,7,10,18,10088,13.068922161278465,100000,2.592
MSBO,7,10,19,10089,13.464655778923657,100000,0.922
GA,7,10,19,10089,26.78195228095217,100000,2.858
PSO,7,10,19,10089,29.58395765219302,100000,0.1
DE,7,10,19,10089,32.04762562092583,100000,1.778
ABC,7,10,19,10089,16.96866491276444,100001,6.532
GWO,7,10,19,10089,40.78381984737257,100000,0.151
CMAES,7,10,19,10089,21.315066451672465,3321,0.247
LSHADE,7,10,19,10089,12.519637365745439,100000,2.477
MSBO,7,10,20,10090,12.628384244158838,100003,0.9
GA,7,10,20,10090,13.807635236445549,100000,3.057
PSO,7,10,20,10090,20.48929371433894,100000,0.099
DE,7,10,20,10090,20.247058659159507,100000,1.717
ABC,7,10,20,10090,15.954602273666978,100000,6.698
GWO,7,10,20,10090,54.248778616594905,100000,0.156
CMAES,7,10,20,10090,18.816293880319904,3901,0.336
LSHADE,7,10,20,10090,13.046797334494045,100000,2.83
MSBO,7,10,21,10091,13.146367544789541,100001,0.997
GA,7,10,21,10091,24.876257653193647,100000,2.86
PSO,7,10,21,10091,36.719633416934585,100000,0.086
DE,7,10,21,10091,16.954186651765667,100000,1.769
ABC,7,10,21,10091,17.236317772353004,100001,6.268
GWO,7,10,21,10091,52.967229188089505,100000,0.155
CMAES,7,10,21,10091,22.809769224969955,4051,0.358
LSHADE,7,10,21,10091,12.605471214344789,100000,2.591
MSBO,7,10,22,10092,12.05671113099811,100000,0.882
GA,7,10,22,10092,23.312198392714095,100000,2.873
PSO,7,10,22,10092,20.90774804327748,100000,0.094
DE,7,10,22,10092,29.75808903864197,100000,1.729
ABC,7,10,22,10092,20.6743736187467,100003,6.324
GWO,7,10,22,10092,55.305183898874475,100000,0.152
CMAES,7,10,22,10092,33.671165548130375,3391,0.274
LSHADE,7,10,22,10092,12.08144040137222,100000,2.583
MSBO,7,10,23,10093,11.680170972879978,100002,1.084
GA,7,10,23,10093,21.179035902161218,100000,2.873
PSO,7,10,23,10093,23.79041527748666,100000,0.094
DE,7,10,23,10093,5.853822263073084,100000,1.631
ABC,7,10,23,10093,15.437207031517573,100002,6.016
GWO,7,10,23,10093,48.494351955697425,100000,0.147
CMAES,7,10,23,10093,30.039643021743245,3701,0.305
LSHADE,7,10,23,10093,13.127732641961416,100000,2.562
MSBO,7,10,24,10094,11.443808620598816,100000,0.917
GA,7,10,24,10094,15.223554712653709,100000,2.841
PSO,7,10,24,10094,23.124356357252168,100000,0.099
DE,7,10,24,10094,25.09482370954288,100000,1.717
ABC,7,10,24,10094,16.156722835099913,100002,6.305
GWO,7,10,24,10094,40.60058830980563,100000,0.167
CMAES,7,10,24,10094,12.570186560733987,3211,0.285
LSHADE,7,10,24,10094,14.471384235360915,100000,2.704
MSBO,7,10,25,10095,12.403347275648798,100003,0.937
GA,7,10,25,10095,19.937576561074366,100000,2.92
PSO,7,10,25,10095,27.404553759557984,100000,0.094
DE,7,10,25,10095,21.348166364350163,100000,1.626
ABC,7,10,25,10095,12.57713433751951,100001,6.059
GWO,7,10,25,10095,48.52131025057554,100000,0.153
CMAES,7,10,25,10095,21.60379779495986,3921,0.294
LSHADE,7,10,25,10095,12.194342246229326,100000,2.552
MSBO,7,10,26,10096,12.17393037537488,100003,0.897
GA,7,10,26,10096,20.72609664227184,100000,2.778
PSO,7,10,26,10096,23.030363958363182,100000,0.091
DE,7,10,26,10096,12.992101179690053,100000,1.679
ABC,7,10,26,10096,9.050005420976731,100000,6.726
GWO,7,10,26,10096,45.998336641126684,100000,0.173
CMAES,7,10,26,10096,40.22570123386333,3211,0.297
LSHADE,7,10,26,10096,12.734326339268364,100000,2.761
MSBO,7,10,27,10097,11.577576703027717,100003,0.93
GA,7,10,27,10097,12.451706395583528,100000,2.987
PSO,7,10,27,10097,18.346601674363228,100000,0.094
DE,7,10,27,10097,17.878370519042278,100000,1.778
ABC,7,10,27,10097,18.02990023671748,100002,6.179
GWO,7,10,27,10097,55.22189991568678,100000,0.16
CMAES,7,10,27,10097,18.460861303638694,4401,0.371
LSHADE,7,10,27,10097,13.952929478728038,100000,2.449
MSBO,7,10,28,10098,11.906869443320147,100003,0.83
GA,7,10,28,10098,17.278074380285943,100000,2.846
PSO,7,10,28,10098,34.18546200887954,100000,0.09
DE,7,10,28,10098,29.005248749219163,100000,1.735
ABC,7,10,28,10098,19.284523562838785,100002,6.301
GWO,7,10,28,10098,52.54314949075558,100000,0.176
CMAES,7,10,28,10098,23.363914873835938,4541,0.37
LSHADE,7,10,28,10098,13.071199411500402,100000,2.534
MSBO,7,10,29,10099,13.27536898326025,100003,0.862
GA,7,10,29,10099,20.27186841977027,100000,2.879
PSO,7,10,29,10099,26.354489309609562,100000,0.096
DE,7,10,29,10099,16.392106275555875,100000,1.674
ABC,7,10,29,10099,17.139942164638796,100003,5.908
GWO,7,10,29,10099,47.65334608451565,100000,0.169
CMAES,7,10,29,10099,36.22484952564071,4811,0.352
LSHADE,7,10,29,10099,12.967762935870724,100000,2.492
MSBO,7,10,30,10100,11.780151884883821,100001,0.873
GA,7,10,30,10100,23.080298927993454,100000,2.859
PSO,7,10,30,10100,28.042555722586258,100000,0.092
DE,7,10,30,10100,36.90393465002728,100000,1.706
ABC,7,10,30,10100,17.98321679965386,100002,6.337
GWO,7,10,30,10100,50.69598453725371,100000,0.167
CMAES,7,10,30,10100,20.17403146615993,5271,0.471
LSHADE,7,10,30,10100,12.029647742124212,100000,2.553
MSBO,7,10,31,10101,12.459778217612325,100000,0.892
GA,7,10,31,10101,14.442263995446751,100000,2.991
PSO,7,10,31,10101,23.22929899436417,100000,0.102
DE,7,10,31,10101,21.525015861692054,100000,1.765
ABC,7,10,31,10101,16.621504639890873,100004,6.278
GWO,7,10,31,10101,48.15699220425961,100000,0.162
CMAES,7,10,31,10101,18.116241228192962,3871,0.296
LSHADE,7,10,31,10101,13.596581547102573,100000,2.508
MSBO,7,10,32,10102,13.130365222532305,100001,0.895
GA,7,10,32,10102,20.404142213624027,100000,2.943
PSO,7,10,32,10102,34.20669789204646,100000,0.094
DE,7,10,32,10102,21.260627426710016,100000,1.742
ABC,7,10,32,10102,17.70488449247739,100001,6.309
GWO,7,10,32,10102,55.92700998298187,100000,0.155
CMAES,7,10,32,10102,17.177286501437038,3851,0.257
LSHADE,7,10,32,10102,12.312323707830501,100000,2.524
MSBO,7,10,33,10103,13.888964031122327,100002,0.887
GA,7,10,33,10103,17.327843681439163,100000,2.851
PSO,7,10,33,10103,18.034572012671447,100000,0.101
DE,7,10,33,10103,21.974894073289533,100000,1.768
ABC,7,10,33,10103,16.760001958739053,100002,6.133
GWO,7,10,33,10103,43.836234920876905,100000,0.166
CMAES,7,10,33,10103,28.14401448464571,3551,0.3
LSHADE,7,10,33,10103,13.980682052259112,100000,2.556
MSBO,7,10,34,10104,10.882831350513015,100002,0.88
GA,7,10,34,10104,15.233586739456996,100000,2.806
PSO,7,10,34,10104,32.39463262046047,100000,0.098
DE,7,10,34,10104,19.392326297799855,100000,1.677
ABC,7,10,34,10104,13.477724009310236,100002,6.178
GWO,7,10,34,10104,52.94902155147656,100000,0.163
CMAES,7,10,34,10104,18.53816399614402,4891,0.441
LSHADE,7,10,34,10104,12.233657052456465,100000,2.692
MSBO,7,10,35,10105,12.068402642444312,100001,1.026
GA,7,10,35,10105,16.247112719244342,100000,2.922
PSO,7,10,35,10105,20.997730461775404,100000,0.091
DE,7,10,35,10105,17.864034916826085,100000,1.715
ABC,7,10,35,10105,19.365164102077415,100002,6.061
GWO,7,10,35,10105,49.122554661800564,100000,0.153
CMAES,7,10,35,10105,26.79872460292154,4331,0.3
LSHADE,7,10,35,10105,13.838887383195583,100000,2.602
MSBO,7,10,36,10106,12.894142048935123,100001,0.991
GA,7,10,36,10106,18.40803959741504,100000,2.875
PSO,7,10,36,10106,33.16740858788057,100000,0.103
DE,7,10,36,10106,19.869356037245893,100000,1.733
ABC,7,10,36,10106,15.946289502259106,100002,6.582
GWO,7,10,36,10106,53.08502996103982,100000,0.166
CMAES,7,10,36,10106,19.12177314614803,4101,0.307
LSHADE,7,10,36,10106,13.871216995969462,100000,2.648
MSBO,7,10,37,10107,12.157545768193927,100000,0.934
GA,7,10,37,10107,23.59777118319971,100000,2.991
PSO,7,10,37,10107,26.20914538197576,100000,0.103
DE,7,10,37,10107,17.809344977518776,100000,1.891
ABC,7,10,37,10107,16.65665088533183,100002,6.221
GWO,7,10,37,10107,43.07457379140783,100000,0.155
CMAES,7,10,37,10107,19.14952158409983,4011,0.341
LSHADE,7,10,37,10107,11.354692509173901,100000,2.611
MSBO,7,10,38,10108,11.825036228025283,100003,0.878
GA,7,10,38,10108,21.36531346552522,100000,2.814
PSO,7,10,38,10108,25.53738439385336,100000,0.096
DE,7,10,38,10108,13.317638936200865,100000,1.683
ABC,7,10,38,10108,18.8068335813864,100002,5.535
GWO,7,10,38,10108,55.43827362184493,100000,0.169
CMAES,7,10,38,10108,15.515082338204138,3631,1.986
LSHADE,7,10,38,10108,12.21366287965202,100000,2.031
MSBO,7,10,39,10109,12.425637748443478,100001,0.94
GA,7,10,39,10109,18.671401059133814,100000,2.989
PSO,7,10,39,10109,24.54040578173317,100000,0.09
DE,7,10,39,10109,31.833918289049848,100000,1.53
ABC,7,10,39,10109,15.568997529696276,100001,5.249
GWO,7,10,39,10109,47.754074845213836,100000,0.169
CMAES,7,10,39,10109,15.674713413698328,4021,0.309
LSHADE,7,10,39,10109,12.658032080990324,100000,2.458
MSBO,7,10,40,10110,12.204351403568126,100001,0.91
GA,7,10,40,10110,14.862289101261695,100000,2.44
PSO,7,10,40,10110,44.20780738943881,100000,0.088
DE,7,10,40,10110,14.371955354213583,100000,1.509
ABC,7,10,40,10110,20.695691266369522,100000,5.669
GWO,7,10,40,10110,51.50893509918353,100000,0.164
CMAES,7,10,40,10110,25.363652843005752,4181,0.273
LSHADE,7,10,40,10110,13.601497514462494,100000,3.595
MSBO,7,10,41,10111,11.654178332272181,100002,1.155
GA,7,10,41,10111,23.909219907413444,100000,4.591
PSO,7,10,41,10111,20.29372789461536,100000,0.127
DE,7,10,41,10111,39.39387136553387,100000,2.256
ABC,7,10,41,10111,13.447959918416586,100003,5.458
GWO,7,10,41,10111,53.761950683747386,100000,0.119
CMAES,7,10,41,10111,17.86931996450653,3911,0.252
LSHADE,7,10,41,10111,12.930314709438449,100000,2.485
MSBO,7,10,42,10112,12.740302793841465,100001,0.902
GA,7,10,42,10112,24.843446685725553,100000,2.972
PSO,7,10,42,10112,25.17422238738004,100000,0.088
DE,7,10,42,10112,34.02451026890151,100000,1.571
ABC,7,10,42,10112,16.93976919971692,100002,8.077
GWO,7,10,42,10112,57.3100023708638,100000,0.282
CMAES,7,10,42,10112,24.15647069510169,4161,0.425
LSHADE,7,10,42,10112,12.78403500410684,100000,1.88
MSBO,7,10,43,10113,12.511452991134774,100002,0.911
GA,7,10,43,10113,29.891602987009946,100000,3.74
PSO,7,10,43,10113,16.316922420606147,100000,0.133
DE,7,10,43,10113,29.733916347444165,100000,1.445
ABC,7,10,43,10113,16.080134949610965,100000,5.4
GWO,7,10,43,10113,54.17070122876612,100000,0.161
CMAES,7,10,43,10113,29.239241360064625,3991,0.285
LSHADE,7,10,43,10113,12.898801060019878,100000,2.377
MSBO,7,10,44,10114,12.084147182286642,100001,0.771
GA,7,10,44,10114,16.510852036563165,100000,2.691
PSO,7,10,44,10114,30.69103288634699,100000,0.09
DE,7,10,44,10114,30.576610203676182,100000,1.349
ABC,7,10,44,10114,19.500200422584953,100000,5.246
GWO,7,10,44,10114,59.24933941258246,100000,0.119
CMAES,7,10,44,10114,20.820163813139516,3651,0.206
LSHADE,7,10,44,10114,13.894331054575218,100000,1.821
MSBO,7,10,45,10115,12.545981380211288,100003,0.646
GA,7,10,45,10115,16.347480100182793,100000,2.124
PSO,7,10,45,10115,35.72869025824707,100000,0.069
DE,7,10,45,10115,23.25478674242845,100000,1.239
ABC,7,10,45,10115,21.966982472878954,100004,4.722
GWO,7,10,45,10115,49.27253604942575,100000,0.14
CMAES,7,10,45,10115,21.24581037140979,3301,0.239
LSHADE,7,10,45,10115,12.78984194055272,100000,1.94
MSBO,7,10,46,10116,13.00962660604739,100000,0.877
GA,7,10,46,10116,15.084849688445388,100000,2.951
PSO,7,10,46,10116,25.304685817127847,100000,0.07
DE,7,10,46,10116,30.741785994722477,100000,1.19
ABC,7,10,46,10116,21.615207011997313,100002,4.621
GWO,7,10,46,10116,43.62258696664878,100000,0.122
CMAES,7,10,46,10116,27.0754983667465,4361,0.226
LSHADE,7,10,46,10116,13.800729017378217,100000,1.894
MSBO,7,10,47,10117,11.570592202455828,100001,0.872
GA,7,10,47,10117,26.015501666365026,100000,2.701
PSO,7,10,47,10117,21.247625783250555,100000,0.09
DE,7,10,47,10117,15.016918917779208,100000,1.593
ABC,7,10,47,10117,18.766709636526116,100003,5.015
GWO,7,10,47,10117,52.18719855013046,100000,0.159
CMAES,7,10,47,10117,31.471272082076894,4041,0.293
LSHADE,7,10,47,10117,13.1647961780601,100000,2.401
MSBO,7,10,48,10118,12.39807335139733,100001,0.819
GA,7,10,48,10118,18.520731184601686,100000,2.649
PSO,7,10,48,10118,28.534090218635583,100000,0.093
DE,7,10,48,10118,22.980800641153564,100000,1.38
ABC,7,10,48,10118,16.80964061613554,100000,4.615
GWO,7,10,48,10118,48.63281120948977,100000,0.133
CMAES,7,10,48,10118,44.311394039465995,5981,0.507
LSHADE,7,10,48,10118,11.57673817252089,100000,2.206
MSBO,7,10,49,10119,12.902464278384173,100002,0.703
GA,7,10,49,10119,15.887054213714691,100000,2.114
PSO,7,10,49,10119,26.80789807056317,100000,0.069
DE,7,10,49,10119,16.73741833227257,100000,1.175
ABC,7,10,49,10119,18.35509814656939,100002,4.529
GWO,7,10,49,10119,46.02857857332049,100000,0.13
CMAES,7,10,49,10119,26.825278045227833,3791,0.247
LSHADE,7,10,49,10119,11.993640963229609,100000,1.862
MSBO,7,10,50,10120,12.395041097626063,100003,0.653
GA,7,10,50,10120,17.32981437931312,100000,2.245
PSO,7,10,50,10120,25.121141187322337,100000,0.07
DE,7,10,50,10120,33.45277334406501,100000,1.43
ABC,7,10,50,10120,22.94558890600615,100001,4.685
GWO,7,10,50,10120,59.89621560226453,100000,0.145
CMAES,7,10,50,10120,28.244537269888156,3641,0.279
LSHADE,7,10,50,10120,13.814622273333953,100000,2.276
MSBO,8,10,0,10080,1.9899181428489783,100000,0.77
GA,8,10,0,10080,13.93014371370657,100000,2.528
PSO,8,10,0,10080,24.873931041522496,100000,0.065
DE,8,10,0,10080,1.9899181141865938,100000,1.43
ABC,8,10,0,10080,6.987482692369667,100003,4.342
GWO,8,10,0,10080,25.9976710143668,100000,0.114
CMAES,8,10,0,10080,6.964713399653078,5371,0.341
LSHADE,8,10,0,10080,2.984877181410866,100000,1.854
MSBO,8,10,1,10081,3.97983624051858,100000,0.667
GA,8,10,1,10081,8.955886535927789,100000,2.213
PSO,8,10,1,10081,16.91428885712878,100000,0.068
DE,8,10,1,10081,4.9747952854664845,100000,1.216
ABC,8,10,1,10081,9.02994747670914,100001,4.324
GWO,8,10,1,10081,25.769297554150626,100000,0.112
CMAES,8,10,1,10081,7.959667418927324,3991,0.207
LSHADE,8,10,1,10081,3.0052832208381233,100000,1.857
MSBO,8,10,2,10082,2.9848771798856433,100001,0.861
GA,8,10,2,10082,5.982114704498713,100000,2.891
PSO,8,10,2,10082,16.91428885712878,100000,0.084
DE,8,10,2,10082,13.705250560064542,100000,1.529
ABC,8,10,2,10082,8.992104787068342,100000,5.515
GWO,8,10,2,10082,20.701151766351927,100000,0.154
CMAES,8,10,2,10082,12.934457666574644,3331,0.281
LSHADE,8,10,2,10082,2.9965285860378117,100000,2.519
MSBO,8,10,3,10083,3.979836245003753,100000,0.925
GA,8,10,3,10083,11.940037646339988,100000,2.884
PSO,8,10,3,10083,21.88907406695705,100000,0.085
DE,8,10,3,10083,4.9747952854664845,100000,1.604
ABC,8,10,3,10083,11.958033884434485,100002,5.304
GWO,8,10,3,10083,23.611150634072715,100000,0.157
CMAES,8,10,3,10083,19.899140793875063,3421,0.273
LSHADE,8,10,3,10083,3.0142790358066804,100000,2.35
MSBO,8,10,4,10084,3.9798362346841714,100002,0.827
GA,8,10,4,10084,29.849354920336964,100000,2.291
PSO,8,10,4,10084,19.899160990589507,100000,0.066
DE,8,10,4,10084,6.964713399653078,100000,1.364
ABC,8,10,4,10084,15.181707633361953,100000,4.708
GWO,8,10,4,10084,32.305925848828906,100000,0.118
CMAES,8,10,4,10084,9.949585533113805,3171,0.184
LSHADE,8,10,4,10084,2.0172574933810665,100000,1.9
MSBO,8,10,5,10085,3.9798362453800564,100000,0.643
GA,8,10,5,10085,19.89932242745533,100000,2.65
PSO,8,10,5,10085,12.9344374698602,100000,0.083
DE,8,10,5,10085,4.9747952854664845,100000,1.488
ABC,8,10,5,10085,10.035152955615217,100001,4.982
GWO,8,10,5,10085,25.51672471702591,100000,0.163
CMAES,8,10,5,10085,25.86886990190135,3261,0.256
LSHADE,8,10,5,10085,3.006645803376273,100000,2.465
MSBO,8,10,6,10086,0.994959067479158,100001,0.767
GA,8,10,6,10086,7.961791942136983,100000,2.835
PSO,8,10,6,10086,24.873931041522496,100000,0.066
DE,8,10,6,10086,2.9848771712798907,100000,1.335
ABC,8,10,6,10086,8.991385397822228,100002,5.028
GWO,8,10,6,10086,30.555546003500922,100000,0.152
CMAES,8,10,6,10086,5.969754342559781,4261,0.376
LSHADE,8,10,6,10086,3.0101424336494347,100000,2.44
MSBO,8,10,7,10087,1.9899181206283174,100002,0.955
GA,8,10,7,10087,7.964066974158413,100000,2.947
PSO,8,10,7,10087,20.894120047682804,100000,0.088
DE,8,10,7,10087,4.9747952854664845,100000,1.572
ABC,8,10,7,10087,9.996971206241255,100001,5.339
GWO,8,10,7,10087,22.35147066441209,100000,0.152
CMAES,8,10,7,10087,17.922517206979478,4471,0.408
LSHADE,8,10,7,10087,2.009870680306335,100000,2.295
MSBO,8,10,8,10088,0.9949590700730369,100000,0.678
GA,8,10,8,10088,7.959694620275513,100000,2.649
PSO,8,10,8,10088,27.987775388946147,100000,0.085
DE,8,10,8,10088,9.949585533113805,100000,1.566
ABC,8,10,8,10088,9.965871660036214,100002,4.751
GWO,8,10,8,10088,37.980537492028475,100000,0.111
CMAES,8,10,8,10088,5.969754342559781,3091,0.19
LSHADE,8,10,8,10088,2.9902443762296116,100000,1.826
MSBO,8,10,9,10089,0.9949590708747564,100000,0.656
GA,8,10,9,10089,9.985579205775593,100000,2.158
PSO,8,10,9,10089,15.919329800035484,100000,0.065
DE,8,10,9,10089,3.552072137708933,100000,1.218
ABC,8,10,9,10089,8.979393569391732,100003,5.536
GWO,8,10,9,10089,34.680434392725374,100000,0.151
CMAES,8,10,9,10089,16.91428885712878,4241,0.28
LSHADE,8,10,9,10089,2.9935303532549824,100000,2.383
MSBO,8,10,10,10090,1.989918129974967,100002,0.78
GA,8,10,10,10090,12.651944903681624,100000,2.475
PSO,8,10,10,10090,12.9344374698602,100000,0.065
DE,8,10,10,10090,5.9742372120039136,100000,1.21
ABC,8,10,10,10090,9.973140104356617,100002,4.64
GWO,8,10,10,10090,20.22450984660486,100000,0.115
CMAES,8,10,10,10090,11.939498609481461,3241,0.206
LSHADE,8,10,10,10090,2.9848771712798907,100000,1.852
MSBO,8,10,11,10091,1.9899181241103179,100002,0.728
GA,8,10,11,10091,7.9605832069012195,100000,2.154
PSO,8,10,11,10091,10.94453955238805,100000,0.065
DE,8,10,11,10091,1.9899181141865938,100000,1.202
ABC,8,10,11,10091,12.95529966572235,100004,4.777
GWO,8,10,11,10091,22.522689077488735,100000,0.151
CMAES,8,10,11,10091,12.934457666574644,3821,0.279
LSHADE,8,10,11,10091,4.011074100823862,100000,2.27
MSBO,8,10,12,10092,3.9798362394634523,100003,0.823
GA,8,10,12,10092,8.954775709299156,100000,2.77
PSO,8,10,12,10092,14.924375780761238,100000,0.088
DE,8,10,12,10092,2.9848771712798907,100000,1.441
ABC,8,10,12,10092,7.019738706467592,100004,5.07
GWO,8,10,12,10092,24.057119008985865,100000,0.159
CMAES,8,10,12,10092,11.939498609481348,3391,0.282
LSHADE,8,10,12,10092,4.000438656164988,100000,1.917
MSBO,8,10,13,10093,3.9798362423429126,100003,0.661
GA,8,10,13,10093,14.924525326091498,100000,2.186
PSO,8,10,13,10093,10.944544804722,100000,0.067
DE,8,10,13,10093,4.9747952854664845,100000,1.21
ABC,8,10,13,10093,4.0597839428108955,100001,4.648
GWO,8,10,13,10093,23.99854952634621,100000,0.15
CMAES,8,10,13,10093,15.919334837854535,3691,0.304
LSHADE,8,10,13,10093,3.9922159085974727,100000,2.39
MSBO,8,10,14,10094,3.979836235527955,100001,0.817
GA,8,10,14,10094,19.23981234313885,100000,3.014
PSO,8,10,14,10094,12.934437469860313,100000,0.084
DE,8,10,14,10094,2.9848771712798907,100000,1.235
ABC,8,10,14,10094,8.957674397806045,100001,5.519
GWO,8,10,14,10094,24.231360696870524,100000,0.158
CMAES,8,10,14,10094,11.939498609481348,3881,0.322
LSHADE,8,10,14,10094,2.9941384517093184,100000,2.402
MSBO,8,10,15,10095,3.979836245483625,100000,0.902
GA,8,10,15,10095,24.384545477162078,100000,2.686
PSO,8,10,15,10095,16.914268660414336,100000,0.088
DE,8,10,15,10095,7.715012516627326,100000,1.522
ABC,8,10,15,10095,6.965077719187207,100002,5.135
GWO,8,10,15,10095,25.75929083138817,100000,0.113
CMAES,8,10,15,10095,13.92941168584889,3351,0.215
LSHADE,8,10,15,10095,2.9961821732515546,100000,2.019
MSBO,8,10,16,10096,4.974795290004295,100002,0.878
GA,8,10,16,10096,15.044384953007352,100000,2.929
PSO,8,10,16,10096,10.944544590207101,100000,0.084
DE,8,10,16,10096,5.969754342559781,100000,1.49
ABC,8,10,16,10096,6.994561378353751,100001,5.37
GWO,8,10,16,10096,22.84743556833223,100000,0.158
CMAES,8,10,16,10096,17.909227717507633,3581,0.301
LSHADE,8,10,16,10096,3.9880410253808805,100000,2.2
MSBO,8,10,17,10097,3.979836238122516,100002,0.921
GA,8,10,17,10097,12.935078820610443,100000,2.82
PSO,8,10,17,10097,14.924370742942187,100000,0.082
DE,8,10,17,10097,10.177704820451368,100000,1.625
ABC,8,10,17,10097,14.313851701306703,100000,5.314
GWO,8,10,17,10097,24.75795215602284,100000,0.154
CMAES,8,10,17,10097,16.914268660414336,3481,0.313
LSHADE,8,10,17,10097,3.9798722893917784,100000,2.319
MSBO,8,10,18,10098,0.994959079012574,100004,0.853
GA,8,10,18,10098,14.938897051726599,100000,2.639
PSO,8,10,18,10098,19.89916099058962,100000,0.066
DE,8,10,18,10098,8.954626476020508,100000,1.335
ABC,8,10,18,10098,10.965128483853618,100003,5.16
GWO,8,10,18,10098,30.165621573130124,100000,0.116
CMAES,8,10,18,10098,9.949585533113918,3331,0.228
LSHADE,8,10,18,10098,3.979836229033822,100000,2.17
MSBO,8,10,19,10099,3.979836239589986,100000,0.909
GA,8,10,19,10099,7.960601458646693,100000,2.884
PSO,8,10,19,10099,12.934457666574644,100000,0.093
DE,8,10,19,10099,2.9848771712798907,100000,1.591
ABC,8,10,19,10099,8.069240865241795,100001,5.664
GWO,8,10,19,10099,22.466207868593756,100000,0.16
CMAES,8,10,19,10099,9.949585533113918,3091,0.294
LSHADE,8,10,19,10099,2.996380874940769,100000,2.271
MSBO,8,10,20,10100,2.9848771798633607,100003,0.796
GA,8,10,20,10100,20.894638197796894,100000,2.625
PSO,8,10,20,10100,18.904186774732125,100000,0.088
DE,8,10,20,10100,3.9798362283731876,100000,1.65
ABC,8,10,20,10100,7.193076531179372,100000,5.515
GWO,8,10,20,10100,29.638419067042378,100000,0.158
CMAES,8,10,20,10100,17.909247914222078,3281,0.283
LSHADE,8,10,20,10100,2.992176082767287,100000,2.013
MSBO,8,10,21,10101,0.9949590727786699,100002,0.888
GA,8,10,21,10101,22.887920120273634,100000,2.586
PSO,8,10,21,10101,24.873931041522496,100000,0.066
DE,8,10,21,10101,8.737859219452389,100000,1.214
ABC,8,10,21,10101,8.964458945801994,100002,4.593
GWO,8,10,21,10101,34.931064907296445,100000,0.115
CMAES,8,10,21,10101,16.91428885712878,2941,0.164
LSHADE,8,10,21,10101,2.9848771712798907,100000,1.866
MSBO,8,10,22,10102,3.979836233753872,100004,0.67
GA,8,10,22,10102,14.924736111291736,100000,2.526
PSO,8,10,22,10102,11.939498609481348,100000,0.089
DE,8,10,22,10102,5.969754342559781,100000,1.609
ABC,8,10,22,10102,13.956007927394126,100001,5.067
GWO,8,10,22,10102,28.019629817653254,100000,0.151
CMAES,8,10,22,10102,15.919329800035484,3241,0.262
LSHADE,8,10,22,10102,4.044926156851261,100000,2.378
MSBO,8,10,23,10103,3.9798362402078737,100003,0.84
GA,8,10,23,10103,4.974951909456763,100000,2.288
PSO,8,10,23,10103,18.904206971315375,100000,0.07
DE,8,10,23,10103,9.949585533113805,100000,1.282
ABC,8,10,23,10103,8.96059048850293,100002,4.998
GWO,8,10,23,10103,26.862179811461033,100000,0.162
CMAES,8,10,23,10103,11.939498609481348,3221,0.247
LSHADE,8,10,23,10103,1.0184741477005446,100000,2.336
MSBO,8,10,24,10104,1.9899181294642858,100001,0.909
GA,8,10,24,10104,8.954913045376657,100000,2.894
PSO,8,10,24,10104,13.92941672366942,100000,0.087
DE,8,10,24,10104,6.9647083618340275,100000,1.59
ABC,8,10,24,10104,8.988972943536737,100003,4.789
GWO,8,10,24,10104,23.663576050008146,100000,0.115
CMAES,8,10,24,10104,11.939498609481348,3351,0.203
LSHADE,8,10,24,10104,1.9899181141865938,100000,1.887
MSBO,8,10,25,10105,2.9848771784149903,100002,0.691
GA,8,10,25,10105,9.94976628688039,100000,2.236
PSO,8,10,25,10105,10.944544590207215,100000,0.088
DE,8,10,25,10105,4.9747952854664845,100000,1.543
ABC,8,10,25,10105,7.999048048501322,100000,4.243
GWO,8,10,25,10105,24.094319482911715,100000,0.114
CMAES,8,10,25,10105,4.9747952854664845,3451,0.207
LSHADE,8,10,25,10105,2.9883057069545202,100000,1.881
MSBO,8,10,26,10106,6.96471340937137,100001,0.671
GA,8,10,26,10106,10.944898416693945,100000,2.156
PSO,8,10,26,10106,22.884017965154953,100000,0.068
DE,8,10,26,10106,17.976083566227658,100000,1.221
ABC,8,10,26,10106,11.568656942750522,100004,5.595
GWO,8,10,26,10106,31.769646964411777,100000,0.162
CMAES,8,10,26,10106,16.91428885712878,3111,0.236
LSHADE,8,10,26,10106,2.9848771712800044,100000,2.501
MSBO,8,10,27,10107,1.9899181294923665,100001,0.771
GA,8,10,27,10107,21.88920153807169,100000,2.784
PSO,8,10,27,10107,13.929416723667941,100000,0.066
DE,8,10,27,10107,0.9949592386408312,100000,1.203
ABC,8,10,27,10107,9.331847290928636,100003,5.276
GWO,8,10,27,10107,24.96269334531962,100000,0.151
CMAES,8,10,27,10107,7.959667418927324,3781,0.303
LSHADE,8,10,27,10107,4.004760331402963,100000,2.3
MSBO,8,10,28,10108,3.97983623812911,100001,0.774
GA,8,10,28,10108,4.979533178073325,100000,2.52
PSO,8,10,28,10108,14.924355584046793,100000,0.073
DE,8,10,28,10108,22.984521007719763,100000,1.489
ABC,8,10,28,10108,12.081414550272939,100001,5.19
GWO,8,10,28,10108,17.29160205009623,100000,0.126
CMAES,8,10,28,10108,22.884017965154953,3361,0.228
LSHADE,8,10,28,10108,3.019286140560439,100000,2.059
MSBO,8,10,29,10109,3.9798362394844844,100002,0.867
GA,8,10,29,10109,4.975078027822292,100000,2.876
PSO,8,10,29,10109,4.9747952854664845,100000,0.086
DE,8,10,29,10109,5.969754342559781,100000,1.548
ABC,8,10,29,10109,10.030627132677637,100001,5.176
GWO,8,10,29,10109,26.882831260733155,100000,0.114
CMAES,8,10,29,10109,19.899145831694113,3471,0.225
LSHADE,8,10,29,10109,3.0021424245232993,100000,1.883
MSBO,8,10,30,10110,2.984877189137478,100002,0.666
GA,8,10,30,10110,16.914646507093607,100000,2.217
PSO,8,10,30,10110,22.884012927335903,100000,0.065
DE,8,10,30,10110,4.9747952854664845,100000,1.187
ABC,8,10,30,10110,8.98348450817457,100001,4.121
GWO,8,10,30,10110,21.499759646859047,100000,0.115
CMAES,8,10,30,10110,14.924375780761238,3821,0.208
LSHADE,8,10,30,10110,2.9848771712798907,100000,1.815
MSBO,8,10,31,10111,3.979836235844573,100004,0.652
GA,8,10,31,10111,12.942079265440384,100000,2.507
PSO,8,10,31,10111,16.91428885712878,100000,0.067
DE,8,10,31,10111,8.05347631001655,100000,1.415
ABC,8,10,31,10111,13.087402836440788,100002,4.81
GWO,8,10,31,10111,26.79834817106007,100000,0.153
CMAES,8,10,31,10111,24.873870268482165,3091,0.279
LSHADE,8,10,31,10111,4.985895091842394,100000,1.975
MSBO,8,10,32,10112,0.9949590650402342,100000,0.88
GA,8,10,32,10112,16.916289505222835,100000,2.247
PSO,8,10,32,10112,12.934457666574644,100000,0.065
DE,8,10,32,10112,1.9899181141865938,100000,1.235
ABC,8,10,32,10112,10.099699377684374,100002,5.041
GWO,8,10,32,10112,26.80305764140519,100000,0.149
CMAES,8,10,32,10112,22.884017965154953,3361,0.291
LSHADE,8,10,32,10112,4.004200421523478,100000,2.339
MSBO,8,10,33,10113,1.9899181214622104,100000,0.739
GA,8,10,33,10113,14.670993649303568,100000,2.329
PSO,8,10,33,10113,18.90418677460093,100000,0.085
DE,8,10,33,10113,4.027674512987346,100000,1.222
ABC,8,10,33,10113,8.391737692702804,100001,4.578
GWO,8,10,33,10113,30.086557015395897,100000,0.151
CMAES,8,10,33,10113,5.969754342559781,3161,0.259
LSHADE,8,10,33,10113,2.989031668500388,100000,2.361
MSBO,8,10,34,10114,2.9848771835347634,100003,0.902
GA,8,10,34,10114,4.974873831298396,100000,2.575
PSO,8,10,34,10114,12.934457666574644,100000,0.084
DE,8,10,34,10114,15.123236346231238,100000,1.209
ABC,8,10,34,10114,7.983749819001105,100001,4.277
GWO,8,10,34,10114,22.618507368546375,100000,0.114
CMAES,8,10,34,10114,9.949585533113918,3911,0.252
LSHADE,8,10,34,10114,3.9885237574345638,100000,2.101
MSBO,8,10,35,10115,1.9899181210212191,100000,0.912
GA,8,10,35,10115,11.94056471495469,100000,2.734
PSO,8,10,35,10115,18.238044665035886,100000,0.069
DE,8,10,35,10115,5.969754342559781,100000,1.3
ABC,8,10,35,10115,6.476503544337675,100001,5.294
GWO,8,10,35,10115,23.8196633257229,100000,0.118
CMAES,8,10,35,10115,15.919329800035484,3651,0.228
LSHADE,8,10,35,10115,2.0032794683319253,100000,2.192
MSBO,8,10,36,10116,7.959672463093625,100000,0.907
GA,8,10,36,10116,17.882805870535776,100000,2.438
PSO,8,10,36,10116,19.899140793875063,100000,0.083
DE,8,10,36,10116,7.045347436498105,100000,1.428
ABC,8,10,36,10116,6.966751232570459,100000,4.747
GWO,8,10,36,10116,23.050503988235278,100000,0.152
CMAES,8,10,36,10116,20.894120047682918,3691,0.334
LSHADE,8,10,36,10116,3.08049268060131,100000,2.433
MSBO,8,10,37,10117,6.96471340773337,100002,0.927
GA,8,10,37,10117,24.87555174485078,100000,2.951
PSO,8,10,37,10117,12.934457666574644,100000,0.067
DE,8,10,37,10117,2.9848771712798907,100000,1.571
ABC,8,10,37,10117,10.06145167010493,100000,5.254
GWO,8,10,37,10117,28.00367753119974,100000,0.158
CMAES,8,10,37,10117,4.9747952854664845,3471,0.239
LSHADE,8,10,37,10117,4.979980010978011,100000,1.952
MSBO,8,10,38,10118,3.9798362319838816,100003,0.883
GA,8,10,38,10118,5.969965512385215,100000,2.892
PSO,8,10,38,10118,16.914268660414336,100000,0.083
DE,8,10,38,10118,3.9798362283731876,100000,1.228
ABC,8,10,38,10118,7.012912056095615,100001,4.898
GWO,8,10,38,10118,28.017921121041923,100000,0.113
CMAES,8,10,38,10118,11.939498609481348,3311,0.187
LSHADE,8,10,38,10118,3.9798362283733013,100000,1.903
MSBO,8,10,39,10119,1.2412897376634646e-08,100000,0.691
GA,8,10,39,10119,9.902389427054572,100000,2.158
PSO,8,10,39,10119,18.904186774600817,100000,0.067
DE,8,10,39,10119,7.043630157556322,100000,1.187
ABC,8,10,39,10119,7.980072240876098,100000,4.404
GWO,8,10,39,10119,19.18707484027891,100000,0.123
CMAES,8,10,39,10119,3.9798362283731876,3231,0.208
LSHADE,8,10,39,10119,2.0021481975948063,100000,2.116
MSBO,8,10,40,10120,2.9848771790711908,100003,0.899
GA,8,10,40,10120,4.97777790622456,100000,2.985
PSO,8,10,40,10120,14.924370742942187,100000,0.088
DE,8,10,40,10120,7.661762179608672,100000,1.319
ABC,8,10,40,10120,5.051510401282712,100001,4.222
GWO,8,10,40,10120,24.469106048666163,100000,0.113
CMAES,8,10,40,10120,36.8133436434299,3291,0.202
LSHADE,8,10,40,10120,2.991124953659323,100000,1.846
MSBO,8,10,41,10121,2.984877186389326,100002,0.726
GA,8,10,41,10121,15.72645004502408,100000,2.455
PSO,8,10,41,10121,24.603223779991936,100000,0.083
DE,8,10,41,10121,5.2643093897474955,100000,1.548
ABC,8,10,41,10121,9.959873628657078,100002,5.768
GWO,8,10,41,10121,27.81636257885441,100000,0.16
CMAES,8,10,41,10121,13.929416723668055,2841,0.212
LSHADE,8,10,41,10121,1.9978137884827447,100000,2.306
MSBO,8,10,42,10122,1.9899181270131976,100001,0.896
GA,8,10,42,10122,4.975298311364213,100000,2.413
PSO,8,10,42,10122,24.873931041522496,100000,0.086
DE,8,10,42,10122,4.9747952854664845,100000,1.575
ABC,8,10,42,10122,8.08258667482471,100002,5.454
GWO,8,10,42,10122,29.628566581618315,100000,0.126
CMAES,8,10,42,10122,18.904181736781766,3871,0.255
LSHADE,8,10,42,10122,3.9798362283733013,100000,1.895
MSBO,8,10,43,10123,2.984877173134123,100002,0.671
GA,8,10,43,10123,12.93499004963212,100000,2.741
PSO,8,10,43,10123,8.954626476020621,100000,0.085
DE,8,10,43,10123,14.018805636574712,100000,1.571
ABC,8,10,43,10123,8.98816064653704,100000,5.612
GWO,8,10,43,10123,22.47308795070876,100000,0.15
CMAES,8,10,43,10123,18.90420193349621,2961,0.284
LSHADE,8,10,43,10123,2.9930534676251455,100000,2.443
MSBO,8,10,44,10124,2.9848771794271443,100000,0.907
GA,8,10,44,10124,14.92524357786499,100000,2.944
PSO,8,10,44,10124,31.838573592496914,100000,0.085
DE,8,10,44,10124,11.939498609481348,100000,1.535
ABC,8,10,44,10124,9.01985617673779,100001,4.869
GWO,8,10,44,10124,27.67478848064411,100000,0.112
CMAES,8,10,44,10124,9.949585533113918,4061,0.268
LSHADE,8,10,44,10124,2.984877816780113,100000,1.872
MSBO,8,10,45,10125,2.9848771789866078,100002,0.682
GA,8,10,45,10125,7.961678372270285,100000,2.482
PSO,8,10,45,10125,24.87387026848205,100000,0.064
DE,8,10,45,10125,3.6142497655894203,100000,1.357
ABC,8,10,45,10125,6.033884526805764,100001,4.998
GWO,8,10,45,10125,23.33781812238817,100000,0.149
CMAES,8,10,45,10125,30.220886592596344,3471,0.306
LSHADE,8,10,45,10125,4.980668582609837,100000,2.097
MSBO,8,10,46,10126,2.9848771769320592,100000,0.656
GA,8,10,46,10126,7.059806537460531,100000,2.163
PSO,8,10,46,10126,8.954626476020621,100000,0.066
DE,8,10,46,10126,4.974790247647434,100000,1.196
ABC,8,10,46,10126,14.982484713692088,100001,4.283
GWO,8,10,46,10126,25.856081806198972,100000,0.112
CMAES,8,10,46,10126,10.94453955238805,3621,0.179
LSHADE,8,10,46,10126,3.0094924946047286,100000,2.136
MSBO,8,10,47,10127,3.9798362399890266,100002,0.936
GA,8,10,47,10127,10.945006866322615,100000,2.917
PSO,8,10,47,10127,11.939498609481348,100000,0.069
DE,8,10,47,10127,5.969754342559781,100000,1.243
ABC,8,10,47,10127,8.969027329594951,100001,5.008
GWO,8,10,47,10127,30.443736312006877,100000,0.116
CMAES,8,10,47,10127,8.954626476020621,3251,0.223
LSHADE,8,10,47,10127,1.9988690329212204,100000,2.328
MSBO,8,10,48,10128,3.979836246587638,100003,0.69
GA,8,10,48,10128,26.865916215555217,100000,2.534
PSO,8,10,48,10128,21.889058908061656,100000,0.076
DE,8,10,48,10128,3.9798362283731876,100000,1.419
ABC,8,10,48,10128,10.002715250582355,100002,4.201
GWO,8,10,48,10128,26.50701559046729,100000,0.113
CMAES,8,10,48,10128,19.899160990589507,2911,0.191
LSHADE,8,10,48,10128,2.0455401818363725,100000,1.914
MSBO,8,10,49,10129,1.98991813264729,100000,0.651
GA,8,10,49,10129,9.950081243242266,100000,2.247
PSO,8,10,49,10129,37.8083432768492,100000,0.071
DE,8,10,49,10129,4.9747952854664845,100000,1.56
ABC,8,10,49,10129,8.308346035101977,100004,5.599
GWO,8,10,49,10129,24.69686453094596,100000,0.15
CMAES,8,10,49,10129,12.934457666574644,3951,0.269
LSHADE,8,10,49,10129,2.9848771712798907,100000,2.332
MSBO,8,10,50,10130,3.9798362357601036,100000,0.752
GA,8,10,50,10130,8.973317215996303,100000,2.817
PSO,8,10,50,10130,7.959667418927324,100000,0.072
DE,8,10,50,10130,8.954628250139308,100000,1.355
ABC,8,10,50,10130,7.008103601278549,100001,5.403
GWO,8,10,50,10130,23.09723529652615,100000,0.15
CMAES,8,10,50,10130,17.909247914222078,4151,0.312
LSHADE,8,10,50,10130,1.9936394720791668,100000,1.943
MSBO,9,10,15,10105,1.8512878341425676e-08,100003,0.678
GA,9,10,15,10105,0.00047055314735189313,100000,2.172
PSO,9,10,15,10105,0.6333805194236675,100000,0.066
DE,9,10,15,10105,0.0,100000,1.201
ABC,9,10,15,10105,0.002144525039398104,100000,5.482
GWO,9,10,15,10105,33.915099806799844,100000,0.168
CMAES,9,10,15,10105,0.08952825041649248,3241,0.285
LSHADE,9,10,15,10105,0.0,100000,1.893
MSBO,9,10,16,10106,1.6919329937081784e-08,100001,0.845
GA,9,10,16,10106,0.456318421185415,100000,2.855
PSO,9,10,16,10106,0.0,100000,0.088
DE,9,10,16,10106,0.0,100000,1.546
ABC,9,10,16,10106,0.0007586838343058844,100000,5.168
GWO,9,10,16,10106,33.843003901694715,100000,0.129
CMAES,9,10,16,10106,1.1368683772161603e-13,3261,0.251
LSHADE,9,10,16,10106,0.0,100000,2.236
MSBO,9,10,17,10107,9.195559869112913e-09,100003,0.998
GA,9,10,17,10107,0.0002793611588458589,100000,2.714
PSO,9,10,17,10107,0.17905650083287128,100000,0.067
DE,9,10,17,10107,0.0,100000,1.429
ABC,9,10,17,10107,0.006301890255485887,100000,4.948
GWO,9,10,17,10107,0.4644032612791307,100000,0.136
CMAES,9,10,17,10107,0.08952825041649248,3291,0.219
LSHADE,9,10,17,10107,0.0,100000,2.179
MSBO,9,10,18,10108,2.1110281522851437e-08,100003,0.733
GA,9,10,18,10108,0.0025294478731439085,100000,2.91
PSO,9,10,18,10108,0.0,100000,0.068
DE,9,10,18,10108,0.0,100000,1.219
ABC,9,10,18,10108,0.00027360968931589014,100000,4.445
GWO,9,10,18,10108,61.04115341220722,100000,0.121
CMAES,9,10,18,10108,0.17905650083298497,3591,0.189
LSHADE,9,10,18,10108,0.0,100000,1.842
MSBO,9,10,19,10109,1.6637841326883063e-08,100001,0.73
GA,9,10,19,10109,0.00038546486962331983,100000,2.169
PSO,9,10,19,10109,1.1368683772161603e-13,100000,0.067
DE,9,10,19,10109,0.0,100000,1.194
ABC,9,10,19,10109,0.00014885124357988389,100000,4.447
GWO,9,10,19,10109,67.15191047557107,100000,0.123
CMAES,9,10,19,10109,1.1368683772161603e-13,3341,0.208
LSHADE,9,10,19,10109,0.0,100000,2.324
MSBO,9,10,20,10110,8.412825991399586e-09,100003,0.925
GA,9,10,20,10110,0.45467799647803986,100000,2.926
PSO,9,10,20,10110,1.1368683772161603e-13,100000,0.086
DE,9,10,20,10110,0.0,100000,1.498
ABC,9,10,20,10110,0.0023916162339219227,100000,4.915
GWO,9,10,20,10110,9.563727041922562,100000,0.18
CMAES,9,10,20,10110,0.5438522690072887,3251,0.347
LSHADE,9,10,20,10110,0.0,100000,2.25
MSBO,9,10,21,10111,1.700630036793882e-08,100000,0.923
GA,9,10,21,10111,0.00024899957895740954,100000,2.791
PSO,9,10,21,10111,0.0,100000,0.069
DE,9,10,21,10111,0.0,100000,1.298
ABC,9,10,21,10111,0.0021898478565844925,100000,4.711
GWO,9,10,21,10111,48.302152541055534,100000,0.167
CMAES,9,10,21,10111,0.4543240185907962,3381,0.286
LSHADE,9,10,21,10111,0.0,100000,2.404
MSBO,9,10,22,10112,4.2533656596788205e-09,100002,0.752
GA,9,10,22,10112,0.0006082549339225807,100000,2.519
PSO,9,10,22,10112,1.1368683772161603e-13,100000,0.086
DE,9,10,22,10112,0.0,100000,1.654
ABC,9,10,22,10112,0.002857292116004828,100000,5.171
GWO,9,10,22,10112,14.735712339205406,100000,0.125
CMAES,9,10,22,10112,0.4543240185907962,3191,0.179
LSHADE,9,10,22,10112,0.0,100000,1.909
MSBO,9,10,23,10113,9.336986295238603e-09,100003,0.727
GA,9,10,23,10113,0.002467444389139928,100000,2.939
PSO,9,10,23,10113,0.08952825041649248,100000,0.09
DE,9,10,23,10113,0.0,100000,1.594
ABC,9,10,23,10113,0.09148319172152242,100000,5.487
GWO,9,10,23,10113,9.56438032059998,100000,0.165
CMAES,9,10,23,10113,1.452500306188881,3241,0.231
LSHADE,9,10,23,10113,0.0,100000,2.336
MSBO,9,10,24,10114,1.7081788428185973e-08,100002,0.934
GA,9,10,24,10114,0.0005533805327786467,100000,3.066
PSO,9,10,24,10114,2.768123246416053,100000,0.092
DE,9,10,24,10114,0.0,100000,1.479
ABC,9,10,24,10114,0.0017422564185380907,100000,5.21
GWO,9,10,24,10114,29.757774169053278,100000,0.164
CMAES,9,10,24,10114,0.0,3931,0.34
LSHADE,9,10,24,10114,0.0,100000,2.406
MSBO,9,10,25,10115,1.250043624168029e-08,100003,0.895
GA,9,10,25,10115,0.0004722705747326472,100000,2.536
PSO,9,10,25,10115,1.3629720557723886,100000,0.065
DE,9,10,25,10115,0.0,100000,1.351
ABC,9,10,25,10115,1.725378149330936e-05,100000,5.182
GWO,9,10,25,10115,45.82526508809519,100000,0.124
CMAES,9,10,25,10115,0.0,3061,0.209
LSHADE,9,10,25,10115,0.0,100000,1.891
MSBO,9,10,26,10116,1.2541477190097794e-08,100000,0.941
GA,9,10,26,10116,0.09053961167967373,100000,2.608
PSO,9,10,26,10116,3.272235605981109,100000,0.105
DE,9,10,26,10116,0.0,100000,1.582
ABC,9,10,26,10116,0.17816785898344278,100000,5.849
GWO,9,10,26,10116,0.4642122287575603,100000,0.174
CMAES,9,10,26,10116,0.08952825041649248,3591,0.331
LSHADE,9,10,26,10116,0.0,100000,2.424
MSBO,9,10,27,10117,1.6981289263640065e-08,100001,0.925
GA,9,10,27,10117,0.00017718216975026735,100000,2.592
PSO,9,10,27,10117,0.0,100000,0.068
DE,9,10,27,10117,0.0,100000,1.504
ABC,9,10,27,10117,0.000248165764105579,100000,5.467
GWO,9,10,27,10117,9.233563961368418,100000,0.127
CMAES,9,10,27,10117,0.4543240185907962,3151,0.205
LSHADE,9,10,27,10117,0.0,100000,2.416
MSBO,9,10,28,10118,1.4692091099277604e-08,100000,0.822
GA,9,10,28,10118,0.0009545883216333095,100000,2.678
PSO,9,10,28,10118,1.1368683772161603e-13,100000,0.088
DE,9,10,28,10118,0.0,100000,1.494
ABC,9,10,28,10118,0.007114538379255464,100000,4.842
GWO,9,10,28,10118,0.46421854932066253,100000,0.15
CMAES,9,10,28,10118,0.0,3141,0.211
LSHADE,9,10,28,10118,0.0,100000,1.938
MSBO,9,10,29,10119,9.212499207933433e-09,100000,0.818
GA,9,10,29,10119,0.0004451944469110458,100000,2.327
PSO,9,10,29,10119,0.0,100000,0.067
DE,9,10,29,10119,0.0,100000,1.213
ABC,9,10,29,10119,5.390863793763856e-05,100001,5.155
GWO,9,10,29,10119,5.9149218341622145,100000,0.163
CMAES,9,10,29,10119,0.0,3301,0.286
LSHADE,9,10,29,10119,0.0,100000,2.337
MSBO,9,10,30,10120,8.150550456775818e-09,100000,0.932
GA,9,10,30,10120,0.090057493680888,100000,2.906
PSO,9,10,30,10120,0.4543240185909099,100000,0.088
DE,9,10,30,10120,0.0,100000,1.546
ABC,9,10,30,10120,0.0032284309259011934,100000,5.235
GWO,9,10,30,10120,9.566285977747953,100000,0.128
CMAES,9,10,30,10120,0.0,3131,0.188
LSHADE,9,10,30,10120,0.0,100000,2.101
MSBO,9,10,31,10121,2.986610070365714e-08,100003,0.693
GA,9,10,31,10121,0.0032973290702784652,100000,3.003
PSO,9,10,31,10121,0.4543240185907962,100000,0.088
DE,9,10,31,10121,0.0,100000,1.595
ABC,9,10,31,10121,0.00013864906725302717,100000,5.125
GWO,9,10,31,10121,79.46713312143186,100000,0.17
CMAES,9,10,31,10121,24.838135751145614,4631,0.327
LSHADE,9,10,31,10121,0.0,100000,2.052
MSBO,9,10,32,10122,1.7632032722758595e-08,100001,0.926
GA,9,10,32,10122,0.09158717688944762,100000,2.754
PSO,9,10,32,10122,0.0,100000,0.092
DE,9,10,32,10122,0.0,100000,1.503
ABC,9,10,32,10122,0.0013843825769299656,100000,5.431
GWO,9,10,32,10122,46.72780430250191,100000,0.127
CMAES,9,10,32,10122,0.0,3551,0.236
LSHADE,9,10,32,10122,0.0,100000,1.953
MSBO,9,10,33,10123,1.3184489944251254e-08,100002,0.867
GA,9,10,33,10123,0.00015267530829987663,100000,2.711
PSO,9,10,33,10123,1.0877045380144637,100000,0.088
DE,9,10,33,10123,0.0,100000,1.425
ABC,9,10,33,10123,0.45669596006280244,100000,4.533
GWO,9,10,33,10123,27.857050831475476,100000,0.121
CMAES,9,10,33,10123,0.17905650083287128,2801,0.157
LSHADE,9,10,33,10123,0.0,100000,1.785
MSBO,9,10,34,10124,8.506162885169033e-09,100001,0.685
GA,9,10,34,10124,0.0006031644850281737,100000,2.19
PSO,9,10,34,10124,0.0,100000,0.07
DE,9,10,34,10124,0.0,100000,1.179
ABC,9,10,34,10124,0.006452155036754448,100000,5.376
GWO,9,10,34,10124,9.573587346330442,100000,0.161
CMAES,9,10,34,10124,0.08952825041649248,3121,0.254
LSHADE,9,10,34,10124,0.0,100000,2.354
MSBO,9,10,35,10125,1.3617636795970611e-08,100003,0.917
GA,9,10,35,10125,0.00029767195815111336,100000,2.926
PSO,9,10,35,10125,0.9981762875981985,100000,0.086
DE,9,10,35,10125,0.0,100000,1.511
ABC,9,10,35,10125,0.18211311525271867,100000,5.27
GWO,9,10,35,10125,9.572474802315924,100000,0.162
CMAES,9,10,35,10125,0.0,3161,0.21
LSHADE,9,10,35,10125,0.0,100000,2.23
MSBO,9,10,36,10126,1.8728997019934468e-08,100002,0.71
GA,9,10,36,10126,0.0025575228670504657,100000,2.186
PSO,9,10,36,10126,3.3617638584458973,100000,0.068
DE,9,10,36,10126,0.0,100000,1.245
ABC,9,10,36,10126,0.0009688563188774424,100000,5.341
GWO,9,10,36,10126,9.56332435973195,100000,0.162
CMAES,9,10,36,10126,0.08952825041649248,3271,0.258
LSHADE,9,10,36,10126,0.0,100000,2.372
MSBO,9,10,37,10127,8.963638720160816e-09,100000,0.832
GA,9,10,37,10127,0.00027199348710382765,100000,2.882
PSO,9,10,37,10127,0.0,100000,0.072
DE,9,10,37,10127,0.0,100000,1.179
ABC,9,10,37,10127,0.0014438878083637974,100000,4.307
GWO,9,10,37,10127,57.52636404377529,100000,0.119
CMAES,9,10,37,10127,0.9086480371815924,3391,0.255
LSHADE,9,10,37,10127,0.0,100000,2.296
MSBO,9,10,38,10128,2.727938408497721e-08,100000,0.959
GA,9,10,38,10128,0.002676144904285138,100000,3.015
PSO,9,10,38,10128,0.08952825041649248,100000,0.089
DE,9,10,38,10128,0.0,100000,1.741
ABC,9,10,38,10128,8.062995902946568e-06,100001,5.41
GWO,9,10,38,10128,0.4641376544099103,100000,0.161
CMAES,9,10,38,10128,29.371225372183858,3951,0.34
LSHADE,9,10,38,10128,0.0,100000,2.14
MSBO,9,10,39,10129,1.1971792446274776e-08,100003,0.92
GA,9,10,39,10129,0.0013950431794000906,100000,2.245
PSO,9,10,39,10129,0.0,100000,0.068
DE,9,10,39,10129,0.0,100000,1.23
ABC,9,10,39,10129,0.0038765158374189923,100000,5.414
GWO,9,10,39,10129,4.817773113530961,100000,0.159
CMAES,9,10,39,10129,0.0,3001,0.249
LSHADE,9,10,39,10129,0.0,100000,2.353
MSBO,9,10,40,10130,7.78766207076842e-09,100003,0.723
GA,9,10,40,10130,0.00040748434764736885,100000,2.402
PSO,9,10,40,10130,0.17905650083298497,100000,0.067
DE,9,10,40,10130,0.0,100000,1.235
ABC,9,10,40,10130,0.0023533878072612424,100000,5.719
GWO,9,10,40,10130,32.12565758190169,100000,0.162
CMAES,9,10,40,10130,0.0,3161,0.233
LSHADE,9,10,40,10130,0.0,100000,2.139
MSBO,9,10,41,10131,1.7638853933021892e-08,100003,0.897
GA,9,10,41,10131,0.0008376463609920393,100000,2.658
PSO,9,10,41,10131,0.08952825041649248,100000,0.089
DE,9,10,41,10131,0.0,100000,1.45
ABC,9,10,41,10131,0.002363339444173107,100000,5.706
GWO,9,10,41,10131,32.48815677993298,100000,0.162
CMAES,9,10,41,10131,0.0,3191,0.238
LSHADE,9,10,41,10131,0.0,100000,2.398
MSBO,9,10,42,10132,7.187964001786895e-09,100001,0.723
GA,9,10,42,10132,0.0006381664289847322,100000,2.652
PSO,9,10,42,10132,2.182070686623888,100000,0.083
DE,9,10,42,10132,0.0,100000,1.205
ABC,9,10,42,10132,0.0012214500382015103,100000,4.522
GWO,9,10,42,10132,28.331204479904727,100000,0.128
CMAES,9,10,42,10132,0.0,3251,0.208
LSHADE,9,10,42,10132,0.0,100000,2.073
MSBO,9,10,43,10133,1.4539523363055196e-08,100002,0.919
GA,9,10,43,10133,6.88449778181166e-05,100000,2.63
PSO,9,10,43,10133,0.08952825041649248,100000,0.066
DE,9,10,43,10133,0.0,100000,1.391
ABC,9,10,43,10133,0.0025745693526459945,100000,5.269
GWO,9,10,43,10133,45.09371315408339,100000,0.127
CMAES,9,10,43,10133,0.4543240185907962,3221,0.253
LSHADE,9,10,43,10133,0.0,100000,2.432
MSBO,9,10,44,10134,2.6615680326358415e-08,100003,0.903
GA,9,10,44,10134,0.08954537507656823,100000,2.309
PSO,9,10,44,10134,0.0,100000,0.085
DE,9,10,44,10134,0.0,100000,1.535
ABC,9,10,44,10134,0.004085214727297171,100000,5.082
GWO,9,10,44,10134,33.916268304438404,100000,0.164
CMAES,9,10,44,10134,2.6363947052145704,3651,0.312
LSHADE,9,10,44,10134,0.0,100000,2.374
MSBO,9,10,45,10135,1.1961788004555274e-08,100003,0.983
GA,9,10,45,10135,0.45553502793211464,100000,2.815
PSO,9,10,45,10135,1.7277466680330917,100000,0.065
DE,9,10,45,10135,0.0,100000,1.315
ABC,9,10,45,10135,0.0002085490039007709,100000,5.356
GWO,9,10,45,10135,66.53314206587049,100000,0.165
CMAES,9,10,45,10135,0.0,3441,0.31
LSHADE,9,10,45,10135,0.0,100000,2.462
MSBO,9,10,46,10136,1.8620426089910325e-08,100002,1.011
GA,9,10,46,10136,0.000681770358482936,100000,2.945
PSO,9,10,46,10136,24.090614678028942,100000,0.074
DE,9,10,46,10136,0.0,100000,1.372
ABC,9,10,46,10136,0.0016347196612969128,100001,5.14
GWO,9,10,46,10136,30.60828663879181,100000,0.122
CMAES,9,10,46,10136,1.1368683772161603e-13,3411,0.219
LSHADE,9,10,46,10136,0.0,100000,2.334
MSBO,9,10,47,10137,1.0434405339765362e-08,100001,0.96
GA,9,10,47,10137,0.0002838085038092686,100000,2.457
PSO,9,10,47,10137,14.54287841909104,100000,0.066
DE,9,10,47,10137,0.0,100000,1.543
ABC,9,10,47,10137,0.08961664946093606,100000,5.348
GWO,9,10,47,10137,9.89326034266196,100000,0.124
CMAES,9,10,47,10137,0.4543240185907962,3391,0.213
LSHADE,9,10,47,10137,0.0,100000,2.044
MSBO,9,10,48,10138,1.3707904145121574e-08,100003,0.908
GA,9,10,48,10138,0.0004272835066103653,100000,2.42
PSO,9,10,48,10138,1.7277466680330917,100000,0.066
DE,9,10,48,10138,0.0,100000,1.206
ABC,9,10,48,10138,0.09250459370173303,100000,4.262
GWO,9,10,48,10138,45.21289226231568,100000,0.12
CMAES,9,10,48,10138,0.4543240185907962,3081,0.148
LSHADE,9,10,48,10138,0.0,100000,2.061
MSBO,9,10,49,10139,9.871087058854755e-09,100001,0.92
GA,9,10,49,10139,0.45491607257497435,100000,2.18
PSO,9,10,49,10139,0.5438522690072887,100000,0.066
DE,9,10,49,10139,0.0,100000,1.235
ABC,9,10,49,10139,0.001498207366466886,100000,4.361
GWO,9,10,49,10139,0.46598001442566783,100000,0.122
CMAES,9,10,49,10139,0.0,3011,0.193
LSHADE,9,10,49,10139,0.0,100000,2.363
MSBO,9,10,50,10140,1.430350948794512e-08,100000,0.949
GA,9,10,50,10140,0.0035937951739697382,100000,3.085
PSO,9,10,50,10140,2.1820706866237742,100000,0.091
DE,9,10,50,10140,0.0,100000,1.574
ABC,9,10,50,10140,9.42127537655324e-05,100000,5.558
GWO,9,10,50,10140,9.566542871666115,100000,0.169
CMAES,9,10,50,10140,0.0,3071,0.282
LSHADE,9,10,50,10140,0.0,100000,2.095
MSBO,10,10,0,10100,7.079739449850422,100000,0.81
GA,10,10,0,10100,577.8376989209628,100000,2.636
PSO,10,10,0,10100,686.250139007007,100000,0.116
DE,10,10,0,10100,482.5063142262188,100000,1.532
ABC,10,10,0,10100,306.3990074084495,100004,5.008
GWO,10,10,0,10100,949.2176230245132,100000,0.191
CMAES,10,10,0,10100,876.6988850073258,4641,0.48
LSHADE,10,10,0,10100,6.892375816571985,100000,2.424
MSBO,10,10,1,10101,15.057122998344312,100000,0.9
GA,10,10,1,10101,255.80326183824081,100000,2.91
PSO,10,10,1,10101,808.3973265993995,100000,0.112
DE,10,10,1,10101,495.1344307991294,100000,1.623
ABC,10,10,1,10101,373.93026856009556,100002,5.517
GWO,10,10,1,10101,825.1180188336803,100000,0.187
CMAES,10,10,1,10101,577.716525209486,3791,0.324
LSHADE,10,10,1,10101,39.18239200129847,100000,2.452
MSBO,10,10,2,10102,25.239550462167244,100001,0.955
GA,10,10,2,10102,494.53847703132715,100000,2.415
PSO,10,10,2,10102,837.7205859191849,100000,0.1
DE,10,10,2,10102,271.74951583908114,100000,1.239
ABC,10,10,2,10102,252.65625323324957,100003,4.968
GWO,10,10,2,10102,632.6269193955332,100000,0.132
CMAES,10,10,2,10102,830.0529057658791,4291,0.361
LSHADE,10,10,2,10102,134.4268350784714,100000,2.245
MSBO,10,10,3,10103,14.994668329329215,100003,0.746
GA,10,10,3,10103,158.55255127875625,100000,2.631
PSO,10,10,3,10103,664.9236881044876,100000,0.088
DE,10,10,3,10103,151.98745042338714,100000,1.402
ABC,10,10,3,10103,261.9130022566287,100003,4.637
GWO,10,10,3,10103,953.8137182880332,100000,0.148
CMAES,10,10,3,10103,461.05716411377125,4941,0.383
LSHADE,10,10,3,10103,23.229685336910734,100000,1.965
MSBO,10,10,4,10104,224.03204532230893,100002,0.694
GA,10,10,4,10104,252.77684877889624,100000,2.323
PSO,10,10,4,10104,879.402722379541,100000,0.13
DE,10,10,4,10104,371.67463678660897,100000,1.567
ABC,10,10,4,10104,253.2977087665945,100005,4.92
GWO,10,10,4,10104,990.0894942811683,100000,0.168
CMAES,10,10,4,10104,501.2980779118602,10671,1.01
LSHADE,10,10,4,10104,143.25061601165226,100000,2.346
MSBO,10,10,5,10105,3.5398699529068836,100000,0.681
GA,10,10,5,10105,248.44660476269564,100000,2.213
PSO,10,10,5,10105,763.7841310954254,100000,0.085
DE,10,10,5,10105,192.04374294872423,100000,1.224
ABC,10,10,5,10105,339.343136956772,100008,4.791
GWO,10,10,5,10105,1371.9666090805158,100000,0.144
CMAES,10,10,5,10105,536.0495467450346,8541,0.601
LSHADE,10,10,5,10105,14.983391852512796,100000,2.33
MSBO,10,10,6,10106,25.118784752085958,100001,0.91
GA,10,10,6,10106,255.67778661556895,100000,2.67
PSO,10,10,6,10106,130.58171865856048,100000,0.091
DE,10,10,6,10106,272.5064302972082,100000,1.356
ABC,10,10,6,10106,262.1029048325795,100004,5.273
GWO,10,10,6,10106,427.33736208968276,100000,0.182
CMAES,10,10,6,10106,649.3806735338881,4971,0.408
LSHADE,10,10,6,10106,131.9108140420899,100000,2.414
MSBO,10,10,7,10107,11.954434282481088,100002,0.878
GA,10,10,7,10107,367.3390393840036,100000,2.184
PSO,10,10,7,10107,561.1935480207194,100000,0.081
DE,10,10,7,10107,313.8328686686841,100000,1.397
ABC,10,10,7,10107,237.2744417198728,100003,5.009
GWO,10,10,7,10107,696.3909992621284,100000,0.133
CMAES,10,10,7,10107,766.6748122144577,5091,0.321
LSHADE,10,10,7,10107,60.65963865679623,100000,2.257
MSBO,10,10,8,10108,10.307336902781572,100003,0.895
GA,10,10,8,10108,489.9168842184499,100000,2.635
PSO,10,10,8,10108,827.1913475338683,100000,0.084
DE,10,10,8,10108,379.3569495063007,100000,1.185
ABC,10,10,8,10108,261.59049101706296,100004,5.118
GWO,10,10,8,10108,1136.69632135055,100000,0.188
CMAES,10,10,8,10108,783.8406209247664,5071,0.44
LSHADE,10,10,8,10108,159.40009680348794,100000,2.335
MSBO,10,10,9,10109,25.239550516222153,100003,0.925
GA,10,10,9,10109,395.377032523927,100000,3.015
PSO,10,10,9,10109,765.2426293628414,100000,0.093
DE,10,10,9,10109,634.2176590880304,100000,1.215
ABC,10,10,9,10109,254.90602290789366,100007,4.359
GWO,10,10,9,10109,711.4745087735782,100000,0.132
CMAES,10,10,9,10109,588.9038290174312,3981,0.279
LSHADE,10,10,9,10109,151.37234396100212,100000,1.917
MSBO,10,10,10,10110,3.6023241828424943,100003,0.969
GA,10,10,10,10110,363.98402308889536,100000,2.907
PSO,10,10,10,10110,1251.285839766399,100000,0.109
DE,10,10,10,10110,253.55274463235855,100000,1.419
ABC,10,10,10,10110,263.2421287802108,100002,5.578
GWO,10,10,10,10110,856.6499351247248,100000,0.15
CMAES,10,10,10,10110,470.9273195306141,4111,0.366
LSHADE,10,10,10,10110,157.2946229913805,100000,2.329
MSBO,10,10,11,10111,18.534537793471827,100000,0.812
GA,10,10,11,10111,549.1299699881442,100000,2.938
PSO,10,10,11,10111,725.8962479984261,100000,0.103
DE,10,10,11,10111,449.89131859351573,100000,1.593
ABC,10,10,11,10111,452.80784270292224,100005,5.632
GWO,10,10,11,10111,647.7561450795988,100000,0.195
CMAES,10,10,11,10111,795.9316489094626,4351,0.377
LSHADE,10,10,11,10111,26.023650840005757,100000,2.291
MSBO,10,10,12,10112,125.78309845180002,100000,0.716
GA,10,10,12,10112,401.4191449239088,100000,2.163
PSO,10,10,12,10112,1161.6587512989645,100000,0.102
DE,10,10,12,10112,260.7279251363643,100000,1.223
ABC,10,10,12,10112,181.12098564542566,100007,4.9
GWO,10,10,12,10112,614.9085755947949,100000,0.137
CMAES,10,10,12,10112,490.38997495498006,8701,0.596
LSHADE,10,10,12,10112,8.786579865112799,100000,1.933
MSBO,10,10,13,10113,11.891979987764898,100002,0.707
GA,10,10,13,10113,262.3917703620209,100000,2.402
PSO,10,10,13,10113,1189.4965769141204,100000,0.091
DE,10,10,13,10113,264.33143849360704,100000,1.191
ABC,10,10,13,10113,373.2928105021206,100010,4.717
GWO,10,10,13,10113,683.8199103678044,100000,0.189
CMAES,10,10,13,10113,646.7269852296149,3471,0.327
LSHADE,10,10,13,10113,122.12174385479057,100000,2.122
MSBO,10,10,14,10114,0.312272507499074,100004,0.722
GA,10,10,14,10114,367.9570084148886,100000,2.491
PSO,10,10,14,10114,703.050011807793,100000,0.105
DE,10,10,14,10114,73.1419530368803,100000,1.569
ABC,10,10,14,10114,251.1373193742993,100005,4.475
GWO,10,10,14,10114,1226.8266750151379,100000,0.144
CMAES,10,10,14,10114,252.9660909306408,4031,0.232
LSHADE,10,10,14,10114,0.4996355283110461,100000,1.858
MSBO,10,10,15,10115,3.664778630323781,100003,0.666
GA,10,10,15,10115,401.301350981877,100000,2.823
PSO,10,10,15,10115,1247.7966532107598,100000,0.109
DE,10,10,15,10115,225.0341452254561,100000,1.56
ABC,10,10,15,10115,455.24451380586106,100008,5.511
GWO,10,10,15,10115,1064.9322793501792,100000,0.185
CMAES,10,10,15,10115,488.90581692019214,4441,0.381
LSHADE,10,10,15,10115,25.20239078873965,100000,2.032
MSBO,10,10,16,10116,3.6647786049579736,100002,0.67
GA,10,10,16,10116,437.83011118096965,100000,2.473
PSO,10,10,16,10116,1089.034846660054,100000,0.107
DE,10,10,16,10116,194.58931326074662,100000,1.556
ABC,10,10,16,10116,266.92150532108417,100004,4.871
GWO,10,10,16,10116,1508.2000277855282,100000,0.141
CMAES,10,10,16,10116,915.24116488958,6421,0.492
LSHADE,10,10,16,10116,165.12252727568512,100000,2.356
MSBO,10,10,17,10117,140.38783327481497,100003,0.948
GA,10,10,17,10117,347.28556634046754,100000,3.047
PSO,10,10,17,10117,712.5339729847142,100000,0.108
DE,10,10,17,10117,220.6158037161954,100000,1.477
ABC,10,10,17,10117,405.94479915558986,100003,4.324
GWO,10,10,17,10117,587.3181417417863,100000,0.178
CMAES,10,10,17,10117,931.4191697792003,4931,0.443
LSHADE,10,10,17,10117,23.326161118759046,100000,2.595
MSBO,10,10,18,10118,13.534934099309794,100003,0.999
GA,10,10,18,10118,267.4465366440063,100000,2.839
PSO,10,10,18,10118,765.1177204807636,100000,0.083
DE,10,10,18,10118,367.81417305479135,100000,1.262
ABC,10,10,18,10118,155.58923281036778,100002,4.32
GWO,10,10,18,10118,633.1985054314241,100000,0.134
CMAES,10,10,18,10118,1179.4445166081669,5231,0.342
LSHADE,10,10,18,10118,30.869429298339128,100000,1.895
MSBO,10,10,19,10119,10.244882347182283,100002,0.715
GA,10,10,19,10119,382.9212238106238,100000,2.561
PSO,10,10,19,10119,1077.698096915531,100000,0.106
DE,10,10,19,10119,394.4757361957827,100000,1.546
ABC,10,10,19,10119,321.87268512868195,100006,4.836
GWO,10,10,19,10119,584.0061679368055,100000,0.136
CMAES,10,10,19,10119,826.5787683984418,6741,0.531
LSHADE,10,10,19,10119,126.95155650768902,100000,2.374
MSBO,10,10,20,10120,18.534537724975962,100003,0.909
GA,10,10,20,10120,366.21650516224054,100000,2.556
PSO,10,10,20,10120,1053.089111585542,100000,0.082
DE,10,10,20,10120,136.91041784596518,100000,1.313
ABC,10,10,20,10120,386.31024217051754,100006,5.477
GWO,10,10,20,10120,1181.4425127344766,100000,0.135
CMAES,10,10,20,10120,3.7896873339250305,5171,0.436
LSHADE,10,10,20,10120,10.182427622043178,100000,2.447
MSBO,10,10,21,10121,0.31227251087057084,100000,0.939
GA,10,10,21,10121,390.62390324403805,100000,2.862
PSO,10,10,21,10121,788.2858734040792,100000,0.093
DE,10,10,21,10121,665.6871743358229,100000,1.27
ABC,10,10,21,10121,438.6538153771112,100011,5.261
GWO,10,10,21,10121,1394.104249913937,100000,0.191
CMAES,10,10,21,10121,496.2026572682612,4401,0.412
LSHADE,10,10,21,10121,12.273883932571152,100000,2.128
MSBO,10,10,22,10122,6.954830549966573,100002,0.891
GA,10,10,22,10122,262.772613407235,100000,2.737
PSO,10,10,22,10122,1165.120488413208,100000,0.088
DE,10,10,22,10122,561.758433614581,100000,1.531
ABC,10,10,22,10122,163.16695338904537,100005,5.412
GWO,10,10,22,10122,941.0655310465531,100000,0.182
CMAES,10,10,22,10122,677.4804556251906,6841,0.582
LSHADE,10,10,22,10122,10.01427914728447,100000,2.385
MSBO,10,10,23,10123,3.539869806000752,100003,0.892
GA,10,10,23,10123,10.31136641577723,100000,3.034
PSO,10,10,23,10123,832.8949906548501,100000,0.081
DE,10,10,23,10123,1114.7866844318578,100000,1.336
ABC,10,10,23,10123,249.87610045053862,100002,5.191
GWO,10,10,23,10123,1102.6173372161074,100000,0.188
CMAES,10,10,23,10123,866.6889982891553,4521,0.393
LSHADE,10,10,23,10123,29.411352480491587,100000,2.397
MSBO,10,10,24,10124,217.51439628010985,100002,0.91
GA,10,10,24,10124,466.9356152276614,100000,3.076
PSO,10,10,24,10124,788.3650369253628,100000,0.091
DE,10,10,24,10124,163.50646342684422,100000,1.383
ABC,10,10,24,10124,236.7437959798258,100007,5.649
GWO,10,10,24,10124,585.4819000265015,100000,0.167
CMAES,10,10,24,10124,1039.9904960890394,4001,0.409
LSHADE,10,10,24,10124,144.7416684757336,100000,2.281
MSBO,10,10,25,10125,11.891979880356303,100002,0.694
GA,10,10,25,10125,591.2521903171018,100000,2.318
PSO,10,10,25,10125,660.0909420834078,100000,0.105
DE,10,10,25,10125,739.4600642231198,100000,1.553
ABC,10,10,25,10125,364.488790746178,100001,5.146
GWO,10,10,25,10125,653.4401006981793,100000,0.186
CMAES,10,10,25,10125,1268.3023334268028,9401,0.845
LSHADE,10,10,25,10125,38.47774305736948,100000,2.089
MSBO,10,10,26,10126,125.39316515385872,100002,0.687
GA,10,10,26,10126,383.9911945439612,100000,2.198
PSO,10,10,26,10126,600.4929738978708,100000,0.082
DE,10,10,26,10126,476.80984300697855,100000,1.209
ABC,10,10,26,10126,143.37462260880056,100003,5.072
GWO,10,10,26,10126,694.2186256806976,100000,0.183
CMAES,10,10,26,10126,995.2327508234553,4901,0.451
LSHADE,10,10,26,10126,7.0055134459817054,100000,2.418
MSBO,10,10,27,10127,132.48811082460543,100002,0.886
GA,10,10,27,10127,267.38112774224373,100000,2.998
PSO,10,10,27,10127,933.9433919926341,100000,0.128
DE,10,10,27,10127,6.829921375383492,100000,1.317
ABC,10,10,27,10127,146.44801182443553,100005,4.441
GWO,10,10,27,10127,1262.8418519963761,100000,0.185
CMAES,10,10,27,10127,671.3431707183054,3821,0.346
LSHADE,10,10,27,10127,156.1876283990955,100000,2.629
MSBO,10,10,28,10128,18.596992429782404,100002,0.964
GA,10,10,28,10128,530.1410177527509,100000,2.372
PSO,10,10,28,10128,376.20368672539735,100000,0.087
DE,10,10,28,10128,425.93312631830486,100000,1.251
ABC,10,10,28,10128,278.342837719179,100004,4.938
GWO,10,10,28,10128,669.7045179263146,100000,0.136
CMAES,10,10,28,10128,855.9163074486623,6331,0.456
LSHADE,10,10,28,10128,12.459710107074898,100000,1.996
MSBO,10,10,29,10129,3.7896877841612877,100002,0.691
GA,10,10,29,10129,151.86636372044268,100000,2.15
PSO,10,10,29,10129,562.7835263563506,100000,0.085
DE,10,10,29,10129,552.8613986428841,100000,1.21
ABC,10,10,29,10129,275.18031811112905,100003,5.056
GWO,10,10,29,10129,836.7377261317956,100000,0.175
CMAES,10,10,29,10129,873.2691019003837,5631,0.399
LSHADE,10,10,29,10129,133.61569444459155,100000,1.915
MSBO,10,10,30,10130,3.6023243819254276,100000,0.936
GA,10,10,30,10130,358.7327410583225,100000,2.315
PSO,10,10,30,10130,719.004654865561,100000,0.111
DE,10,10,30,10130,402.1705700503703,100000,1.554
ABC,10,10,30,10130,365.5366158584184,100003,5.3
GWO,10,10,30,10130,630.394488265993,100000,0.139
CMAES,10,10,30,10130,656.386889896833,3871,0.268
LSHADE,10,10,30,10130,13.314662227560802,100000,2.248
MSBO,10,10,31,10131,6.954830450642476,100002,0.899
GA,10,10,31,10131,547.0044673720713,100000,2.826
PSO,10,10,31,10131,931.5963254309854,100000,0.082
DE,10,10,31,10131,479.48784211965267,100000,1.537
ABC,10,10,31,10131,378.6899213128172,100007,5.444
GWO,10,10,31,10131,1187.8265452753803,100000,0.137
CMAES,10,10,31,10131,258.1927676809146,4151,0.361
LSHADE,10,10,31,10131,134.56846800295807,100000,2.349
MSBO,10,10,32,10132,133.68282055506734,100001,0.695
GA,10,10,32,10132,262.3425193437961,100000,2.951
PSO,10,10,32,10132,773.4596667969649,100000,0.112
DE,10,10,32,10132,8.175988967812373,100000,1.56
ABC,10,10,32,10132,226.72480589102042,100007,5.382
GWO,10,10,32,10132,1106.3727864241096,100000,0.185
CMAES,10,10,32,10132,1341.3575273950141,9711,0.815
LSHADE,10,10,32,10132,138.50656871801857,100000,2.026
MSBO,10,10,33,10133,0.4371812443860108,100002,0.681
GA,10,10,33,10133,464.171797358048,100000,2.592
PSO,10,10,33,10133,722.5437417517724,100000,0.108
DE,10,10,33,10133,400.91240445586163,100000,1.427
ABC,10,10,33,10133,374.2389968756502,100003,4.465
GWO,10,10,33,10133,1296.2142666659756,100000,0.136
CMAES,10,10,33,10133,787.0418391886533,4511,0.301
LSHADE,10,10,33,10133,36.219607407017065,100000,1.916
MSBO,10,10,34,10134,3.539869958471172,100003,0.829
GA,10,10,34,10134,367.60035921647204,100000,2.643
PSO,10,10,34,10134,985.7295733418309,100000,0.09
DE,10,10,34,10134,417.91621840313974,100000,1.263
ABC,10,10,34,10134,125.85120951096951,100001,5.439
GWO,10,10,34,10134,1145.5854849858538,100000,0.186
CMAES,10,10,34,10134,499.2325033256475,5011,0.441
LSHADE,10,10,34,10134,22.872459926237752,100000,2.408
MSBO,10,10,35,10135,6.892376009676809,100002,0.903
GA,10,10,35,10135,122.04156845556872,100000,2.497
PSO,10,10,35,10135,932.0947303788412,100000,0.083
DE,10,10,35,10135,396.7129965364088,100000,1.204
ABC,10,10,35,10135,437.4335837120666,100002,5.268
GWO,10,10,35,10135,854.8184614684242,100000,0.193
CMAES,10,10,35,10135,728.8042934726004,4351,0.405
LSHADE,10,10,35,10135,162.58516190853015,100000,2.463
MSBO,10,10,36,10136,125.39316535989838,100003,0.933
GA,10,10,36,10136,125.72638707475699,100000,3.033
PSO,10,10,36,10136,125.84555253418466,100000,0.133
DE,10,10,36,10136,137.1718334224256,100000,1.67
ABC,10,10,36,10136,41.661642059204496,100003,5.266
GWO,10,10,36,10136,607.3014374880954,100000,0.183
CMAES,10,10,36,10136,1044.6720585780427,3971,0.354
LSHADE,10,10,36,10136,16.80039302649402,100000,2.24
MSBO,10,10,37,10137,0.312272625685182,100002,0.697
GA,10,10,37,10137,252.8647151878181,100000,2.214
PSO,10,10,37,10137,859.3647715308612,100000,0.088
DE,10,10,37,10137,591.379141753861,100000,1.392
ABC,10,10,37,10137,473.751139498198,100002,4.494
GWO,10,10,37,10137,652.581553148259,100000,0.152
CMAES,10,10,37,10137,1080.8514821133285,4871,0.342
LSHADE,10,10,37,10137,11.258971291316811,100000,1.949
MSBO,10,10,38,10138,244.22143303638768,100000,0.724
GA,10,10,38,10138,412.2546053400256,100000,2.175
PSO,10,10,38,10138,339.50780679602667,100000,0.082
DE,10,10,38,10138,380.9766285715673,100000,1.188
ABC,10,10,38,10138,103.92650129302638,100003,4.256
GWO,10,10,38,10138,631.059814898716,100000,0.147
CMAES,10,10,38,10138,1472.7436028026732,3931,0.238
LSHADE,10,10,38,10138,3.6647784519791458,100000,1.854
MSBO,10,10,39,10139,15.244486047919963,100003,0.671
GA,10,10,39,10139,968.1256101513186,100000,2.466
PSO,10,10,39,10139,552.967491159739,100000,0.106
DE,10,10,39,10139,437.9203891907623,100000,1.539
ABC,10,10,39,10139,381.57243666722934,100007,4.365
GWO,10,10,39,10139,664.9322277938354,100000,0.135
CMAES,10,10,39,10139,584.4686516913184,4631,0.301
LSHADE,10,10,39,10139,122.22802194839778,100000,1.931
MSBO,10,10,40,10140,125.26825632040163,100001,0.717
GA,10,10,40,10140,374.2558731156282,100000,2.453
PSO,10,10,40,10140,896.631085108922,100000,0.117
DE,10,10,40,10140,74.51102849612016,100000,1.649
ABC,10,10,40,10140,136.69941948206815,100001,5.274
GWO,10,10,40,10140,1551.7458245651542,100000,0.195
CMAES,10,10,40,10140,586.3106505251808,8071,0.711
LSHADE,10,10,40,10140,127.39135967355514,100000,2.404
MSBO,10,10,41,10141,6.954830629037133,100001,0.743
GA,10,10,41,10141,362.9279562272395,100000,2.177
PSO,10,10,41,10141,241.32131412321587,100000,0.087
DE,10,10,41,10141,402.34734464399025,100000,1.217
ABC,10,10,41,10141,148.00975235987016,100004,4.622
GWO,10,10,41,10141,932.6672061504105,100000,0.137
CMAES,10,10,41,10141,457.6811170712963,4511,0.281
LSHADE,10,10,41,10141,15.456636853413329,100000,2.515
MSBO,10,10,42,10142,7.017284909081354,100002,0.941
GA,10,10,42,10142,260.86776334234355,100000,2.735
PSO,10,10,42,10142,865.3029670113192,100000,0.11
DE,10,10,42,10142,413.874309601857,100000,1.586
ABC,10,10,42,10142,266.6200301264612,100002,5.58
GWO,10,10,42,10142,859.9008949018444,100000,0.193
CMAES,10,10,42,10142,602.0536998601597,4501,0.441
LSHADE,10,10,42,10142,32.05396062243199,100000,2.42
MSBO,10,10,43,10143,3.6647788820100686,100002,0.892
GA,10,10,43,10143,467.94322148064384,100000,2.872
PSO,10,10,43,10143,1016.3485114358159,100000,0.111
DE,10,10,43,10143,195.58545452287444,100000,1.534
ABC,10,10,43,10143,358.7146057306886,100001,5.082
GWO,10,10,43,10143,826.4351258561837,100000,0.199
CMAES,10,10,43,10143,360.45162316107235,4591,0.39
LSHADE,10,10,43,10143,10.244882063079785,100000,2.085
MSBO,10,10,44,10144,11.89197977601998,100001,0.712
GA,10,10,44,10144,597.7184826098446,100000,2.803
PSO,10,10,44,10144,466.29825146099483,100000,0.115
DE,10,10,44,10144,151.91509710139917,100000,1.492
ABC,10,10,44,10144,257.1846798529491,100004,5.222
GWO,10,10,44,10144,650.6845526241318,100000,0.19
CMAES,10,10,44,10144,560.2457568050427,5871,0.518
LSHADE,10,10,44,10144,13.345716114235984,100000,2.295
MSBO,10,10,45,10145,15.119577230827417,100000,0.893
GA,10,10,45,10145,614.3207914740906,100000,2.222
PSO,10,10,45,10145,904.6823787430994,100000,0.088
DE,10,10,45,10145,427.77681115393625,100000,1.576
ABC,10,10,45,10145,352.6631463662052,100004,5.532
GWO,10,10,45,10145,1096.2116806639833,100000,0.158
CMAES,10,10,45,10145,1656.2179942323019,5861,0.506
LSHADE,10,10,45,10145,233.42567820791282,100000,2.124
MSBO,10,10,46,10146,0.24981804233993898,100000,0.882
GA,10,10,46,10146,680.8574681132995,100000,2.756
PSO,10,10,46,10146,1004.3494906385713,100000,0.082
DE,10,10,46,10146,322.65014297375774,100000,1.448
ABC,10,10,46,10146,258.0952356298608,100005,5.593
GWO,10,10,46,10146,692.6455735794921,100000,0.187
CMAES,10,10,46,10146,308.06114781985616,4341,0.387
LSHADE,10,10,46,10146,48.263632417651934,100000,2.423
MSBO,10,10,47,10147,145.26252815935595,100002,1.041
GA,10,10,47,10147,224.09630653500108,100000,2.5
PSO,10,10,47,10147,722.0696317858724,100000,0.092
DE,10,10,47,10147,203.94390630884118,100000,1.274
ABC,10,10,47,10147,252.18805790448732,100008,5.337
GWO,10,10,47,10147,876.8674713553123,100000,0.183
CMAES,10,10,47,10147,1079.7165367328976,5331,0.481
LSHADE,10,10,47,10147,15.119576984874584,100000,2.229
MSBO,10,10,48,10148,6.829921592327992,100002,0.681
GA,10,10,48,10148,257.6944821787656,100000,2.131
PSO,10,10,48,10148,561.2395226026956,100000,0.082
DE,10,10,48,10148,458.41617807463854,100000,1.383
ABC,10,10,48,10148,234.32687967272295,100005,5.406
GWO,10,10,48,10148,1148.9746104692304,100000,0.18
CMAES,10,10,48,10148,538.320606762637,6251,0.539
LSHADE,10,10,48,10148,28.595138645653606,100000,2.399
MSBO,10,10,49,10149,40.238361900046584,100003,0.895
GA,10,10,49,10149,387.9296504259455,100000,2.919
PSO,10,10,49,10149,904.132666386924,100000,0.106
DE,10,10,49,10149,221.61918453776434,100000,1.538
ABC,10,10,49,10149,476.61637178408273,100004,5.593
GWO,10,10,49,10149,483.02486666194,100000,0.18
CMAES,10,10,49,10149,465.9083182397485,4401,0.364
LSHADE,10,10,49,10149,19.192288080595972,100000,2.399
MSBO,10,10,50,10150,10.182427753655247,100000,0.895
GA,10,10,50,10150,379.73220410024214,100000,2.933
PSO,10,10,50,10150,384.56616114258304,100000,0.115
DE,10,10,50,10150,216.78811664756222,100000,1.527
ABC,10,10,50,10150,346.4663589031343,100002,7.495
GWO,10,10,50,10150,572.0884717062258,100000,0.204
CMAES,10,10,50,10150,671.3156072620518,3761,2.064
LSHADE,10,10,50,10150,128.7218212888656,100000,3.116
MSBO,11,10,0,10110,5.107620778712317,100000,1.086
GA,11,10,0,10110,7.653922166535722,100000,3.254
PSO,11,10,0,10110,27.858826252762583,100000,0.108
DE,11,10,0,10110,0.0,100000,1.925
ABC,11,10,0,10110,3.0959817742757423,100000,7.023
GWO,11,10,0,10110,156.57826428560975,100000,0.178
CMAES,11,10,0,10110,10.666136972263985,5661,0.61
LSHADE,11,10,0,10110,0.0,100000,3.535
MSBO,11,10,1,10111,4.295487399735748,100000,1.058
GA,11,10,1,10111,2.966863039018108,100000,3.267
PSO,11,10,1,10111,78.65761400050565,100000,0.107
DE,11,10,1,10111,0.1672212673354352,100000,1.891
ABC,11,10,1,10111,5.365602854859844,100000,7.317
GWO,11,10,1,10111,77.83004962342102,100000,0.165
CMAES,11,10,1,10111,38.80311442367679,5311,0.509
LSHADE,11,10,1,10111,0.0006781704796594568,100000,2.95
MSBO,11,10,2,10112,4.757197677549129,100000,1.007
GA,11,10,2,10112,5.747632502826491,100000,3.45
PSO,11,10,2,10112,11.939532125137475,100000,0.107
DE,11,10,2,10112,0.7871175393365775,100000,1.945
ABC,11,10,2,10112,3.421772181169217,100000,7.371
GWO,11,10,2,10112,69.75407596188825,100000,0.169
CMAES,11,10,2,10112,36.81327783257052,6091,0.636
LSHADE,11,10,2,10112,0.0,100000,3.073
MSBO,11,10,3,10113,4.038660397350895,100000,1.035
GA,11,10,3,10113,9.080028618192046,100000,3.244
PSO,11,10,3,10113,39.79825598686534,100000,0.106
DE,11,10,3,10113,0.36817966021362736,100000,1.918
ABC,11,10,3,10113,6.959732199179143,100000,6.893
GWO,11,10,3,10113,76.59820107099858,100000,0.159
CMAES,11,10,3,10113,98.49810059269089,4701,0.447
LSHADE,11,10,3,10113,0.0,100000,2.868
MSBO,11,10,4,10114,2.4767733044425313,100000,1.027
GA,11,10,4,10114,3.87325537808465,100000,3.211
PSO,11,10,4,10114,34.5962638687663,100000,0.105
DE,11,10,4,10114,1.1491568809160526,100000,2.052
ABC,11,10,4,10114,2.716936856086477,100000,6.922
GWO,11,10,4,10114,57.255140557049344,100000,0.161
CMAES,11,10,4,10114,13.929391489134332,5191,0.489
LSHADE,11,10,4,10114,1.659827830735594e-11,100000,2.978
MSBO,11,10,5,10115,5.983746233868942,100000,1.022
GA,11,10,5,10115,11.144816217659127,100000,3.277
PSO,11,10,5,10115,36.53487525472883,100000,0.106
DE,11,10,5,10115,0.5399084888067591,100000,1.962
ABC,11,10,5,10115,2.3516137160031576,100000,7.056
GWO,11,10,5,10115,67.86987175107242,100000,0.172
CMAES,11,10,5,10115,81.58554416417383,5081,0.571
LSHADE,11,10,5,10115,0.0,100000,2.941
MSBO,11,10,6,10116,4.064141452603508,100000,1.074
GA,11,10,6,10116,5.6311945584366185,100000,3.42
PSO,11,10,6,10116,43.77918452903191,100000,0.105
DE,11,10,6,10116,1.6289344389997495,100000,1.919
ABC,11,10,6,10116,2.711049894403004,100000,6.966
GWO,11,10,6,10116,82.78673727863747,100000,0.166
CMAES,11,10,6,10116,26.863641048728823,6491,0.62
LSHADE,11,10,6,10116,0.0,100000,2.845
MSBO,11,10,7,10117,4.885962212573986,100000,0.977
GA,11,10,7,10117,3.3436786632580606,100000,3.176
PSO,11,10,7,10117,24.881622063379837,100000,0.111
DE,11,10,7,10117,0.0,100000,1.905
ABC,11,10,7,10117,3.115993744855132,100000,6.88
GWO,11,10,7,10117,70.24339411958613,100000,0.162
CMAES,11,10,7,10117,53.7267830290873,4321,0.446
LSHADE,11,10,7,10117,0.0,100000,3.044
MSBO,11,10,8,10118,4.581339232757728,100000,0.997
GA,11,10,8,10118,2.6828581453739844,100000,3.272
PSO,11,10,8,10118,49.74738348190954,100000,0.108
DE,11,10,8,10118,0.9949590570934106,100000,1.959
ABC,11,10,8,10118,6.546586932583068,100000,7.364
GWO,11,10,8,10118,55.15760935922185,100000,0.201
CMAES,11,10,8,10118,9.949560298580309,6311,0.736
LSHADE,11,10,8,10118,0.0,100000,3.095
MSBO,11,10,9,10119,1.4042259134071173,100000,1.141
GA,11,10,9,10119,10.839897587242376,100000,3.585
PSO,11,10,9,10119,38.2179169249398,100000,0.106
DE,11,10,9,10119,0.9989086838336334,100000,1.98
ABC,11,10,9,10119,2.0511396676065488,100000,7.427
GWO,11,10,9,10119,67.56521335830848,100000,0.168
CMAES,11,10,9,10119,10.94451935567372,6271,0.625
LSHADE,11,10,9,10119,4.273738340998534e-08,100000,2.936
MSBO,11,10,10,10120,0.6026590346050398,100000,0.985
GA,11,10,10,10120,5.6988610325029185,100000,3.365
PSO,11,10,10,10120,37.80815555804497,100000,0.107
DE,11,10,10,10120,0.4859907513073267,100000,1.951
ABC,11,10,10,10120,5.1799139310801365,100000,7.117
GWO,11,10,10,10120,115.18242755428787,100000,0.169
CMAES,11,10,10,10120,11.939478412766903,4761,0.451
LSHADE,11,10,10,10120,4.547473508864641e-13,100000,2.906
MSBO,11,10,11,10121,4.309856651449536,100000,0.984
GA,11,10,11,10121,11.297065152326468,100000,3.254
PSO,11,10,11,10121,31.82826270716805,100000,0.102
DE,11,10,11,10121,3.146519187492231,100000,2.192
ABC,11,10,11,10121,3.626007025200124,100000,7.084
GWO,11,10,11,10121,36.34627075084404,100000,0.164
CMAES,11,10,11,10121,28.853676224502806,6011,0.61
LSHADE,11,10,11,10121,1.5916157281026244e-12,100000,3.032
MSBO,11,10,12,10122,2.741220513482176,100000,1.029
GA,11,10,12,10122,7.684258119081278,100000,3.332
PSO,11,10,12,10122,36.534814037809156,100000,0.107
DE,11,10,12,10122,0.14540486597138624,100000,1.871
ABC,11,10,12,10122,5.035479572694612,100000,6.955
GWO,11,10,12,10122,75.61650445680834,100000,0.163
CMAES,11,10,12,10122,9.949560298580309,5501,0.455
LSHADE,11,10,12,10122,0.0,100000,2.977
MSBO,11,10,13,10123,4.181915565440249,100000,1.151
GA,11,10,13,10123,7.500066392876079,100000,3.271
PSO,11,10,13,10123,23.878906219956207,100000,0.126
DE,11,10,13,10123,0.05633563009041609,100000,1.924
ABC,11,10,13,10123,4.850798481129004,100000,6.88
GWO,11,10,13,10123,240.77627828154596,100000,0.16
CMAES,11,10,13,10123,4.974790247647434,5511,0.526
LSHADE,11,10,13,10123,0.0,100000,2.837
MSBO,11,10,14,10124,6.308763536628248,100000,0.973
GA,11,10,14,10124,2.518578082030217,100000,3.213
PSO,11,10,14,10124,93.52426712339025,100000,0.107
DE,11,10,14,10124,2.0762230647953857,100000,2.003
ABC,11,10,14,10124,6.983628376360457,100000,6.961
GWO,11,10,14,10124,64.27902146655742,100000,0.171
CMAES,11,10,14,10124,37.80791004698335,5691,0.638
LSHADE,11,10,14,10124,2.2737367544323206e-13,100000,3.127
MSBO,11,10,15,10125,6.2076348738601155,100000,1.022
GA,11,10,15,10125,3.265375057687379,100000,3.343
PSO,11,10,15,10125,65.38785394526099,100000,0.108
DE,11,10,15,10125,0.005426864553328414,100000,1.971
ABC,11,10,15,10125,9.69423981004934,100000,7.011
GWO,11,10,15,10125,98.43499365076127,100000,0.163
CMAES,11,10,15,10125,5.969749304740844,5481,0.531
LSHADE,11,10,15,10125,0.0,100000,2.946
MSBO,11,10,16,10126,4.992004189466343,100000,1.014
GA,11,10,16,10126,5.560511226608924,100000,3.3
PSO,11,10,16,10126,3.979840422180132,100000,0.104
DE,11,10,16,10126,1.101494748075993,100000,1.89
ABC,11,10,16,10126,8.0125039828622,100000,7.403
GWO,11,10,16,10126,82.60904105514669,100000,0.16
CMAES,11,10,16,10126,11.939478412766903,6631,0.657
LSHADE,11,10,16,10126,1.1596057447604835e-11,100000,2.907
MSBO,11,10,17,10127,2.122514075908157,100000,0.99
GA,11,10,17,10127,6.909409380918078,100000,3.283
PSO,11,10,17,10127,29.85127004139008,100000,0.104
DE,11,10,17,10127,1.1833791159356224,100000,1.903
ABC,11,10,17,10127,2.1205238273723808,100000,7.165
GWO,11,10,17,10127,95.10654948373349,100000,0.164
CMAES,11,10,17,10127,32.83350741505683,5721,0.573
LSHADE,11,10,17,10127,4.547473508864641e-13,100000,2.907
MSBO,11,10,18,10128,6.447472631031815,100000,0.964
GA,11,10,18,10128,14.700207091094853,100000,3.273
PSO,11,10,18,10128,71.63631246759587,100000,0.11
DE,11,10,18,10128,0.004154421865450786,100000,2.078
ABC,11,10,18,10128,7.0087641355953565,100000,7.099
GWO,11,10,18,10128,64.35548613888523,100000,0.159
CMAES,11,10,18,10128,87.55456181004433,4911,0.503
LSHADE,11,10,18,10128,0.0,100000,2.858
MSBO,11,10,19,10129,6.02080757126123,100001,0.984
GA,11,10,19,10129,10.348107947457947,100000,3.279
PSO,11,10,19,10129,8.954621439159382,100000,0.109
DE,11,10,19,10129,0.9949590570934106,100000,1.991
ABC,11,10,19,10129,6.467432140435221,100000,6.948
GWO,11,10,19,10129,49.475859782204,100000,0.16
CMAES,11,10,19,10129,24.873845033948555,6661,0.632
LSHADE,11,10,19,10129,0.9949590570934106,100000,2.922
MSBO,11,10,20,10130,3.5984624311236075,100000,1.153
GA,11,10,20,10130,7.346550935087407,100000,3.408
PSO,11,10,20,10130,12.934452646945601,100000,0.105
DE,11,10,20,10130,0.11471742999492562,100000,1.871
ABC,11,10,20,10130,9.266463837297124,100000,6.888
GWO,11,10,20,10130,51.32604535365772,100000,0.161
CMAES,11,10,20,10130,52.73182397199412,5701,0.465
LSHADE,11,10,20,10130,0.0,100000,2.879
MSBO,11,10,21,10131,3.669567082806907,100000,0.987
GA,11,10,21,10131,3.292658081424861,100000,3.296
PSO,11,10,21,10131,34.545063543175274,100000,0.119
DE,11,10,21,10131,0.0,100000,2.031
ABC,11,10,21,10131,2.136756729806393,100000,7.005
GWO,11,10,21,10131,82.95271817925322,100000,0.174
CMAES,11,10,21,10131,54.72223611673189,5201,0.655
LSHADE,11,10,21,10131,0.0,100000,2.92
MSBO,11,10,22,10132,2.467109579858743,100000,0.972
GA,11,10,22,10132,6.209249404443881,100000,3.196
PSO,11,10,22,10132,23.878982392338003,100000,0.108
DE,11,10,22,10132,0.06385484977204214,100000,1.897
ABC,11,10,22,10132,4.196277438234574,100000,7.097
GWO,11,10,22,10132,81.19247305704539,100000,0.162
CMAES,11,10,22,10132,21.888993097202274,5941,0.614
LSHADE,11,10,22,10132,0.0,100000,2.934
MSBO,11,10,23,10133,4.163633914784668,100000,1.044
GA,11,10,23,10133,3.1964284468206188,100000,3.215
PSO,11,10,23,10133,9.949560607789635,100000,0.119
DE,11,10,23,10133,1.0177138960536922,100000,1.908
ABC,11,10,23,10133,3.6135993895961747,100000,7.192
GWO,11,10,23,10133,81.48083507589945,100000,0.16
CMAES,11,10,23,10133,25.868804091041966,6541,0.637
LSHADE,11,10,23,10133,0.0,100000,2.898
MSBO,11,10,24,10134,2.9709089970135665,100000,1.077
GA,11,10,24,10134,6.98685800316116,100000,3.45
PSO,11,10,24,10134,22.884666946599054,100000,0.111
DE,11,10,24,10134,0.21663598796658334,100000,1.913
ABC,11,10,24,10134,2.3195220486632024,100000,7.112
GWO,11,10,24,10134,101.81429137320947,100000,0.159
CMAES,11,10,24,10134,21.610590517078208,4531,0.434
LSHADE,11,10,24,10134,3.865352482534945e-12,100000,3.018
MSBO,11,10,25,10135,3.7759442131393826,100000,1.007
GA,11,10,25,10135,4.950741462350152,100000,3.27
PSO,11,10,25,10135,14.92435111198779,100000,0.124
DE,11,10,25,10135,0.008311384692888169,100000,2.209
ABC,11,10,25,10135,6.225226167435039,100001,7.05
GWO,11,10,25,10135,86.58239008245255,100000,0.16
CMAES,11,10,25,10135,2.9848771712800044,6151,0.603
LSHADE,11,10,25,10135,0.0,100000,2.926
MSBO,11,10,26,10136,2.606687873416604,100000,1.018
GA,11,10,26,10136,6.594300880366745,100000,3.296
PSO,11,10,26,10136,33.54994179289088,100000,0.106
DE,11,10,26,10136,0.014098763400852476,100000,1.933
ABC,11,10,26,10136,2.6118494265795107,100000,7.076
GWO,11,10,26,10136,103.75411930931136,100000,0.165
CMAES,11,10,26,10136,69.64602682154896,5631,0.576
LSHADE,11,10,26,10136,2.2737367544323206e-13,100000,2.948
MSBO,11,10,27,10137,4.062314383425928,100000,1.084
GA,11,10,27,10137,8.774794436067623,100000,3.272
PSO,11,10,27,10137,17.909161910381954,100000,0.107
DE,11,10,27,10137,0.03925076236532732,100000,1.898
ABC,11,10,27,10137,4.171361295465658,100000,6.968
GWO,11,10,27,10137,54.10995499628643,100000,0.165
CMAES,11,10,27,10137,5.969749304740617,6051,0.6
LSHADE,11,10,27,10137,0.0,100000,2.932
MSBO,11,10,28,10138,2.487855595828705,100000,1.036
GA,11,10,28,10138,5.963757741984864,100000,3.476
PSO,11,10,28,10138,128.80275993943837,100000,0.106
DE,11,10,28,10138,0.21979118363265115,100000,1.925
ABC,11,10,28,10138,5.993078989080232,100000,7.074
GWO,11,10,28,10138,70.62232329105495,100000,0.217
CMAES,11,10,28,10138,43.777884474609664,5451,0.612
LSHADE,11,10,28,10138,0.0,100000,3.139
MSBO,11,10,29,10139,3.0020042028309035,100000,1.035
GA,11,10,29,10139,7.800050855680411,100000,3.267
PSO,11,10,29,10139,15.64090703989541,100000,0.106
DE,11,10,29,10139,0.30794593860287023,100000,1.904
ABC,11,10,29,10139,6.274421101339385,100000,7.03
GWO,11,10,29,10139,71.34288614760567,100000,0.162
CMAES,11,10,29,10139,1.9899181141865938,5591,0.557
LSHADE,11,10,29,10139,0.0,100000,2.813
MSBO,11,10,30,10140,4.8883191313170755,100000,0.981
GA,11,10,30,10140,6.287474385801261,100000,3.246
PSO,11,10,30,10140,44.77292011780219,100000,0.106
DE,11,10,30,10140,0.126411701594634,100000,1.883
ABC,11,10,30,10140,2.6190159116142695,100000,7.017
GWO,11,10,30,10140,58.808190012370915,100000,0.157
CMAES,11,10,30,10140,29.84863528159599,5941,0.562
LSHADE,11,10,30,10140,0.0,100000,2.808
MSBO,11,10,31,10141,5.852227891388793,100000,0.997
GA,11,10,31,10141,11.83357846527042,100000,3.179
PSO,11,10,31,10141,24.873865251557618,100000,0.103
DE,11,10,31,10141,0.5498492701567557,100000,1.889
ABC,11,10,31,10141,3.8679644656638175,100000,7.474
GWO,11,10,31,10141,94.46854994758814,100000,0.172
CMAES,11,10,31,10141,73.62521593505494,6811,0.727
LSHADE,11,10,31,10141,0.0,100000,2.984
MSBO,11,10,32,10142,4.3669428627924844,100000,1.021
GA,11,10,32,10142,3.8616867842454212,100000,3.26
PSO,11,10,32,10142,53.727399174916854,100000,0.113
DE,11,10,32,10142,0.018300066022902683,100000,2.074
ABC,11,10,32,10142,3.377963397610756,100000,7.126
GWO,11,10,32,10142,77.07586104689312,100000,0.162
CMAES,11,10,32,10142,24.873865230663114,5141,0.507
LSHADE,11,10,32,10142,2.2737367544323206e-13,100000,2.89
MSBO,11,10,33,10143,9.895191625729467,100000,1.034
GA,11,10,33,10143,5.658188604134921,100000,3.38
PSO,11,10,33,10143,46.48447612799896,100000,0.106
DE,11,10,33,10143,1.9899181141865938,100000,1.963
ABC,11,10,33,10143,7.075262005828563,100001,7.29
GWO,11,10,33,10143,68.53275654755134,100000,0.166
CMAES,11,10,33,10143,19.899120597160618,6181,0.592
LSHADE,11,10,33,10143,0.0,100000,2.892
MSBO,11,10,34,10144,5.69241467559641,100003,1.157
GA,11,10,34,10144,7.859832115967265,100000,3.267
PSO,11,10,34,10144,37.80827773199212,100000,0.108
DE,11,10,34,10144,0.9949590570934106,100000,1.974
ABC,11,10,34,10144,5.003684918308863,100000,7.09
GWO,11,10,34,10144,61.38175926765348,100000,0.166
CMAES,11,10,34,10144,17.90916190664825,5411,0.54
LSHADE,11,10,34,10144,0.0,100000,2.81
MSBO,11,10,35,10145,4.2074763677246665,100000,1.016
GA,11,10,35,10145,5.633745119875357,100000,3.22
PSO,11,10,35,10145,17.909161941772254,100000,0.109
DE,11,10,35,10145,2.097844678772617,100000,1.913
ABC,11,10,35,10145,6.972636187770377,100001,7.093
GWO,11,10,35,10145,65.91671243678888,100000,0.182
CMAES,11,10,35,10145,38.80286910407676,6201,0.651
LSHADE,11,10,35,10145,0.0,100000,2.904
MSBO,11,10,36,10146,2.55270994366424,100000,1.006
GA,11,10,36,10146,7.704444300239857,100000,3.219
PSO,11,10,36,10146,21.889048987853585,100000,0.108
DE,11,10,36,10146,0.2244186871951115,100000,1.938
ABC,11,10,36,10146,2.6398477065367842,100001,7.043
GWO,11,10,36,10146,64.81521561127829,100000,0.168
CMAES,11,10,36,10146,8.954621438201457,5551,0.531
LSHADE,11,10,36,10146,4.547473508864641e-13,100000,2.825
MSBO,11,10,37,10147,5.20855439070624,100000,0.988
GA,11,10,37,10147,4.233690077170877,100000,3.122
PSO,11,10,37,10147,55.71839482231712,100000,0.105
DE,11,10,37,10147,0.9969143068956328,100000,1.854
ABC,11,10,37,10147,13.683667931999935,100000,6.861
GWO,11,10,37,10147,44.47807683648102,100000,0.171
CMAES,11,10,37,10147,20.894034040108863,5771,0.564
LSHADE,11,10,37,10147,0.0,100000,2.803
MSBO,11,10,38,10148,2.9786863741235265,100000,1.002
GA,11,10,38,10148,10.057960949201288,100000,3.22
PSO,11,10,38,10148,57.706614231617095,100000,0.112
DE,11,10,38,10148,0.08891698018760508,100000,1.928
ABC,11,10,38,10148,2.585183513566335,100000,7.196
GWO,11,10,38,10148,66.83892662714288,100000,0.168
CMAES,11,10,38,10148,32.83350741505683,5731,0.584
LSHADE,11,10,38,10148,0.0,100000,2.871
MSBO,11,10,39,10149,3.356443569304929,100000,1.033
GA,11,10,39,10149,5.612581964297988,100000,3.227
PSO,11,10,39,10149,41.78793425548315,100000,0.11
DE,11,10,39,10149,0.0,100000,1.951
ABC,11,10,39,10149,3.0941944226242413,100000,6.949
GWO,11,10,39,10149,63.260445222063936,100000,0.171
CMAES,11,10,39,10149,90.53929668520345,5831,0.551
LSHADE,11,10,39,10149,0.0,100000,2.877
MSBO,11,10,40,10150,3.112555679294701,100000,1.074
GA,11,10,40,10150,6.562652078426936,100000,3.362
PSO,11,10,40,10150,32.83350758825668,100000,0.106
DE,11,10,40,10150,1.0552129516570403,100000,1.939
ABC,11,10,40,10150,3.9217097589189507,100000,7.084
GWO,11,10,40,10150,62.566589449566436,100000,0.163
CMAES,11,10,40,10150,24.873845033948555,6331,0.602
LSHADE,11,10,40,10150,4.547473508864641e-13,100000,2.955
MSBO,11,10,41,10151,5.1683389302486376,100000,1.029
GA,11,10,41,10151,3.0464601268001843,100000,3.376
PSO,11,10,41,10151,46.484476132322925,100000,0.115
DE,11,10,41,10151,1.139223211775061,100000,1.996
ABC,11,10,41,10151,3.5105526526522226,100000,7.146
GWO,11,10,41,10151,65.33732074627278,100000,0.175
CMAES,11,10,41,10151,13.92939148913456,5631,0.536
LSHADE,11,10,41,10151,0.0,100000,2.999
MSBO,11,10,42,10152,2.421213566939059,100000,1.071
GA,11,10,42,10152,8.55296139296047,100000,3.316
PSO,11,10,42,10152,69.64540494824769,100000,0.108
DE,11,10,42,10152,0.0,100000,1.975
ABC,11,10,42,10152,3.3981741758304906,100001,6.959
GWO,11,10,42,10152,66.07640804284074,100000,0.171
CMAES,11,10,42,10152,49.74769006789711,7571,0.817
LSHADE,11,10,42,10152,4.547473508864641e-13,100000,3.05
MSBO,11,10,43,10153,2.6817429674638333,100000,1.104
GA,11,10,43,10153,9.711567644843399,100000,3.503
PSO,11,10,43,10153,41.900020431435905,100000,0.136
DE,11,10,43,10153,0.2488603916426655,100000,1.941
ABC,11,10,43,10153,1.5628690896637636,100000,6.998
GWO,11,10,43,10153,67.851465706731,100000,0.166
CMAES,11,10,43,10153,62.681384270574426,4991,0.493
LSHADE,11,10,43,10153,2.9698556772927986e-05,100000,3.032
MSBO,11,10,44,10154,2.9501521688860066,100000,1.096
GA,11,10,44,10154,4.6129645549465295,100000,3.268
PSO,11,10,44,10154,83.57819428387461,100000,0.108
DE,11,10,44,10154,2.4309793664046992,100000,1.891
ABC,11,10,44,10154,5.375228264723546,100000,7.043
GWO,11,10,44,10154,69.49635883664678,100000,0.161
CMAES,11,10,44,10154,30.843472239283074,5381,0.524
LSHADE,11,10,44,10154,0.8287287213920536,100000,2.898
MSBO,11,10,45,10155,2.809227177134744,100000,1.021
GA,11,10,45,10155,4.0098822957622815,100000,3.349
PSO,11,10,45,10155,17.90916226516765,100000,0.11
DE,11,10,45,10155,2.862971398389618,100000,1.979
ABC,11,10,45,10155,3.8435766254835926,100000,7.113
GWO,11,10,45,10155,53.14956893202793,100000,0.165
CMAES,11,10,45,10155,40.79278218044419,4901,0.493
LSHADE,11,10,45,10155,6.821210263296962e-13,100000,2.864
MSBO,11,10,46,10156,5.128088899221439,100000,1.088
GA,11,10,46,10156,7.530977803896576,100000,3.336
PSO,11,10,46,10156,35.81824231080873,100000,0.116
DE,11,10,46,10156,0.29541048562441574,100000,2.295
ABC,11,10,46,10156,4.019994008860294,100000,7.382
GWO,11,10,46,10156,56.46599346679636,100000,0.165
CMAES,11,10,46,10156,65.66650511498642,6771,0.65
LSHADE,11,10,46,10156,0.0,100000,3.28
MSBO,11,10,47,10157,5.321460845302681,100000,0.989
GA,11,10,47,10157,8.748493015009444,100000,3.194
PSO,11,10,47,10157,47.47931308838338,100000,0.114
DE,11,10,47,10157,1.1448130667413352,100000,2.042
ABC,11,10,47,10157,3.8023382207495615,100000,7.088
GWO,11,10,47,10157,69.7069636319577,100000,0.172
CMAES,11,10,47,10157,29.848513182189663,6291,0.65
LSHADE,11,10,47,10157,8.853930921759456e-10,100000,3.088
MSBO,11,10,48,10158,3.653403440609736,100000,1.158
GA,11,10,48,10158,7.72037502261378,100000,3.242
PSO,11,10,48,10158,18.62577915666884,100000,0.116
DE,11,10,48,10158,1.6110207982815155,100000,1.912
ABC,11,10,48,10158,4.649363937139924,100000,7.28
GWO,11,10,48,10158,59.22868331107111,100000,0.165
CMAES,11,10,48,10158,55.71706691581244,5731,0.593
LSHADE,11,10,48,10158,2.2737367544323206e-13,100000,2.987
MSBO,11,10,49,10159,3.447245425840947,100000,1.057
GA,11,10,49,10159,2.3396767537062715,100000,3.414
PSO,11,10,49,10159,121.80932132723228,100000,0.109
DE,11,10,49,10159,0.40852807535702595,100000,1.881
ABC,11,10,49,10159,4.773490744013543,100000,7.05
GWO,11,10,49,10159,53.7904948167793,100000,0.167
CMAES,11,10,49,10159,37.80815536658338,4881,0.492
LSHADE,11,10,49,10159,0.0,100000,2.881
MSBO,11,10,50,10160,3.5969771302359277,100000,1.004
GA,11,10,50,10160,8.745751083294635,100000,3.211
PSO,11,10,50,10160,67.65615459704873,100000,0.105
DE,11,10,50,10160,0.9952374950173635,100000,1.886
ABC,11,10,50,10160,2.9619111896961385,100000,6.939
GWO,11,10,50,10160,81.48142242334961,100000,0.195
CMAES,11,10,50,10160,27.85876278155456,5791,0.588
LSHADE,11,10,50,10160,5.775291356258094e-11,100000,3.19
MSBO,12,10,0,10120,5027.7242964716315,100000,1.098
GA,12,10,0,10120,684.0016792128581,100000,3.289
PSO,12,10,0,10120,16180.041742517365,100000,0.118
DE,12,10,0,10120,11.381098068819938,100000,2.003
ABC,12,10,0,10120,6256.638522588982,100011,7.47
GWO,12,10,0,10120,13933.923396148079,100000,0.173
CMAES,12,10,0,10120,675.5144070262381,5851,0.583
LSHADE,12,10,0,10120,0.4162859692910388,100000,2.925
MSBO,12,10,1,10121,42989.835242545996,100000,1.089
GA,12,10,1,10121,4786.886296764873,100000,3.315
PSO,12,10,1,10121,11116.696080680807,100000,0.111
DE,12,10,1,10121,0.2081429846455194,100000,1.898
ABC,12,10,1,10121,10344.291373080374,100010,7.045
GWO,12,10,1,10121,1273512.3947362853,100000,0.172
CMAES,12,10,1,10121,335.7861469896566,7471,0.763
LSHADE,12,10,1,10121,0.2081429846455194,100000,2.85
MSBO,12,10,2,10122,16007.933237669073,100000,1.072
GA,12,10,2,10122,15000.404298505677,100000,3.346
PSO,12,10,2,10122,10514.922780156407,100000,0.117
DE,12,10,2,10122,158.74604859716555,100000,1.963
ABC,12,10,2,10122,75078.71063765501,100011,7.132
GWO,12,10,2,10122,13911.757345082016,100000,0.178
CMAES,12,10,2,10122,632.5416670588513,12101,1.299
LSHADE,12,10,2,10122,0.0,100000,2.845
MSBO,12,10,3,10123,10564.095670601855,100002,1.095
GA,12,10,3,10123,7862.323794074935,100000,3.284
PSO,12,10,3,10123,12356.991654317753,100000,0.117
DE,12,10,3,10123,0.6244289539365582,100000,2.031
ABC,12,10,3,10123,10449.88361981471,100011,6.965
GWO,12,10,3,10123,13901.173453104799,100000,0.174
CMAES,12,10,3,10123,561.1239039777915,11851,1.324
LSHADE,12,10,3,10123,0.4162859692910388,100000,3.234
MSBO,12,10,4,10124,3405.0118589654658,100003,1.096
GA,12,10,4,10124,653.5160134404207,100000,3.284
PSO,12,10,4,10124,8528.77281254659,100000,0.119
DE,12,10,4,10124,0.4162859692910388,100000,2.021
ABC,12,10,4,10124,23099.44265195801,100012,7.241
GWO,12,10,4,10124,6711811.199406015,100000,0.176
CMAES,12,10,4,10124,490.20583192615845,9671,0.936
LSHADE,12,10,4,10124,119.94601560041497,100000,2.944
MSBO,12,10,5,10125,1883.8108427576944,100000,1.209
GA,12,10,5,10125,3480.1401181892015,100000,3.333
PSO,12,10,5,10125,9030.62554232595,100000,0.12
DE,12,10,5,10125,0.2081429846455194,100000,1.95
ABC,12,10,5,10125,43864.321860786134,100009,7.718
GWO,12,10,5,10125,4527029.054538805,100000,0.198
CMAES,12,10,5,10125,693.9271268761322,10501,1.193
LSHADE,12,10,5,10125,130.9108276999441,100000,3.041
MSBO,12,10,6,10126,3323.9353208751,100000,1.141
GA,12,10,6,10126,23443.120429714516,100000,3.325
PSO,12,10,6,10126,2256.7757439260654,100000,0.115
DE,12,10,6,10126,0.2081429846455194,100000,1.994
ABC,12,10,6,10126,34869.80408072417,100013,7.231
GWO,12,10,6,10126,3057100.8270663302,100000,0.176
CMAES,12,10,6,10126,217.1396693905731,7761,0.777
LSHADE,12,10,6,10126,11.172955084174419,100000,2.958
MSBO,12,10,7,10127,5262.510838445434,100003,1.145
GA,12,10,7,10127,10059.43482170623,100000,3.563
PSO,12,10,7,10127,12418.28554543634,100000,0.116
DE,12,10,7,10127,169.3436623351306,100000,1.941
ABC,12,10,7,10127,14441.67389683902,100014,7.263
GWO,12,10,7,10127,25116.192749357364,100000,0.181
CMAES,12,10,7,10127,554.0172113969156,6341,0.634
LSHADE,12,10,7,10127,119.73787261576945,100000,3.133
MSBO,12,10,8,10128,2967.6932260266167,100003,1.104
GA,12,10,8,10128,19547.001599710475,100000,3.365
PSO,12,10,8,10128,23018.983395882333,100000,0.129
DE,12,10,8,10128,11.381098068820165,100000,1.985
ABC,12,10,8,10128,20965.190452694525,100009,7.114
GWO,12,10,8,10128,835731.5157034032,100000,0.186
CMAES,12,10,8,10128,657.5001392395504,7761,0.921
LSHADE,12,10,8,10128,0.4162859692910388,100000,3.254
MSBO,12,10,9,10129,18061.04788761864,100003,1.068
GA,12,10,9,10129,10558.266254134314,100000,3.326
PSO,12,10,9,10129,5474.973394289932,100000,0.12
DE,12,10,9,10129,0.2081429846455194,100000,1.974
ABC,12,10,9,10129,9823.296762657736,100010,7.025
GWO,12,10,9,10129,1833399.6269970273,100000,0.178
CMAES,12,10,9,10129,118.64647759908348,7851,0.792
LSHADE,12,10,9,10129,11.172955084174419,100000,2.989
MSBO,12,10,10,10130,26967.674570258205,100000,1.064
GA,12,10,10,10130,6291.652064801061,100000,3.208
PSO,12,10,10,10130,37593.49808134996,100000,0.115
DE,12,10,10,10130,0.2081429846455194,100000,1.877
ABC,12,10,10,10130,7578.102227053476,100015,7.382
GWO,12,10,10,10130,13912.340806573378,100000,0.178
CMAES,12,10,10,10130,825.4038530772648,6621,0.762
LSHADE,12,10,10,10130,0.0,100000,3.113
MSBO,12,10,11,10131,1875.86451716673,100001,1.114
GA,12,10,11,10131,949.7597973521497,100000,3.493
PSO,12,10,11,10131,2511.1906851716567,100000,0.114
DE,12,10,11,10131,12.279998334751099,100000,1.951
ABC,12,10,11,10131,46648.58929253482,100015,7.049
GWO,12,10,11,10131,16950.709444283715,100000,0.171
CMAES,12,10,11,10131,692.2254473272219,6651,0.586
LSHADE,12,10,11,10131,0.6244289539365582,100000,2.843
MSBO,12,10,12,10132,5865.320039540105,100001,1.118
GA,12,10,12,10132,39817.2060579539,100000,3.319
PSO,12,10,12,10132,26360.959998016107,100000,0.124
DE,12,10,12,10132,135.06606958992438,100000,2.036
ABC,12,10,12,10132,51362.604483866686,100013,6.994
GWO,12,10,12,10132,49376.7588668057,100000,0.191
CMAES,12,10,12,10132,813.6755460572926,6561,0.732
LSHADE,12,10,12,10132,11.172955084174646,100000,2.949
MSBO,12,10,13,10133,16130.32308296653,100000,1.066
GA,12,10,13,10133,13153.178744101146,100000,3.18
PSO,12,10,13,10133,2399.054775587242,100000,0.113
DE,12,10,13,10133,11.173158672127556,100000,1.88
ABC,12,10,13,10133,21070.40747272493,100009,7.21
GWO,12,10,13,10133,1128723.740694847,100000,0.169
CMAES,12,10,13,10133,323.1431787063036,6231,0.612
LSHADE,12,10,13,10133,0.0,100000,3.051
MSBO,12,10,14,10134,13502.785942755241,100002,1.248
GA,12,10,14,10134,1921.525874610289,100000,3.556
PSO,12,10,14,10134,6665.649423165958,100000,0.134
DE,12,10,14,10134,0.4162859692910388,100000,1.971
ABC,12,10,14,10134,9515.302686354036,100010,7.323
GWO,12,10,14,10134,38169.69551433499,100000,0.173
CMAES,12,10,14,10134,576.8951680057237,12651,1.24
LSHADE,12,10,14,10134,118.854620583729,100000,2.856
MSBO,12,10,15,10135,12470.103356388618,100001,1.197
GA,12,10,15,10135,13251.001350197588,100000,3.326
PSO,12,10,15,10135,4018.031471043081,100000,0.114
DE,12,10,15,10135,0.2081898986266424,100000,1.872
ABC,12,10,15,10135,4993.328674471215,100009,7.11
GWO,12,10,15,10135,4234013.307815536,100000,0.171
CMAES,12,10,15,10135,228.31262447474774,6401,0.642
LSHADE,12,10,15,10135,0.0,100000,3.16
MSBO,12,10,16,10136,2502.389590887982,100003,1.096
GA,12,10,16,10136,29663.909992556757,100000,3.243
PSO,12,10,16,10136,10744.500389988423,100000,0.119
DE,12,10,16,10136,238.1762072302074,100000,2.032
ABC,12,10,16,10136,9983.765819588734,100011,7.434
GWO,12,10,16,10136,1288963.6721161683,100000,0.181
CMAES,12,10,16,10136,518.1450809131729,6021,0.678
LSHADE,12,10,16,10136,11.589241053465685,100000,3.016
MSBO,12,10,17,10137,6538.981243847558,100003,1.118
GA,12,10,17,10137,20840.986408089466,100000,3.245
PSO,12,10,17,10137,5464.34506622618,100000,0.118
DE,12,10,17,10137,0.2081429846455194,100000,2.052
ABC,12,10,17,10137,7399.485254979078,100009,7.22
GWO,12,10,17,10137,1288649.0973118595,100000,0.172
CMAES,12,10,17,10137,728.2622250286709,10431,1.085
LSHADE,12,10,17,10137,0.6244289539365582,100000,3.0
MSBO,12,10,18,10138,1055.2946336826158,100002,1.171
GA,12,10,18,10138,15749.57180297748,100000,3.283
PSO,12,10,18,10138,10718.906193112121,100000,0.115
DE,12,10,18,10138,0.0,100000,2.013
ABC,12,10,18,10138,52241.49974370929,100007,7.369
GWO,12,10,18,10138,872560.8884016173,100000,0.169
CMAES,12,10,18,10138,555.6411086542662,7371,0.749
LSHADE,12,10,18,10138,0.0,100000,2.95
MSBO,12,10,19,10139,3019.4981642622533,100002,1.162
GA,12,10,19,10139,30886.124185817927,100000,3.387
PSO,12,10,19,10139,16245.039845137711,100000,0.198
DE,12,10,19,10139,11.38109806882062,100000,2.341
ABC,12,10,19,10139,5960.5596201349135,100010,7.118
GWO,12,10,19,10139,13746.365713606196,100000,0.177
CMAES,12,10,19,10139,813.8047387113118,10151,1.044
LSHADE,12,10,19,10139,0.2081429846455194,100000,2.849
MSBO,12,10,20,10140,10938.012898505674,100002,1.091
GA,12,10,20,10140,11641.995675839955,100000,3.28
PSO,12,10,20,10140,11815.375813836834,100000,0.119
DE,12,10,20,10140,7.053131412249058e-10,100000,1.891
ABC,12,10,20,10140,25917.10586098533,100012,7.178
GWO,12,10,20,10140,35584.102098204436,100000,0.182
CMAES,12,10,20,10140,475.0396865506966,11401,1.138
LSHADE,12,10,20,10140,0.2081429846455194,100000,2.87
MSBO,12,10,21,10141,20356.449386133903,100002,1.127
GA,12,10,21,10141,4784.091173768199,100000,3.233
PSO,12,10,21,10141,6731.871627294219,100000,0.117
DE,12,10,21,10141,0.5515629404205811,100000,1.95
ABC,12,10,21,10141,26020.90129230441,100009,7.074
GWO,12,10,21,10141,13913.889400926259,100000,0.175
CMAES,12,10,21,10141,269.0729722435808,14301,1.475
LSHADE,12,10,21,10141,0.4162859692910388,100000,2.918
MSBO,12,10,22,10142,31846.605126271803,100003,1.118
GA,12,10,22,10142,12613.470676825838,100000,3.203
PSO,12,10,22,10142,22615.463609286227,100000,0.113
DE,12,10,22,10142,0.6244782921964998,100000,1.988
ABC,12,10,22,10142,9853.584655028106,100009,7.208
GWO,12,10,22,10142,38169.98759057388,100000,0.18
CMAES,12,10,22,10142,466.99830970887706,10701,1.187
LSHADE,12,10,22,10142,0.4162859692910388,100000,2.969
MSBO,12,10,23,10143,4339.251192434812,100002,1.176
GA,12,10,23,10143,25029.483656376917,100000,3.303
PSO,12,10,23,10143,5002.319056375242,100000,0.114
DE,12,10,23,10143,1.462328741382862,100000,1.925
ABC,12,10,23,10143,35393.234164182075,100011,7.125
GWO,12,10,23,10143,1772867.062798344,100000,0.173
CMAES,12,10,23,10143,572.4875747114525,10171,0.965
LSHADE,12,10,23,10143,12.279998334751099,100000,2.979
MSBO,12,10,24,10144,29161.67175486693,100001,1.187
GA,12,10,24,10144,2101.708604264027,100000,3.361
PSO,12,10,24,10144,4099.533965685849,100000,0.118
DE,12,10,24,10144,11.381098068820165,100000,1.949
ABC,12,10,24,10144,25511.072968383458,100012,7.19
GWO,12,10,24,10144,1288630.4476700227,100000,0.175
CMAES,12,10,24,10144,458.4568333903867,10651,1.153
LSHADE,12,10,24,10144,135.06606958992438,100000,2.883
MSBO,12,10,25,10145,4158.317888692708,100000,1.11
GA,12,10,25,10145,20856.207920859975,100000,3.227
PSO,12,10,25,10145,10507.082069838521,100000,0.124
DE,12,10,25,10145,135.0660699390728,100000,1.909
ABC,12,10,25,10145,20330.489586118256,100009,7.277
GWO,12,10,25,10145,2669404.313289618,100000,0.197
CMAES,12,10,25,10145,561.1239039777915,6581,0.657
LSHADE,12,10,25,10145,0.0,100000,2.905
MSBO,12,10,26,10146,5593.911655435917,100003,1.072
GA,12,10,26,10146,10878.837734764342,100000,3.236
PSO,12,10,26,10146,1059.7574995358968,100000,0.119
DE,12,10,26,10146,0.2081429846455194,100000,1.958
ABC,12,10,26,10146,18544.459151228846,100007,7.051
GWO,12,10,26,10146,13901.68286420855,100000,0.172
CMAES,12,10,26,10146,237.08481221352145,6221,0.625
LSHADE,12,10,26,10146,120.15415858506049,100000,2.9
MSBO,12,10,27,10147,7930.62135965949,100000,1.108
GA,12,10,27,10147,19326.61071891515,100000,3.242
PSO,12,10,27,10147,18895.173252468267,100000,0.116
DE,12,10,27,10147,0.6256032867122485,100000,1.922
ABC,12,10,27,10147,27528.109084085107,100011,7.061
GWO,12,10,27,10147,4639371.752945839,100000,0.169
CMAES,12,10,27,10147,358.0024087029278,6111,0.58
LSHADE,12,10,27,10147,0.6244289539365582,100000,2.889
MSBO,12,10,28,10148,30965.12296110687,100000,1.198
GA,12,10,28,10148,16594.827851607446,100000,3.357
PSO,12,10,28,10148,9257.758827242762,100000,0.117
DE,12,10,28,10148,12.279998334751099,100000,1.913
ABC,12,10,28,10148,39287.95473826548,100011,7.221
GWO,12,10,28,10148,1288626.975034959,100000,0.171
CMAES,12,10,28,10148,559.8640819142797,11891,1.189
LSHADE,12,10,28,10148,119.73787261576945,100000,2.93
MSBO,12,10,29,10149,45099.60856033145,100002,1.049
GA,12,10,29,10149,2509.031111465951,100000,3.255
PSO,12,10,29,10149,5528.287451670921,100000,0.112
DE,12,10,29,10149,12.279998334751099,100000,1.879
ABC,12,10,29,10149,13631.210675331917,100013,7.101
GWO,12,10,29,10149,38176.347622168825,100000,0.17
CMAES,12,10,29,10149,0.41628596929126616,8601,0.812
LSHADE,12,10,29,10149,11.381098068820165,100000,2.85
MSBO,12,10,30,10150,26159.42091942144,100002,1.199
GA,12,10,30,10150,29010.107459047842,100000,3.221
PSO,12,10,30,10150,25053.153970135154,100000,0.115
DE,12,10,30,10150,0.4162859692910388,100000,2.066
ABC,12,10,30,10150,10942.468859454428,100009,7.057
GWO,12,10,30,10150,25109.583410723542,100000,0.172
CMAES,12,10,30,10150,908.1463101984564,5751,0.542
LSHADE,12,10,30,10150,119.9460156004152,100000,3.182
MSBO,12,10,31,10151,55844.78845663473,100000,1.032
GA,12,10,31,10151,19263.03410329152,100000,3.199
PSO,12,10,31,10151,8199477.747177008,100000,0.115
DE,12,10,31,10151,0.2081429846455194,100000,1.883
ABC,12,10,31,10151,15231.199077334815,100012,7.109
GWO,12,10,31,10151,4487781.447222827,100000,0.168
CMAES,12,10,31,10151,362.9624080953811,10011,0.979
LSHADE,12,10,31,10151,0.0,100000,2.985
MSBO,12,10,32,10152,5555.067505863477,100000,1.124
GA,12,10,32,10152,10139.770064960449,100000,3.438
PSO,12,10,32,10152,985.6687302699711,100000,0.117
DE,12,10,32,10152,12.279998334751099,100000,1.922
ABC,12,10,32,10152,7422.740927683661,100014,7.173
GWO,12,10,32,10152,1288644.9602208512,100000,0.169
CMAES,12,10,32,10152,237.08481221352167,7071,0.67
LSHADE,12,10,32,10152,0.4162859692910388,100000,3.122
MSBO,12,10,33,10153,10318.269896932026,100001,1.131
GA,12,10,33,10153,4963.467301299122,100000,3.287
PSO,12,10,33,10153,11042.506074313227,100000,0.113
DE,12,10,33,10153,0.6244289539365582,100000,1.918
ABC,12,10,33,10153,7416.095808361726,100010,6.942
GWO,12,10,33,10153,7426491.643483261,100000,0.171
CMAES,12,10,33,10153,492.5487724228756,14391,1.532
LSHADE,12,10,33,10153,119.73787261576945,100000,2.924
MSBO,12,10,34,10154,5709.614872584343,100002,1.087
GA,12,10,34,10154,52119.88650081071,100000,3.379
PSO,12,10,34,10154,28822.198831537513,100000,0.123
DE,12,10,34,10154,12.279998334751099,100000,1.979
ABC,12,10,34,10154,11019.699645030385,100015,7.107
GWO,12,10,34,10154,10560.233597274851,100000,0.176
CMAES,12,10,34,10154,640.3355163541642,5711,0.55
LSHADE,12,10,34,10154,11.381098068820165,100000,2.857
MSBO,12,10,35,10155,31498.458908622542,100002,1.067
GA,12,10,35,10155,29748.216007251092,100000,3.226
PSO,12,10,35,10155,40057.55651196401,100000,0.121
DE,12,10,35,10155,158.74604859716555,100000,1.922
ABC,12,10,35,10155,30623.34683224093,100012,7.041
GWO,12,10,35,10155,1288634.621414205,100000,0.173
CMAES,12,10,35,10155,395.10807003401123,5981,0.58
LSHADE,12,10,35,10155,119.9460156004152,100000,2.976
MSBO,12,10,36,10156,42712.95398294406,100000,1.103
GA,12,10,36,10156,8504.364806982,100000,3.502
PSO,12,10,36,10156,11003.483520256863,100000,0.135
DE,12,10,36,10156,131.1189706870705,100000,1.974
ABC,12,10,36,10156,12447.419106832056,100013,7.019
GWO,12,10,36,10156,38197.65657087633,100000,0.168
CMAES,12,10,36,10156,366.520860405054,6401,0.59
LSHADE,12,10,36,10156,0.4162859692910388,100000,2.896
MSBO,12,10,37,10157,30169.689147802383,100001,1.06
GA,12,10,37,10157,31560.33854990988,100000,3.226
PSO,12,10,37,10157,50223.45320381261,100000,0.116
DE,12,10,37,10157,0.2081429846455194,100000,1.933
ABC,12,10,37,10157,7514.683452857742,100014,7.257
GWO,12,10,37,10157,25129.288377494777,100000,0.179
CMAES,12,10,37,10157,437.41091702447375,6011,0.634
LSHADE,12,10,37,10157,135.06606958992438,100000,2.928
MSBO,12,10,38,10158,4704.044246902058,100000,1.12
GA,12,10,38,10158,9156.787475386089,100000,3.303
PSO,12,10,38,10158,7785.535428452298,100000,0.116
DE,12,10,38,10158,135.06606958992438,100000,1.935
ABC,12,10,38,10158,21704.348354015514,100016,7.017
GWO,12,10,38,10158,13921.042591104992,100000,0.168
CMAES,12,10,38,10158,893.0106960549901,6901,0.691
LSHADE,12,10,38,10158,0.2081429846455194,100000,2.991
MSBO,12,10,39,10159,1772.0444283011002,100003,1.124
GA,12,10,39,10159,49229.450155165876,100000,3.275
PSO,12,10,39,10159,8197853.374950722,100000,0.119
DE,12,10,39,10159,0.4162859692910388,100000,1.914
ABC,12,10,39,10159,44430.78544283545,100011,7.666
GWO,12,10,39,10159,1288731.6586253725,100000,0.169
CMAES,12,10,39,10159,339.5973015347049,10191,0.866
LSHADE,12,10,39,10159,131.1189706845896,100000,2.838
MSBO,12,10,40,10160,2899.666849786391,100002,1.031
GA,12,10,40,10160,30229.63722466072,100000,3.197
PSO,12,10,40,10160,2814.1066766228796,100000,0.116
DE,12,10,40,10160,11.589249034370823,100000,1.916
ABC,12,10,40,10160,17720.196475979355,100008,7.104
GWO,12,10,40,10160,13914.641935434494,100000,0.17
CMAES,12,10,40,10160,460.9190771049971,12301,1.298
LSHADE,12,10,40,10160,0.2081429846455194,100000,2.855
MSBO,12,10,41,10161,34483.72591248255,100000,1.081
GA,12,10,41,10161,9036.142605756211,100000,3.452
PSO,12,10,41,10161,33084.022451430785,100000,0.126
DE,12,10,41,10161,0.4162859692910388,100000,1.924
ABC,12,10,41,10161,23295.80721863714,100013,7.018
GWO,12,10,41,10161,1284168.5683300693,100000,0.192
CMAES,12,10,41,10161,238.38435021485316,6461,0.596
LSHADE,12,10,41,10161,0.4162859692910388,100000,2.918
MSBO,12,10,42,10162,44298.624709150215,100000,1.097
GA,12,10,42,10162,3463.8650739140685,100000,3.328
PSO,12,10,42,10162,37654.87668984985,100000,0.119
DE,12,10,42,10162,0.4162859692910388,100000,1.956
ABC,12,10,42,10162,44665.05114943803,100014,7.04
GWO,12,10,42,10162,1288633.8838484182,100000,0.172
CMAES,12,10,42,10162,683.9298361152562,16451,1.94
LSHADE,12,10,42,10162,0.4162859692910388,100000,3.077
MSBO,12,10,43,10163,5187.40893735039,100000,1.202
GA,12,10,43,10163,21795.724306004333,100000,3.241
PSO,12,10,43,10163,51110.29074332091,100000,0.111
DE,12,10,43,10163,118.64647759908348,100000,1.899
ABC,12,10,43,10163,13546.286258453629,100014,6.898
GWO,12,10,43,10163,25126.618961013904,100000,0.18
CMAES,12,10,43,10163,253.2507767366269,7861,0.922
LSHADE,12,10,43,10163,11.381098068819938,100000,2.984
MSBO,12,10,44,10164,49370.91050536192,100001,1.101
GA,12,10,44,10164,48625.74152923495,100000,3.232
PSO,12,10,44,10164,61227.503274751056,100000,0.112
DE,12,10,44,10164,12.28000081540813,100000,1.899
ABC,12,10,44,10164,51109.52383255667,100013,7.163
GWO,12,10,44,10164,1781564.9621623245,100000,0.168
CMAES,12,10,44,10164,365.8858433540631,11051,1.062
LSHADE,12,10,44,10164,0.4162859692910388,100000,2.893
MSBO,12,10,45,10165,11130.91464958591,100003,1.092
GA,12,10,45,10165,29847.55568558278,100000,3.355
PSO,12,10,45,10165,33566.714312118274,100000,0.119
DE,12,10,45,10165,0.4162859692910388,100000,2.081
ABC,12,10,45,10165,22478.382624419566,100012,7.036
GWO,12,10,45,10165,49378.068359435376,100000,0.169
CMAES,12,10,45,10165,490.20583192615845,6341,0.645
LSHADE,12,10,45,10165,119.73787261576945,100000,2.869
MSBO,12,10,46,10166,16432.752934820288,100000,1.11
GA,12,10,46,10166,4534.441512049247,100000,3.272
PSO,12,10,46,10166,5094.726921011245,100000,0.119
DE,12,10,46,10166,3.0292994779301807e-09,100000,2.008
ABC,12,10,46,10166,9718.12153101467,100013,7.226
GWO,12,10,46,10166,3275801.7130428148,100000,0.172
CMAES,12,10,46,10166,311.97022362212897,5981,0.458
LSHADE,12,10,46,10166,0.2081429846455194,100000,2.919
MSBO,12,10,47,10167,7065.246277995615,100003,1.117
GA,12,10,47,10167,5739.694301973128,100000,3.271
PSO,12,10,47,10167,14937.073476716441,100000,0.112
DE,12,10,47,10167,0.6244289539365582,100000,2.016
ABC,12,10,47,10167,25747.531075065603,100012,7.048
GWO,12,10,47,10167,592899.5053449739,100000,0.176
CMAES,12,10,47,10167,390.589486007957,6031,0.53
LSHADE,12,10,47,10167,0.4162859692910388,100000,3.013
MSBO,12,10,48,10168,38552.104048058216,100000,1.094
GA,12,10,48,10168,60841.03617387255,100000,3.216
PSO,12,10,48,10168,8226325.985902101,100000,0.116
DE,12,10,48,10168,545.2944495979673,100000,1.881
ABC,12,10,48,10168,12658.33463927078,100012,7.126
GWO,12,10,48,10168,25105.029708150363,100000,0.174
CMAES,12,10,48,10168,151.3574677108627,6101,0.605
LSHADE,12,10,48,10168,0.0,100000,2.903
MSBO,12,10,49,10169,39564.8217214543,100000,1.065
GA,12,10,49,10169,1848.2284188358035,100000,3.338
PSO,12,10,49,10169,4062.399838851353,100000,0.122
DE,12,10,49,10169,0.4162859692910388,100000,1.946
ABC,12,10,49,10169,6057.893087792052,100012,7.087
GWO,12,10,49,10169,25122.145615995367,100000,0.173
CMAES,12,10,49,10169,0.41628596929126616,8541,0.855
LSHADE,12,10,49,10169,11.172955084174419,100000,2.952
MSBO,12,10,50,10170,1816.5387613466337,100002,1.078
GA,12,10,50,10170,28530.1209451939,100000,3.272
PSO,12,10,50,10170,1388.753098041178,100000,0.118
DE,12,10,50,10170,0.41628596929149353,100000,2.02
ABC,12,10,50,10170,10228.114187416453,100007,7.04
GWO,12,10,50,10170,3546014.6827299744,100000,0.172
CMAES,12,10,50,10170,590.0539890983646,6641,0.69
LSHADE,12,10,50,10170,0.0,100000,2.892
MSBO,13,10,15,10145,35.36761557911791,100002,1.143
GA,13,10,15,10145,24903.51404033988,100000,3.292
PSO,13,10,15,10145,17648.14015670014,100000,0.111
DE,13,10,15,10145,6.166134189231343,100000,1.964
ABC,13,10,15,10145,190.32872610849267,100009,7.504
GWO,13,10,15,10145,7544.934676380717,100000,0.18
CMAES,13,10,15,10145,8.015084668316149,8281,0.841
LSHADE,13,10,15,10145,5.394125270038785,100000,3.034
MSBO,13,10,16,10146,47.9986988403607,100002,1.146
GA,13,10,16,10146,484.5587999782297,100000,3.196
PSO,13,10,16,10146,6621.866336570708,100000,0.109
DE,13,10,16,10146,4.923780476811999,100000,1.875
ABC,13,10,16,10146,47.592809329725014,100006,6.883
GWO,13,10,16,10146,7544.911315501729,100000,0.167
CMAES,13,10,16,10146,121.36681572953376,7271,0.734
LSHADE,13,10,16,10146,4.837136915594101,100000,2.869
MSBO,13,10,17,10147,302.28502298674334,100000,1.077
GA,13,10,17,10147,10927.714242869048,100000,3.362
PSO,13,10,17,10147,1496.5960167127032,100000,0.111
DE,13,10,17,10147,4.922528115666182,100000,1.879
ABC,13,10,17,10147,392.0343649253232,100004,7.162
GWO,13,10,17,10147,7545.6876820043835,100000,0.172
CMAES,13,10,17,10147,125.52078765320516,6941,0.714
LSHADE,13,10,17,10147,0.9949590570934106,100000,2.859
MSBO,13,10,18,10148,20.624247464289056,100001,1.047
GA,13,10,18,10148,610.1910446527095,100000,3.168
PSO,13,10,18,10148,2086.692739291552,100000,0.112
DE,13,10,18,10148,5.414326919167252,100000,2.039
ABC,13,10,18,10148,47.498001541795475,100008,7.288
GWO,13,10,18,10148,7514.9873478139925,100000,0.17
CMAES,13,10,18,10148,306.6771006719737,6751,0.629
LSHADE,13,10,18,10148,5.394125270038785,100000,3.025
MSBO,13,10,19,10149,203.36864216104664,100001,1.089
GA,13,10,19,10149,15141.208904796556,100000,3.267
PSO,13,10,19,10149,10651.073970421128,100000,0.112
DE,13,10,19,10149,3.1316881192583423,100000,1.927
ABC,13,10,19,10149,1020.2780509686891,100010,6.929
GWO,13,10,19,10149,7545.059685858481,100000,0.171
CMAES,13,10,19,10149,218.1671035409654,6401,0.691
LSHADE,13,10,19,10149,6.508101829928137,100000,2.909
MSBO,13,10,20,10150,20.199910764559945,100000,1.126
GA,13,10,20,10150,25022.62554192897,100000,3.278
PSO,13,10,20,10150,11404.642886519008,100000,0.112
DE,13,10,20,10150,5.394125270038785,100000,1.884
ABC,13,10,20,10150,45.18850021724734,100003,6.474
GWO,13,10,20,10150,7546.900161230176,100000,0.144
CMAES,13,10,20,10150,18.649894019131352,8381,2.418
LSHADE,13,10,20,10150,4.837136915594101,100000,2.553
MSBO,13,10,21,10151,2277.9003047520773,100002,1.0
GA,13,10,21,10151,28975.775752655198,100000,2.951
PSO,13,10,21,10151,2817.276027774644,100000,0.092
DE,13,10,21,10151,5.588000184937755,100000,1.607
ABC,13,10,21,10151,1711.6669700766552,100009,6.558
GWO,13,10,21,10151,7547.60930810082,100000,0.145
CMAES,13,10,21,10151,12.06844069276849,8401,0.731
LSHADE,13,10,21,10151,5.027135863217154,100000,2.549
MSBO,13,10,22,10152,3016.6493768963655,100000,1.042
GA,13,10,22,10152,6572.723916110382,100000,2.969
PSO,13,10,22,10152,2034.035938691411,100000,0.096
DE,13,10,22,10152,5.951113624483469,100000,1.839
ABC,13,10,22,10152,571.8339925778732,100002,6.297
GWO,13,10,22,10152,7546.042887026819,100000,0.155
CMAES,13,10,22,10152,135.76257595650668,7101,0.637
LSHADE,13,10,22,10152,4.837136915594101,100000,2.56
MSBO,13,10,23,10153,3102.1252034555673,100002,1.029
GA,13,10,23,10153,10.365473564699187,100000,2.974
PSO,13,10,23,10153,1262.1806027945681,100000,0.108
DE,13,10,23,10153,8.317945576982993,100000,1.748
ABC,13,10,23,10153,41.735540944343256,100001,6.459
GWO,13,10,23,10153,7545.261576364021,100000,0.159
CMAES,13,10,23,10153,232.9568150499333,6641,0.588
LSHADE,13,10,23,10153,8.317945576982993,100000,2.574
MSBO,13,10,24,10154,1235.9118944519087,100001,0.964
GA,13,10,24,10154,21769.203434099585,100000,2.832
PSO,13,10,24,10154,19822.916478598105,100000,0.098
DE,13,10,24,10154,5.027135863217154,100000,1.692
ABC,13,10,24,10154,961.2192588570592,100011,6.279
GWO,13,10,24,10154,7546.076155187882,100000,0.161
CMAES,13,10,24,10154,14.92796557183533,9241,0.849
LSHADE,13,10,24,10154,5.204126322415959,100000,2.578
MSBO,13,10,25,10155,2.218232381171674,100002,0.979
GA,13,10,25,10155,3391.2951328706968,100000,2.716
PSO,13,10,25,10155,11027.529413496502,100000,0.093
DE,13,10,25,10155,5.394125270038785,100000,1.634
ABC,13,10,25,10155,900.6102212508458,100004,6.392
GWO,13,10,25,10155,7545.63002178711,100000,0.142
CMAES,13,10,25,10155,23.10670894957775,7461,0.671
LSHADE,13,10,25,10155,5.96412206208629,100000,2.5
MSBO,13,10,26,10156,882.6940376845987,100002,0.899
GA,13,10,26,10156,19609.49109312971,100000,2.89
PSO,13,10,26,10156,1069.901462873915,100000,0.093
DE,13,10,26,10156,0.08300797852075448,100000,1.657
ABC,13,10,26,10156,53.82983322403675,100007,6.386
GWO,13,10,26,10156,7544.953806682002,100000,0.151
CMAES,13,10,26,10156,18.25688509488259,6181,0.543
LSHADE,13,10,26,10156,4.837136915594101,100000,2.634
MSBO,13,10,27,10157,3608.646122046901,100002,1.014
GA,13,10,27,10157,469.26824771797374,100000,2.915
PSO,13,10,27,10157,2276.802832691885,100000,0.108
DE,13,10,27,10157,6.33111146890792,100000,1.722
ABC,13,10,27,10157,263.4709738171066,100006,6.453
GWO,13,10,27,10157,7545.561396405103,100000,0.143
CMAES,13,10,27,10157,185.30017654222047,7541,0.648
LSHADE,13,10,27,10157,5.204126322415959,100000,2.465
MSBO,13,10,28,10158,1297.460717135299,100001,1.025
GA,13,10,28,10158,22826.476231695407,100000,2.917
PSO,13,10,28,10158,6994.095833364765,100000,0.115
DE,13,10,28,10158,5.204126322415959,100000,1.684
ABC,13,10,28,10158,1113.7401630104096,100008,6.166
GWO,13,10,28,10158,7546.6189086185295,100000,0.149
CMAES,13,10,28,10158,43.32642079289985,11821,1.088
LSHADE,13,10,28,10158,1.9899181141865938,100000,2.598
MSBO,13,10,29,10159,677.8048330370684,100000,1.062
GA,13,10,29,10159,11486.22605428866,100000,2.992
PSO,13,10,29,10159,5252.314324386391,100000,0.101
DE,13,10,29,10159,0.0,100000,1.853
ABC,13,10,29,10159,708.0229600277698,100009,6.39
GWO,13,10,29,10159,4330.176878081597,100000,0.158
CMAES,13,10,29,10159,9.129061431555328,7921,0.74
LSHADE,13,10,29,10159,5.584124217661838,100000,2.671
MSBO,13,10,30,10160,171.90063698442964,100001,0.955
GA,13,10,30,10160,975.7018902534896,100000,2.918
PSO,13,10,30,10160,110.04398381730562,100000,0.099
DE,13,10,30,10160,0.0,100000,1.684
ABC,13,10,30,10160,81.1920617300691,100007,6.25
GWO,13,10,30,10160,7544.984380811022,100000,0.151
CMAES,13,10,30,10160,31.132641103019296,8821,0.824
LSHADE,13,10,30,10160,5.394125270038785,100000,2.644
MSBO,13,10,31,10161,3268.168324634673,100000,1.012
GA,13,10,31,10161,60.83422287511917,100000,2.906
PSO,13,10,31,10161,1398.9795266639744,100000,0.116
DE,13,10,31,10161,5.362910075536092,100000,1.805
ABC,13,10,31,10161,7.159082334243749,100004,6.034
GWO,13,10,31,10161,7545.986602536006,100000,0.154
CMAES,13,10,31,10161,106.22394188502903,7001,0.615
LSHADE,13,10,31,10161,5.774123114463464,100000,2.561
MSBO,13,10,32,10162,4099.158259227028,100001,0.966
GA,13,10,32,10162,2007.0457030537718,100000,2.936
PSO,13,10,32,10162,2044.9003403083934,100000,0.096
DE,13,10,32,10162,5.44250292130323,100000,1.642
ABC,13,10,32,10162,445.7791185372746,100007,6.27
GWO,13,10,32,10162,7546.412518197918,100000,0.152
CMAES,13,10,32,10162,115.73197684343654,7331,0.657
LSHADE,13,10,32,10162,5.204126322415959,100000,2.546
MSBO,13,10,33,10163,214.899689543985,100003,1.022
GA,13,10,33,10163,13561.994708551074,100000,2.957
PSO,13,10,33,10163,7795.060042345791,100000,0.1
DE,13,10,33,10163,0.017848037644398573,100000,1.803
ABC,13,10,33,10163,84.89773645752462,100009,6.249
GWO,13,10,33,10163,7545.0616541083255,100000,0.137
CMAES,13,10,33,10163,204.32062874891267,8101,0.738
LSHADE,13,10,33,10163,8.317945576982993,100000,2.462
MSBO,13,10,34,10164,118.45085918446989,100001,0.981
GA,13,10,34,10164,8073.914944943495,100000,2.957
PSO,13,10,34,10164,6233.267988836839,100000,0.094
DE,13,10,34,10164,5.64680193760023,100000,1.699
ABC,13,10,34,10164,1027.224307331534,100005,6.135
GWO,13,10,34,10164,6429.914615606569,100000,0.139
CMAES,13,10,34,10164,57.10017946817584,7641,0.658
LSHADE,13,10,34,10164,5.204126322415959,100000,2.423
MSBO,13,10,35,10165,21.03888188996075,100002,0.933
GA,13,10,35,10165,9926.97605504219,100000,3.144
PSO,13,10,35,10165,6124.589751769829,100000,0.105
DE,13,10,35,10165,5.456388527517447,100000,1.658
ABC,13,10,35,10165,69.73530316306733,100009,6.047
GWO,13,10,35,10165,7544.969966433888,100000,0.152
CMAES,13,10,35,10165,34.75613776882096,6581,0.567
LSHADE,13,10,35,10165,5.204126322415959,100000,2.517
MSBO,13,10,36,10166,2742.5383646618366,100000,0.925
GA,13,10,36,10166,6932.304475624311,100000,2.797
PSO,13,10,36,10166,2003.0258699018386,100000,0.105
DE,13,10,36,10166,5.027135863217154,100000,1.66
ABC,13,10,36,10166,881.4207521983899,100006,6.116
GWO,13,10,36,10166,7546.052521353227,100000,0.154
CMAES,13,10,36,10166,58.633114555348584,7691,0.633
LSHADE,13,10,36,10166,5.394125270038785,100000,2.406
MSBO,13,10,37,10167,313.76233410909276,100000,0.952
GA,13,10,37,10167,34.45851524309751,100000,3.003
PSO,13,10,37,10167,3485.69428147696,100000,0.097
DE,13,10,37,10167,5.954263013403988,100000,1.681
ABC,13,10,37,10167,299.3603241575877,100004,6.168
GWO,13,10,37,10167,7545.043972017807,100000,0.148
CMAES,13,10,37,10167,37.13455757259089,8181,0.763
LSHADE,13,10,37,10167,4.837136915594101,100000,2.686
MSBO,13,10,38,10168,41.79737662176103,100003,0.962
GA,13,10,38,10168,18402.787460002164,100000,2.734
PSO,13,10,38,10168,6567.946957513562,100000,0.099
DE,13,10,38,10168,4.962836157202219,100000,1.692
ABC,13,10,38,10168,89.50173324371235,100006,6.19
GWO,13,10,38,10168,7544.937863620831,100000,0.149
CMAES,13,10,38,10168,39.3755220444084,7101,0.557
LSHADE,13,10,38,10168,6.5211104165309735,100000,2.447
MSBO,13,10,39,10169,171.58900505758675,100001,0.947
GA,13,10,39,10169,677.6177847983995,100000,3.018
PSO,13,10,39,10169,142.34339858652038,100000,0.102
DE,13,10,39,10169,5.219540520885403,100000,1.69
ABC,13,10,39,10169,321.1090505437851,100003,5.933
GWO,13,10,39,10169,7545.136619106477,100000,0.156
CMAES,13,10,39,10169,347.46772165959146,8201,0.777
LSHADE,13,10,39,10169,5.027135863217154,100000,2.638
MSBO,13,10,40,10170,19.000146509679325,100001,1.005
GA,13,10,40,10170,665.9736566195186,100000,2.919
PSO,13,10,40,10170,2326.364059965743,100000,0.098
DE,13,10,40,10170,5.424238942694728,100000,1.728
ABC,13,10,40,10170,230.62744692559295,100007,6.419
GWO,13,10,40,10170,7545.065446482982,100000,0.145
CMAES,13,10,40,10170,185.63297782014547,7691,0.675
LSHADE,13,10,40,10170,0.9949590570934106,100000,2.749
MSBO,13,10,41,10171,364.06884726366025,100000,0.969
GA,13,10,41,10171,686.9877243053609,100000,3.064
PSO,13,10,41,10171,1117.1616370818138,100000,0.099
DE,13,10,41,10171,0.9949590570934106,100000,1.639
ABC,13,10,41,10171,427.1122766369326,100005,6.318
GWO,13,10,41,10171,7544.858211589513,100000,0.148
CMAES,13,10,41,10171,11.940019279444869,7601,0.668
LSHADE,13,10,41,10171,5.96412206208629,100000,2.713
MSBO,13,10,42,10172,709.5648724404541,100001,0.996
GA,13,10,42,10172,30461.848495230108,100000,2.993
PSO,13,10,42,10172,24307.393556740335,100000,0.1
DE,13,10,42,10172,6.141112423106506,100000,1.708
ABC,13,10,42,10172,93.02661473674311,100007,6.09
GWO,13,10,42,10172,7545.414933086984,100000,0.134
CMAES,13,10,42,10172,19.763870172062298,7611,0.647
LSHADE,13,10,42,10172,5.394125270038785,100000,2.505
MSBO,13,10,43,10173,307.5995897722387,100000,1.154
GA,13,10,43,10173,27173.134055196315,100000,3.049
PSO,13,10,43,10173,373.13260068278623,100000,0.096
DE,13,10,43,10173,4.837136915594101,100000,1.7
ABC,13,10,43,10173,43.712487018550746,100006,6.166
GWO,13,10,43,10173,7546.370075382711,100000,0.151
CMAES,13,10,43,10173,11.927009499705264,7801,0.716
LSHADE,13,10,43,10173,5.394125270038785,100000,2.554
MSBO,13,10,44,10174,342.6182398889159,100000,0.988
GA,13,10,44,10174,30649.645294011716,100000,2.924
PSO,13,10,44,10174,13293.242827350787,100000,0.095
DE,13,10,44,10174,0.004822441433134372,100000,1.724
ABC,13,10,44,10174,460.4275753371992,100001,6.032
GWO,13,10,44,10174,5060.380701212006,100000,0.162
CMAES,13,10,44,10174,17.902906310105436,6381,0.585
LSHADE,13,10,44,10174,5.204126322415959,100000,2.683
MSBO,13,10,45,10175,219.05734827832634,100000,1.127
GA,13,10,45,10175,8940.778578148313,100000,2.891
PSO,13,10,45,10175,8832.59999887872,100000,0.099
DE,13,10,45,10175,0.0,100000,1.69
ABC,13,10,45,10175,125.24673039796858,100009,6.214
GWO,13,10,45,10175,4502.186580648397,100000,0.161
CMAES,13,10,45,10175,40.4123422528462,6461,0.63
LSHADE,13,10,45,10175,5.951113475483453,100000,2.524
MSBO,13,10,46,10176,53.91527252671358,100002,0.959
GA,13,10,46,10176,4065.564977105767,100000,2.771
PSO,13,10,46,10176,16899.677543518304,100000,0.093
DE,13,10,46,10176,5.412996746621957,100000,1.616
ABC,13,10,46,10176,115.45973767736973,100008,6.187
GWO,13,10,46,10176,6754.756780493881,100000,0.156
CMAES,13,10,46,10176,843.4078748738775,6841,0.601
LSHADE,13,10,46,10176,4.837136915594101,100000,2.607
MSBO,13,10,47,10177,78.50021415886545,100002,1.049
GA,13,10,47,10177,499.1611752213282,100000,2.88
PSO,13,10,47,10177,3904.6194979429147,100000,0.097
DE,13,10,47,10177,5.204142683393002,100000,1.649
ABC,13,10,47,10177,23.105917757206953,100008,6.273
GWO,13,10,47,10177,6039.235231994371,100000,0.158
CMAES,13,10,47,10177,65.79520352514146,9581,0.806
LSHADE,13,10,47,10177,4.8371369155943285,100000,2.45
MSBO,13,10,48,10178,1294.920138823505,100001,0.957
GA,13,10,48,10178,626.0478702423734,100000,2.903
PSO,13,10,48,10178,388.84885996679327,100000,0.104
DE,13,10,48,10178,4.67812357329899,100000,1.668
ABC,13,10,48,10178,100.11178862954148,100004,6.411
GWO,13,10,48,10178,7545.374443804405,100000,0.156
CMAES,13,10,48,10178,187.22692925700812,6241,0.593
LSHADE,13,10,48,10178,4.8646031862738255,100000,2.943
MSBO,13,10,49,10179,7.546202169728758,100000,1.058
GA,13,10,49,10179,895.7436317166043,100000,2.963
PSO,13,10,49,10179,5247.454698895106,100000,0.096
DE,13,10,49,10179,5.4022345489629515,100000,1.639
ABC,13,10,49,10179,544.6070179880312,100007,6.339
GWO,13,10,49,10179,7543.815415617708,100000,0.164
CMAES,13,10,49,10179,318.7274535580509,6291,0.504
LSHADE,13,10,49,10179,2.984877171279777,100000,2.55
MSBO,13,10,50,10180,54.132259121617835,100002,0.947
GA,13,10,50,10180,348.8524519337243,100000,2.925
PSO,13,10,50,10180,1066.5936184100365,100000,0.097
DE,13,10,50,10180,6.508101829928137,100000,1.668
ABC,13,10,50,10180,409.42230294274896,100006,6.218
GWO,13,10,50,10180,7545.137719128317,100000,0.159
CMAES,13,10,50,10180,81.56070392762467,7341,0.714
LSHADE,13,10,50,10180,4.837136915594101,100000,2.796
MSBO,14,10,0,10140,21.295342940959472,100000,1.034
GA,14,10,0,10140,38.90734044722103,100000,2.967
PSO,14,10,0,10140,74.98806099808712,100000,0.108
DE,14,10,0,10140,0.0,100000,1.823
ABC,14,10,0,10140,174.2127425539211,100002,6.138
GWO,14,10,0,10140,2292.8006791014172,100000,0.161
CMAES,14,10,0,10140,81.68667239815477,6691,0.605
LSHADE,14,10,0,10140,0.0,100000,2.665
MSBO,14,10,1,10141,22.03503834276944,100003,1.106
GA,14,10,1,10141,123.28302538040703,100000,3.08
PSO,14,10,1,10141,807.2599938528901,100000,0.112
DE,14,10,1,10141,0.0,100000,1.736
ABC,14,10,1,10141,31.08010478774304,100006,6.271
GWO,14,10,1,10141,3580.501234753887,100000,0.176
CMAES,14,10,1,10141,28.913103847673483,7671,0.772
LSHADE,14,10,1,10141,1.9899181141865938,100000,2.8
MSBO,14,10,2,10142,32.713060505099975,100003,1.124
GA,14,10,2,10142,48.60270056278341,100000,2.964
PSO,14,10,2,10142,109.76643859143564,100000,0.11
DE,14,10,2,10142,0.0,100000,1.778
ABC,14,10,2,10142,93.38154790311023,100007,6.368
GWO,14,10,2,10142,371.16759522048324,100000,0.16
CMAES,14,10,2,10142,37.90916172472271,6841,0.624
LSHADE,14,10,2,10142,1.9899181141865938,100000,2.567
MSBO,14,10,3,10143,21.99089690122264,100000,1.037
GA,14,10,3,10143,8.468004307029787,100000,2.853
PSO,14,10,3,10143,437.2921829904667,100000,0.104
DE,14,10,3,10143,0.0,100000,1.71
ABC,14,10,3,10143,32.90050279058619,100008,6.384
GWO,14,10,3,10143,368.68026540220126,100000,0.19
CMAES,14,10,3,10143,30.94445099879931,9291,0.88
LSHADE,14,10,3,10143,0.0,100000,2.523
MSBO,14,10,4,10144,17.538683153450847,100000,1.135
GA,14,10,4,10144,1481.3807734365364,100000,2.992
PSO,14,10,4,10144,830.6402367098462,100000,0.111
DE,14,10,4,10144,0.0,100000,1.768
ABC,14,10,4,10144,73.9367009216221,100004,6.413
GWO,14,10,4,10144,2614.3059747020334,100000,0.174
CMAES,14,10,4,10144,77.60591771689542,9211,0.759
LSHADE,14,10,4,10144,0.9949590570934106,100000,2.743
MSBO,14,10,5,10145,14.227288282754216,100002,1.08
GA,14,10,5,10145,818.2241954802066,100000,2.9
PSO,14,10,5,10145,65.0734521211557,100000,0.11
DE,14,10,5,10145,1.9899181141865938,100000,1.679
ABC,14,10,5,10145,691.8572693937808,100007,6.286
GWO,14,10,5,10145,1616.3407555357962,100000,0.166
CMAES,14,10,5,10145,64.77292001666365,6891,0.611
LSHADE,14,10,5,10145,1.9899181141865938,100000,2.431
MSBO,14,10,6,10146,8.185105807167929,100002,0.981
GA,14,10,6,10146,58.1009399689342,100000,2.846
PSO,14,10,6,10146,1145.5865155937022,100000,0.111
DE,14,10,6,10146,0.9949590570934106,100000,1.75
ABC,14,10,6,10146,472.85728055544905,100004,6.16
GWO,14,10,6,10146,2455.9790233287695,100000,0.167
CMAES,14,10,6,10146,120.48860655924818,7031,0.629
LSHADE,14,10,6,10146,0.0,100000,2.548
MSBO,14,10,7,10147,21.268677731723983,100003,1.05
GA,14,10,7,10147,9.078520972220076,100000,2.897
PSO,14,10,7,10147,41.77668958387221,100000,0.1
DE,14,10,7,10147,0.0,100000,1.66
ABC,14,10,7,10147,96.93841529144584,100009,6.406
GWO,14,10,7,10147,851.9994543211674,100000,0.163
CMAES,14,10,7,10147,56.242151490203696,7801,0.732
LSHADE,14,10,7,10147,0.9949590570934106,100000,2.656
MSBO,14,10,8,10148,21.782677288927744,100003,1.055
GA,14,10,8,10148,320.037410029694,100000,2.905
PSO,14,10,8,10148,56.67268369047224,100000,0.111
DE,14,10,8,10148,0.9949590570934106,100000,1.746
ABC,14,10,8,10148,28.887818300825984,100003,6.286
GWO,14,10,8,10148,1832.7045087035276,100000,0.17
CMAES,14,10,8,10148,46.86355290619531,6451,0.606
LSHADE,14,10,8,10148,1.9899181141865938,100000,2.516
MSBO,14,10,9,10149,15.832527777781252,100001,1.038
GA,14,10,9,10149,598.6718987086317,100000,2.934
PSO,14,10,9,10149,209.31942335029976,100000,0.103
DE,14,10,9,10149,0.0,100000,1.649
ABC,14,10,9,10149,79.99266483391398,100005,6.604
GWO,14,10,9,10149,929.9118902864311,100000,0.178
CMAES,14,10,9,10149,48.753936620591276,7191,0.678
LSHADE,14,10,9,10149,0.9949590570934106,100000,2.771
MSBO,14,10,10,10150,16.773195980761102,100003,1.106
GA,14,10,10,10150,173.4891184381229,100000,3.148
PSO,14,10,10,10150,385.6820436119956,100000,0.117
DE,14,10,10,10150,0.0,100000,1.722
ABC,14,10,10,10150,394.3837833568914,100004,6.298
GWO,14,10,10,10150,2810.955751101541,100000,0.165
CMAES,14,10,10,10150,25.96897610737642,6971,0.634
LSHADE,14,10,10,10150,0.9949590570934106,100000,2.699
MSBO,14,10,11,10151,26.151620733476875,100000,1.08
GA,14,10,11,10151,9033.514658537551,100000,2.94
PSO,14,10,11,10151,1290.5485776979403,100000,0.109
DE,14,10,11,10151,0.0,100000,1.869
ABC,14,10,11,10151,1946.8083780143847,100006,6.398
GWO,14,10,11,10151,3469.1561622688096,100000,0.171
CMAES,14,10,11,10151,91.63631059592399,6701,0.676
LSHADE,14,10,11,10151,0.9949590570934106,100000,2.605
MSBO,14,10,12,10152,26.156839384362,100002,1.082
GA,14,10,12,10152,41.7925069983321,100000,2.97
PSO,14,10,12,10152,849.822182485439,100000,0.109
DE,14,10,12,10152,0.9949590570934106,100000,1.718
ABC,14,10,12,10152,141.52572747498675,100004,6.544
GWO,14,10,12,10152,547.9685083192146,100000,0.159
CMAES,14,10,12,10152,20.994804704094577,13491,1.279
LSHADE,14,10,12,10152,0.9949590570934106,100000,2.583
MSBO,14,10,13,10153,24.977861999914467,100001,1.089
GA,14,10,13,10153,47.00385609444925,100000,3.099
PSO,14,10,13,10153,851.1386445953613,100000,0.123
DE,14,10,13,10153,0.0,100000,1.796
ABC,14,10,13,10153,41.43283604976591,100008,6.615
GWO,14,10,13,10153,537.2373947383946,100000,0.179
CMAES,14,10,13,10153,94.47896707176164,6471,0.668
LSHADE,14,10,13,10153,0.9949590570934106,100000,2.677
MSBO,14,10,14,10154,8.555935196364317,100000,1.067
GA,14,10,14,10154,3241.064506888384,100000,3.035
PSO,14,10,14,10154,42.66623083230661,100000,0.117
DE,14,10,14,10154,1.9899181141865938,100000,1.768
ABC,14,10,14,10154,164.79543866731365,100004,6.5
GWO,14,10,14,10154,1206.8963121001107,100000,0.162
CMAES,14,10,14,10154,61.787484050332296,7041,0.678
LSHADE,14,10,14,10154,0.9949590570934106,100000,2.705
MSBO,14,10,15,10155,22.961064283551423,100000,1.204
GA,14,10,15,10155,54.969709430998364,100000,3.031
PSO,14,10,15,10155,849.1554890539787,100000,0.104
DE,14,10,15,10155,1.7954349103074492,100000,1.673
ABC,14,10,15,10155,624.2365180571921,100002,6.477
GWO,14,10,15,10155,3517.006597004458,100000,0.154
CMAES,14,10,15,10155,23.922807657087787,8961,0.77
LSHADE,14,10,15,10155,0.9949590570934106,100000,2.492
MSBO,14,10,16,10156,25.12208429821908,100002,1.002
GA,14,10,16,10156,1003.4632120374399,100000,2.914
PSO,14,10,16,10156,33.99069980664626,100000,0.11
DE,14,10,16,10156,0.9949590570934106,100000,1.744
ABC,14,10,16,10156,402.80628782963936,100008,6.467
GWO,14,10,16,10156,2366.73950583078,100000,0.176
CMAES,14,10,16,10156,39.86439786454821,7751,0.813
LSHADE,14,10,16,10156,0.0,100000,2.919
MSBO,14,10,17,10157,5.9698782907305485,100003,1.119
GA,14,10,17,10157,428.2395327149791,100000,2.942
PSO,14,10,17,10157,378.71745534340266,100000,0.114
DE,14,10,17,10157,1.9899181141865938,100000,1.791
ABC,14,10,17,10157,34.37846704804201,100004,6.369
GWO,14,10,17,10157,2365.6988481444496,100000,0.162
CMAES,14,10,17,10157,33.92938988344031,7931,0.696
LSHADE,14,10,17,10157,2.9848771712800044,100000,2.772
MSBO,14,10,18,10158,27.131266162974953,100003,1.119
GA,14,10,18,10158,161.17257044028156,100000,3.025
PSO,14,10,18,10158,103.8435283745514,100000,0.111
DE,14,10,18,10158,0.0,100000,1.802
ABC,14,10,18,10158,49.093148876594796,100008,6.535
GWO,14,10,18,10158,2269.269213492058,100000,0.182
CMAES,14,10,18,10158,23.343880239874352,12041,1.272
LSHADE,14,10,18,10158,0.0,100000,2.686
MSBO,14,10,19,10159,7.260822573339283,100000,1.1
GA,14,10,19,10159,176.61013500461559,100000,2.997
PSO,14,10,19,10159,82.73087121235358,100000,0.111
DE,14,10,19,10159,0.0,100000,1.773
ABC,14,10,19,10159,35.54354144324611,100006,6.151
GWO,14,10,19,10159,1459.2189009033027,100000,0.157
CMAES,14,10,19,10159,15.219550389574124,8001,0.68
LSHADE,14,10,19,10159,0.0,100000,2.483
MSBO,14,10,20,10160,13.553717266011063,100000,1.078
GA,14,10,20,10160,1459.824289714964,100000,2.843
PSO,14,10,20,10160,656.9187038033829,100000,0.12
DE,14,10,20,10160,0.0,100000,1.759
ABC,14,10,20,10160,642.6794535577365,100004,6.697
GWO,14,10,20,10160,3757.5152308771467,100000,0.174
CMAES,14,10,20,10160,120.48860662417883,7191,0.756
LSHADE,14,10,20,10160,0.0,100000,2.656
MSBO,14,10,21,10161,23.158164786932275,100000,1.097
GA,14,10,21,10161,14.047880322710625,100000,3.024
PSO,14,10,21,10161,167.86138098016227,100000,0.119
DE,14,10,21,10161,0.9949590570934106,100000,1.716
ABC,14,10,21,10161,5.236441974624768,100004,6.438
GWO,14,10,21,10161,225.49164063017133,100000,0.163
CMAES,14,10,21,10161,112.52932916704344,7001,0.601
LSHADE,14,10,21,10161,0.0,100000,2.561
MSBO,14,10,22,10162,26.0144867738029,100001,1.003
GA,14,10,22,10162,4628.822503827138,100000,2.87
PSO,14,10,22,10162,899.9519530254438,100000,0.106
DE,14,10,22,10162,0.9949590570934106,100000,1.63
ABC,14,10,22,10162,386.4743138591673,100008,6.428
GWO,14,10,22,10162,408.1263259582545,100000,0.169
CMAES,14,10,22,10162,72.73225396728549,7291,0.692
LSHADE,14,10,22,10162,0.9949590570934106,100000,2.612
MSBO,14,10,23,10163,3.293805270122448,100001,1.068
GA,14,10,23,10163,73.21207244495804,100000,2.853
PSO,14,10,23,10163,1943.8541510930859,100000,0.1
DE,14,10,23,10163,0.0,100000,1.629
ABC,14,10,23,10163,69.64475391511587,100004,6.201
GWO,14,10,23,10163,693.2011075050282,100000,0.164
CMAES,14,10,23,10163,30.944519351749932,7391,0.678
LSHADE,14,10,23,10163,0.0,100000,2.578
MSBO,14,10,24,10164,27.044200501891055,100003,1.058
GA,14,10,24,10164,304.2924067451231,100000,2.931
PSO,14,10,24,10164,40.08419202332243,100000,0.116
DE,14,10,24,10164,0.9949590570934106,100000,1.724
ABC,14,10,24,10164,103.68609344253491,100009,6.31
GWO,14,10,24,10164,1685.496775415485,100000,0.166
CMAES,14,10,24,10164,44.87284588928878,6951,0.607
LSHADE,14,10,24,10164,2.984877171279777,100000,2.536
MSBO,14,10,25,10165,24.974788394671577,100000,1.039
GA,14,10,25,10165,485.4017642560948,100000,2.94
PSO,14,10,25,10165,264.32936910321587,100000,0.117
DE,14,10,25,10165,0.0,100000,1.758
ABC,14,10,25,10165,378.3860230204957,100006,6.411
GWO,14,10,25,10165,272.81387025374306,100000,0.155
CMAES,14,10,25,10165,45.86862750429077,6861,0.65
LSHADE,14,10,25,10165,0.0,100000,2.557
MSBO,14,10,26,10166,8.059210938511796,100000,1.094
GA,14,10,26,10166,2536.4598687887774,100000,2.937
PSO,14,10,26,10166,109.21883711222472,100000,0.104
DE,14,10,26,10166,0.0,100000,1.698
ABC,14,10,26,10166,154.27078197056017,100007,6.429
GWO,14,10,26,10166,328.0955536651543,100000,0.162
CMAES,14,10,26,10166,25.969737469408074,7481,0.634
LSHADE,14,10,26,10166,2.9848771712800044,100000,2.43
MSBO,14,10,27,10167,29.954413696212896,100000,1.005
GA,14,10,27,10167,9311.496447886007,100000,2.844
PSO,14,10,27,10167,849.0585577050915,100000,0.109
DE,14,10,27,10167,0.0,100000,1.68
ABC,14,10,27,10167,109.17727936478491,100003,6.344
GWO,14,10,27,10167,221.90655443295918,100000,0.17
CMAES,14,10,27,10167,55.81405865515626,7681,0.655
LSHADE,14,10,27,10167,0.9949590570934106,100000,2.412
MSBO,14,10,28,10168,3.2868071160339696,100003,1.026
GA,14,10,28,10168,443.76584841593376,100000,2.796
PSO,14,10,28,10168,610.1826103396227,100000,0.111
DE,14,10,28,10168,0.0,100000,1.599
ABC,14,10,28,10168,120.0627965079459,100007,6.5
GWO,14,10,28,10168,696.1555937293101,100000,0.155
CMAES,14,10,28,10168,35.10621859081857,6871,0.597
LSHADE,14,10,28,10168,0.0,100000,2.559
MSBO,14,10,29,10169,5.983176920637106,100000,1.094
GA,14,10,29,10169,78.93053505976832,100000,2.984
PSO,14,10,29,10169,69.32418268223842,100000,0.113
DE,14,10,29,10169,0.0,100000,1.644
ABC,14,10,29,10169,92.62914111147074,100008,6.161
GWO,14,10,29,10169,456.85310136625094,100000,0.162
CMAES,14,10,29,10169,22.97344732759734,11031,0.947
LSHADE,14,10,29,10169,0.9949590570934106,100000,2.435
MSBO,14,10,30,10170,22.434809186034272,100002,0.947
GA,14,10,30,10170,104.22661994753116,100000,2.742
PSO,14,10,30,10170,842.1841974954668,100000,0.099
DE,14,10,30,10170,0.9949590570934106,100000,1.723
ABC,14,10,30,10170,216.93470904506125,100007,6.388
GWO,14,10,30,10170,3564.1405161470175,100000,0.162
CMAES,14,10,30,10170,31.939475764395638,7001,0.655
LSHADE,14,10,30,10170,0.0,100000,2.49
MSBO,14,10,31,10171,13.134737796197442,100002,1.144
GA,14,10,31,10171,100.62737868408931,100000,2.863
PSO,14,10,31,10171,30.743470474447577,100000,0.107
DE,14,10,31,10171,0.9949590570934106,100000,1.656
ABC,14,10,31,10171,375.7798574817257,100004,6.224
GWO,14,10,31,10171,186.15909251237395,100000,0.152
CMAES,14,10,31,10171,49.84851139211696,7461,0.659
LSHADE,14,10,31,10171,0.9949590570934106,100000,2.526
MSBO,14,10,32,10172,3.2801222705097643,100002,1.054
GA,14,10,32,10172,26.896047638875643,100000,2.882
PSO,14,10,32,10172,239.45580747299482,100000,0.126
DE,14,10,32,10172,0.0,100000,1.829
ABC,14,10,32,10172,138.5557929579859,100006,6.096
GWO,14,10,32,10172,1498.5661480854542,100000,0.176
CMAES,14,10,32,10172,61.78784965269324,6881,0.606
LSHADE,14,10,32,10172,1.9899181141865938,100000,2.523
MSBO,14,10,33,10173,23.091921809367477,100001,1.119
GA,14,10,33,10173,51.36215877093946,100000,2.958
PSO,14,10,33,10173,440.29867676861113,100000,0.102
DE,14,10,33,10173,0.0,100000,1.676
ABC,14,10,33,10173,1453.0601124840337,100002,6.238
GWO,14,10,33,10173,1056.9457071887705,100000,0.17
CMAES,14,10,33,10173,55.81768659450722,7521,0.725
LSHADE,14,10,33,10173,0.0,100000,2.582
MSBO,14,10,34,10174,12.052954696438292,100000,1.026
GA,14,10,34,10174,46.17772140969146,100000,2.928
PSO,14,10,34,10174,47.783401632309506,100000,0.117
DE,14,10,34,10174,0.0,100000,1.825
ABC,14,10,34,10174,15.19132399686282,100005,6.153
GWO,14,10,34,10174,120.16675035661638,100000,0.157
CMAES,14,10,34,10174,26.02863271039496,9441,0.851
LSHADE,14,10,34,10174,0.0,100000,2.576
MSBO,14,10,35,10175,27.45848101749857,100003,1.097
GA,14,10,35,10175,18322.13647520969,100000,2.968
PSO,14,10,35,10175,668.8701215617452,100000,0.117
DE,14,10,35,10175,0.0,100000,1.75
ABC,14,10,35,10175,39.6055501715623,100005,6.106
GWO,14,10,35,10175,3757.4935852898343,100000,0.164
CMAES,14,10,35,10175,90.56584712971699,7351,0.695
LSHADE,14,10,35,10175,0.0016797477317140874,100000,2.604
MSBO,14,10,36,10176,21.43620883214294,100000,1.173
GA,14,10,36,10176,3618.64126943424,100000,3.052
PSO,14,10,36,10176,825.2700068810091,100000,0.113
DE,14,10,36,10176,0.0,100000,1.651
ABC,14,10,36,10176,133.08252714527134,100005,6.314
GWO,14,10,36,10176,1600.8027505150467,100000,0.185
CMAES,14,10,36,10176,120.81929603999379,7341,0.773
LSHADE,14,10,36,10176,0.0,100000,2.595
MSBO,14,10,37,10177,7.169256098309688,100002,1.083
GA,14,10,37,10177,2.1042838414844027,100000,2.99
PSO,14,10,37,10177,156.0957660460199,100000,0.111
DE,14,10,37,10177,0.0,100000,1.765
ABC,14,10,37,10177,131.18234138716934,100005,6.355
GWO,14,10,37,10177,679.1057806458139,100000,0.162
CMAES,14,10,37,10177,24.974790109097057,7241,0.593
LSHADE,14,10,37,10177,0.0,100000,2.591
MSBO,14,10,38,10178,32.557100396231135,100001,1.106
GA,14,10,38,10178,28.03439967283839,100000,3.174
PSO,14,10,38,10178,823.2801812183975,100000,0.119
DE,14,10,38,10178,0.0,100000,1.746
ABC,14,10,38,10178,43.76476978840651,100005,6.272
GWO,14,10,38,10178,3121.7220480361902,100000,0.163
CMAES,14,10,38,10178,54.82316288030597,6581,0.523
LSHADE,14,10,38,10178,0.9949590570934106,100000,2.594
MSBO,14,10,39,10179,22.516005129053156,100002,1.045
GA,14,10,39,10179,849.1679651379513,100000,3.0
PSO,14,10,39,10179,101.16533813188971,100000,0.123
DE,14,10,39,10179,0.9949590570934106,100000,1.733
ABC,14,10,39,10179,185.88543309748297,100006,6.305
GWO,14,10,39,10179,482.7630420870187,100000,0.171
CMAES,14,10,39,10179,49.84834086462638,6981,0.564
LSHADE,14,10,39,10179,0.0,100000,2.604
MSBO,14,10,40,10180,24.83803442334579,100001,1.148
GA,14,10,40,10180,113.9094868341831,100000,2.868
PSO,14,10,40,10180,872.3395867941545,100000,0.114
DE,14,10,40,10180,0.0,100000,1.72
ABC,14,10,40,10180,92.34505602306876,100006,6.196
GWO,14,10,40,10180,184.07092364665777,100000,0.159
CMAES,14,10,40,10180,25.00826243518236,8641,0.819
LSHADE,14,10,40,10180,0.0,100000,2.73
MSBO,14,10,41,10181,16.021839753330596,100003,1.083
GA,14,10,41,10181,576.9845113581523,100000,3.091
PSO,14,10,41,10181,47.821305397474816,100000,0.116
DE,14,10,41,10181,1.9899181141865938,100000,1.748
ABC,14,10,41,10181,31.645812663023207,100004,6.426
GWO,14,10,41,10181,2454.8682480315915,100000,0.166
CMAES,14,10,41,10181,22.972075452853005,8311,0.754
LSHADE,14,10,41,10181,0.0,100000,2.726
MSBO,14,10,42,10182,13.539969451692514,100002,1.034
GA,14,10,42,10182,611.9645090429844,100000,2.812
PSO,14,10,42,10182,35.72482174844481,100000,0.11
DE,14,10,42,10182,0.0,100000,1.725
ABC,14,10,42,10182,30.676368589200365,100001,5.977
GWO,14,10,42,10182,1130.273047040545,100000,0.157
CMAES,14,10,42,10182,44.87084027066476,7261,0.69
LSHADE,14,10,42,10182,0.9949590570934106,100000,2.484
MSBO,14,10,43,10183,17.201096550151306,100000,1.032
GA,14,10,43,10183,161.27761379619437,100000,2.822
PSO,14,10,43,10183,866.062742052497,100000,0.1
DE,14,10,43,10183,0.0,100000,1.709
ABC,14,10,43,10183,245.0267472009807,100004,6.455
GWO,14,10,43,10183,359.8256166018591,100000,0.159
CMAES,14,10,43,10183,34.89608959792872,7701,0.716
LSHADE,14,10,43,10183,0.0,100000,2.723
MSBO,14,10,44,10184,24.80512801689133,100000,1.014
GA,14,10,44,10184,194.5530829696795,100000,2.828
PSO,14,10,44,10184,58.803121441568464,100000,0.133
DE,14,10,44,10184,0.9949590570934106,100000,1.784
ABC,14,10,44,10184,113.81548094978757,100006,6.274
GWO,14,10,44,10184,108.69371044798868,100000,0.151
CMAES,14,10,44,10184,96.61106759528184,7031,0.578
LSHADE,14,10,44,10184,0.0030301707429316593,100000,2.481
MSBO,14,10,45,10185,30.393256091748754,100003,1.059
GA,14,10,45,10185,11.587562240159741,100000,2.893
PSO,14,10,45,10185,814.3138793644121,100000,0.109
DE,14,10,45,10185,0.9949590570934106,100000,1.685
ABC,14,10,45,10185,31.3206618590375,100002,5.969
GWO,14,10,45,10185,87.39231776700854,100000,0.163
CMAES,14,10,45,10185,34.92429677665018,7041,0.678
LSHADE,14,10,45,10185,0.9949590570934106,100000,2.682
MSBO,14,10,46,10186,23.619496403669473,100001,1.102
GA,14,10,46,10186,99.25149771176552,100000,2.793
PSO,14,10,46,10186,47.85873724968269,100000,0.106
DE,14,10,46,10186,0.0,100000,1.636
ABC,14,10,46,10186,179.0733225418635,100005,6.08
GWO,14,10,46,10186,519.2618052943851,100000,0.168
CMAES,14,10,46,10186,39.899120541388584,7701,0.68
LSHADE,14,10,46,10186,2.9848771712800044,100000,2.422
MSBO,14,10,47,10187,22.129582277618056,100000,1.021
GA,14,10,47,10187,37.020436875647874,100000,2.895
PSO,14,10,47,10187,140.38671048053084,100000,0.105
DE,14,10,47,10187,0.9949590570934106,100000,1.666
ABC,14,10,47,10187,131.6692059905622,100004,6.241
GWO,14,10,47,10187,431.3521521854136,100000,0.181
CMAES,14,10,47,10187,70.74240462991679,6841,0.678
LSHADE,14,10,47,10187,0.9949590570934106,100000,2.708
MSBO,14,10,48,10188,20.80840689873139,100002,1.073
GA,14,10,48,10188,1961.8700396307813,100000,2.952
PSO,14,10,48,10188,270.3339807872351,100000,0.108
DE,14,10,48,10188,0.0,100000,1.721
ABC,14,10,48,10188,314.8219705309832,100003,6.232
GWO,14,10,48,10188,667.8123568899418,100000,0.159
CMAES,14,10,48,10188,43.31628119859806,6741,0.626
LSHADE,14,10,48,10188,0.9949590570934106,100000,2.532
MSBO,14,10,49,10189,24.771905692987048,100002,1.087
GA,14,10,49,10189,1471.8829228449208,100000,2.847
PSO,14,10,49,10189,323.2335855377087,100000,0.11
DE,14,10,49,10189,0.0,100000,1.649
ABC,14,10,49,10189,630.4802567204042,100002,6.24
GWO,14,10,49,10189,1268.5424768791286,100000,0.174
CMAES,14,10,49,10189,24.977582954552645,8521,0.871
LSHADE,14,10,49,10189,1.9899181141865938,100000,2.569
MSBO,14,10,50,10190,25.95928307105123,100001,1.02
GA,14,10,50,10190,233.38385608601857,100000,2.767
PSO,14,10,50,10190,64.05053627006873,100000,0.103
DE,14,10,50,10190,0.0,100000,1.649
ABC,14,10,50,10190,162.46728387796725,100007,5.86
GWO,14,10,50,10190,1362.2867127752424,100000,0.194
CMAES,14,10,50,10190,95.59659500644193,6991,0.549
LSHADE,14,10,50,10190,0.9949590570934106,100000,2.505
MSBO,15,10,0,10150,5.121199857573629,100000,1.032
GA,15,10,0,10150,2478.820862720438,100000,2.795
PSO,15,10,0,10150,2394.1286763247886,100000,0.09
DE,15,10,0,10150,0.0006451348524478817,100000,1.628
ABC,15,10,0,10150,151.5101307819789,100004,6.254
GWO,15,10,0,10150,5464.084595895101,100000,0.159
CMAES,15,10,0,10150,152.69494722846957,19121,1.951
LSHADE,15,10,0,10150,0.4823837777701101,100000,2.459
MSBO,15,10,1,10151,13.62239790616195,100001,0.999
GA,15,10,1,10151,9364.501850032351,100000,3.044
PSO,15,10,1,10151,255.86731852063986,100000,0.1
DE,15,10,1,10151,0.33467050159083556,100000,1.718
ABC,15,10,1,10151,290.2541200413227,100003,6.372
GWO,15,10,1,10151,4306.859173954361,100000,0.145
CMAES,15,10,1,10151,12.97378616162905,17871,1.503
LSHADE,15,10,1,10151,0.46776277133881194,100000,2.533
MSBO,15,10,2,10152,4.623147696486512,100001,1.043
GA,15,10,2,10152,3518.82852934517,100000,2.754
PSO,15,10,2,10152,110.14548856266674,100000,0.085
DE,15,10,2,10152,0.009404642621120729,100000,1.594
ABC,15,10,2,10152,4.746564662082392,100003,6.602
GWO,15,10,2,10152,2954.1990752334905,100000,0.151
CMAES,15,10,2,10152,2.232183550986747,20501,1.792
LSHADE,15,10,2,10152,0.0019094343153938098,100000,2.616
MSBO,15,10,3,10153,7.478550824705508,100002,1.094
GA,15,10,3,10153,253.83275963234792,100000,2.936
PSO,15,10,3,10153,19.09721787053195,100000,0.095
DE,15,10,3,10153,5.997418315928371e-05,100000,1.606
ABC,15,10,3,10153,37.98233959225104,100005,6.074
GWO,15,10,3,10153,3519.301653134202,100000,0.15
CMAES,15,10,3,10153,48.93423734623366,16821,1.275
LSHADE,15,10,3,10153,0.12529451856062224,100000,2.564
MSBO,15,10,4,10154,7.427217485196934,100001,1.031
GA,15,10,4,10154,3265.7398047598635,100000,2.782
PSO,15,10,4,10154,134.59447228396607,100000,0.09
DE,15,10,4,10154,0.4990305238388828,100000,1.673
ABC,15,10,4,10154,21.268966099798263,100007,6.1
GWO,15,10,4,10154,4049.770115309997,100000,0.132
CMAES,15,10,4,10154,86.07457293605648,16901,1.563
LSHADE,15,10,4,10154,0.018518451015097526,100000,2.602
MSBO,15,10,5,10155,6.022994560486268,100002,1.019
GA,15,10,5,10155,20733.988143729784,100000,2.849
PSO,15,10,5,10155,855.8450101588496,100000,0.099
DE,15,10,5,10155,1.0125277785571143,100000,1.73
ABC,15,10,5,10155,40.72185413177522,100005,6.279
GWO,15,10,5,10155,11558.079423872383,100000,0.143
CMAES,15,10,5,10155,31.4992338745119,19251,1.759
LSHADE,15,10,5,10155,0.25592172644905986,100000,2.481
MSBO,15,10,6,10156,33.541553439051086,100003,1.014
GA,15,10,6,10156,150.91049821092474,100000,2.887
PSO,15,10,6,10156,105.39715965581308,100000,0.1
DE,15,10,6,10156,0.12470541777452127,100000,1.72
ABC,15,10,6,10156,88.08564974944329,100004,6.127
GWO,15,10,6,10156,2783.923095884702,100000,0.137
CMAES,15,10,6,10156,16.93518503874884,33251,3.165
LSHADE,15,10,6,10156,0.4999966909226714,100000,2.523
MSBO,15,10,7,10157,2.4302367910677276,100001,1.037
GA,15,10,7,10157,518.2112201712271,100000,2.845
PSO,15,10,7,10157,1424.8747878657514,100000,0.092
DE,15,10,7,10157,0.08609936606148949,100000,1.693
ABC,15,10,7,10157,56.974573081809694,100001,6.134
GWO,15,10,7,10157,1372.7900335896447,100000,0.137
CMAES,15,10,7,10157,44.83016344721909,26301,2.348
LSHADE,15,10,7,10157,0.49870012096857863,100000,2.644
MSBO,15,10,8,10158,16.25925253909122,100002,1.07
GA,15,10,8,10158,1687.2257705380716,100000,2.79
PSO,15,10,8,10158,174.2430019291719,100000,0.092
DE,15,10,8,10158,0.17392552360456648,100000,1.678
ABC,15,10,8,10158,7.289301532203808,100004,6.111
GWO,15,10,8,10158,2940.4598918958054,100000,0.151
CMAES,15,10,8,10158,1.0007517525621097,13401,1.173
LSHADE,15,10,8,10158,0.3598629926682406,100000,2.481
MSBO,15,10,9,10159,9.516013648755461,100003,0.994
GA,15,10,9,10159,250.4013130242338,100000,2.804
PSO,15,10,9,10159,3949.547546926272,100000,0.087
DE,15,10,9,10159,0.005528555735054397,100000,1.631
ABC,15,10,9,10159,314.9936812636961,100008,5.87
GWO,15,10,9,10159,4240.157899758155,100000,0.136
CMAES,15,10,9,10159,25.885644222215205,25431,2.216
LSHADE,15,10,9,10159,0.00043327344974386506,100000,2.695
MSBO,15,10,10,10160,3.4058885925162485,100002,0.979
GA,15,10,10,10160,2.362562501501543,100000,2.909
PSO,15,10,10,10160,96.90147694139819,100000,0.092
DE,15,10,10,10160,0.0009960781906102056,100000,1.61
ABC,15,10,10,10160,93.29599410302058,100001,5.969
GWO,15,10,10,10160,4459.694771627778,100000,0.142
CMAES,15,10,10,10160,18.924090131949242,17451,1.523
LSHADE,15,10,10,10160,0.4999854278903513,100000,2.427
MSBO,15,10,11,10161,19.205026525113,100000,1.016
GA,15,10,11,10161,943.5649924748727,100000,2.885
PSO,15,10,11,10161,455.09496801344335,100000,0.086
DE,15,10,11,10161,4.407526216709812e-05,100000,1.723
ABC,15,10,11,10161,41.97726015339799,100007,6.189
GWO,15,10,11,10161,819.8032913915818,100000,0.154
CMAES,15,10,11,10161,60.94478026646266,20171,1.857
LSHADE,15,10,11,10161,0.49150170355846967,100000,2.477
MSBO,15,10,12,10162,6.629875154289948,100002,1.097
GA,15,10,12,10162,14173.059027914414,100000,2.874
PSO,15,10,12,10162,1406.369618209702,100000,0.089
DE,15,10,12,10162,0.499595602224872,100000,1.672
ABC,15,10,12,10162,757.1469027498392,100005,6.255
GWO,15,10,12,10162,6676.008826593487,100000,0.153
CMAES,15,10,12,10162,3.2464772088883365,15071,1.434
LSHADE,15,10,12,10162,0.0006698757551930612,100000,2.562
MSBO,15,10,13,10163,2.6857506442024714,100001,1.027
GA,15,10,13,10163,66.1711969063806,100000,2.919
PSO,15,10,13,10163,645.4222807093615,100000,0.092
DE,15,10,13,10163,0.1776703537020694,100000,1.612
ABC,15,10,13,10163,340.39166306889,100006,6.026
GWO,15,10,13,10163,4190.941512984201,100000,0.138
CMAES,15,10,13,10163,19.67930934983292,21751,2.074
LSHADE,15,10,13,10163,0.49095142701571604,100000,2.577
MSBO,15,10,14,10164,1.9605436137230754,100001,0.981
GA,15,10,14,10164,254.72289811554742,100000,2.906
PSO,15,10,14,10164,74.71810123643081,100000,0.092
DE,15,10,14,10164,0.47615973617143936,100000,1.721
ABC,15,10,14,10164,337.2521228073979,100003,6.215
GWO,15,10,14,10164,2215.4660334745913,100000,0.165
CMAES,15,10,14,10164,7.971013699634568,21151,1.992
LSHADE,15,10,14,10164,0.16702616079442123,100000,2.627
MSBO,15,10,15,10165,13.47460445796196,100002,1.012
GA,15,10,15,10165,6.200138010302453,100000,2.829
PSO,15,10,15,10165,2040.5668902642406,100000,0.087
DE,15,10,15,10165,2.7092283289675834e-05,100000,1.834
ABC,15,10,15,10165,42.60537799794929,100003,6.559
GWO,15,10,15,10165,8869.718083882752,100000,0.136
CMAES,15,10,15,10165,8.414524056405753,34261,3.279
LSHADE,15,10,15,10165,5.227709493738075e-05,100000,2.642
MSBO,15,10,16,10166,6.323766105950426,100002,1.037
GA,15,10,16,10166,2428.6452793930644,100000,2.883
PSO,15,10,16,10166,384.1647951693087,100000,0.093
DE,15,10,16,10166,0.49412512737558245,100000,1.699
ABC,15,10,16,10166,22.069385852723144,100005,6.105
GWO,15,10,16,10166,3438.0472214881156,100000,0.138
CMAES,15,10,16,10166,40.58924392426775,19301,1.73
LSHADE,15,10,16,10166,0.09473097888462689,100000,2.509
MSBO,15,10,17,10167,18.227900160162335,100002,1.14
GA,15,10,17,10167,20956.811000681093,100000,2.952
PSO,15,10,17,10167,230.4628018709152,100000,0.089
DE,15,10,17,10167,0.03731923936015846,100000,1.581
ABC,15,10,17,10167,129.7849061571253,100004,6.436
GWO,15,10,17,10167,4509.688695640866,100000,0.138
CMAES,15,10,17,10167,53.96277527237271,20611,1.872
LSHADE,15,10,17,10167,0.009316408538779797,100000,2.541
MSBO,15,10,18,10168,4.80844864167625,100002,1.021
GA,15,10,18,10168,1495.6402582906067,100000,2.878
PSO,15,10,18,10168,67.79407930576076,100000,0.096
DE,15,10,18,10168,1.494834399524052,100000,1.673
ABC,15,10,18,10168,97.03452150495991,100005,6.447
GWO,15,10,18,10168,3002.420747126528,100000,0.144
CMAES,15,10,18,10168,40.844633354492316,33151,3.056
LSHADE,15,10,18,10168,0.0001184488749004231,100000,2.564
MSBO,15,10,19,10169,10.366243601597716,100000,0.986
GA,15,10,19,10169,1333.9212275823957,100000,2.872
PSO,15,10,19,10169,942.0446992082989,100000,0.099
DE,15,10,19,10169,0.0013403318723703705,100000,1.734
ABC,15,10,19,10169,127.66227232767096,100004,6.155
GWO,15,10,19,10169,5490.46813593635,100000,0.148
CMAES,15,10,19,10169,14.406415674858636,38551,3.532
LSHADE,15,10,19,10169,0.0012291520793041855,100000,2.488
MSBO,15,10,20,10170,7.434468587907759,100002,0.976
GA,15,10,20,10170,2612.205213839012,100000,2.71
PSO,15,10,20,10170,220.9835135150356,100000,0.084
DE,15,10,20,10170,0.010427255237800637,100000,1.581
ABC,15,10,20,10170,30.818014678234476,100009,6.434
GWO,15,10,20,10170,7729.498346569531,100000,0.149
CMAES,15,10,20,10170,104.78135414220083,18651,1.7
LSHADE,15,10,20,10170,0.4681865171658046,100000,2.586
MSBO,15,10,21,10171,9.601385942282832,100002,1.021
GA,15,10,21,10171,59.83882681155819,100000,2.803
PSO,15,10,21,10171,196.47280323574137,100000,0.088
DE,15,10,21,10171,7.43340401641035e-05,100000,1.704
ABC,15,10,21,10171,133.41999743639803,100004,6.195
GWO,15,10,21,10171,3105.461297175025,100000,0.153
CMAES,15,10,21,10171,5.3582971672728945,16151,1.468
LSHADE,15,10,21,10171,0.47680005314282425,100000,2.481
MSBO,15,10,22,10172,4.880037450450118,100000,0.942
GA,15,10,22,10172,2256.8545715925247,100000,2.733
PSO,15,10,22,10172,106.29389885635987,100000,0.101
DE,15,10,22,10172,0.01082799557434555,100000,1.651
ABC,15,10,22,10172,37.698189708805785,100004,6.205
GWO,15,10,22,10172,8675.575608634994,100000,0.14
CMAES,15,10,22,10172,35.818319717563554,23461,2.008
LSHADE,15,10,22,10172,0.49663735321973945,100000,2.477
MSBO,15,10,23,10173,11.181565536357994,100001,0.979
GA,15,10,23,10173,8.159768629674318,100000,2.787
PSO,15,10,23,10173,714.1601975136359,100000,0.086
DE,15,10,23,10173,0.1515251933046784,100000,1.604
ABC,15,10,23,10173,15.460805336583007,100004,5.943
GWO,15,10,23,10173,2681.319133965806,100000,0.139
CMAES,15,10,23,10173,41.935646945759345,23971,2.167
LSHADE,15,10,23,10173,0.0010155455413496384,100000,2.431
MSBO,15,10,24,10174,10.527887023738458,100003,0.953
GA,15,10,24,10174,1533.4410954682576,100000,2.798
PSO,15,10,24,10174,117.08419110649675,100000,0.1
DE,15,10,24,10174,1.003646693276778,100000,1.77
ABC,15,10,24,10174,57.551688718056084,100001,5.948
GWO,15,10,24,10174,899.4406849151364,100000,0.136
CMAES,15,10,24,10174,98.0294841733537,23331,2.141
LSHADE,15,10,24,10174,0.003758123798888846,100000,2.525
MSBO,15,10,25,10175,3.6817165836762342,100001,1.007
GA,15,10,25,10175,14495.667006827009,100000,2.759
PSO,15,10,25,10175,67.07345167517292,100000,0.086
DE,15,10,25,10175,1.4826959767460721,100000,1.716
ABC,15,10,25,10175,92.6553336116342,100007,6.112
GWO,15,10,25,10175,6602.524532925125,100000,0.141
CMAES,15,10,25,10175,88.55016724071197,21691,1.979
LSHADE,15,10,25,10175,6.132188264018623e-05,100000,2.628
MSBO,15,10,26,10176,3.2335979068548113,100002,1.071
GA,15,10,26,10176,863.2596326106222,100000,3.027
PSO,15,10,26,10176,1735.8406034696518,100000,0.085
DE,15,10,26,10176,1.47826318400098,100000,1.638
ABC,15,10,26,10176,59.04564891353425,100006,5.916
GWO,15,10,26,10176,3410.6301289548446,100000,0.136
CMAES,15,10,26,10176,20.345755021432296,16951,1.568
LSHADE,15,10,26,10176,1.0286345741405967e-05,100000,2.53
MSBO,15,10,27,10177,5.367125647877629,100003,0.986
GA,15,10,27,10177,178.74396915165244,100000,2.992
PSO,15,10,27,10177,42.27773750373626,100000,0.091
DE,15,10,27,10177,1.0865029086428422,100000,1.706
ABC,15,10,27,10177,41.2991003728348,100003,6.237
GWO,15,10,27,10177,4532.177329650876,100000,0.138
CMAES,15,10,27,10177,56.7524151999321,19301,1.769
LSHADE,15,10,27,10177,0.040344392383985905,100000,2.68
MSBO,15,10,28,10178,9.903190632201586,100003,1.026
GA,15,10,28,10178,12136.727291911979,100000,2.777
PSO,15,10,28,10178,661.6899648600338,100000,0.087
DE,15,10,28,10178,0.23190879241019502,100000,1.567
ABC,15,10,28,10178,207.43845411702978,100004,6.165
GWO,15,10,28,10178,326.8223899780819,100000,0.152
CMAES,15,10,28,10178,17.363261177251843,77751,7.785
LSHADE,15,10,28,10178,0.00022633202161159716,100000,2.684
MSBO,15,10,29,10179,7.718876944009253,100001,1.001
GA,15,10,29,10179,212.0004593328863,100000,2.831
PSO,15,10,29,10179,130.8906629678495,100000,0.09
DE,15,10,29,10179,0.49634628594458263,100000,1.661
ABC,15,10,29,10179,26.359134230219297,100007,5.992
GWO,15,10,29,10179,3524.6353261310906,100000,0.133
CMAES,15,10,29,10179,103.52474056848177,20741,1.628
LSHADE,15,10,29,10179,0.036310099873389845,100000,2.495
MSBO,15,10,30,10180,12.791708348913744,100003,0.987
GA,15,10,30,10180,9.140551434974213,100000,2.81
PSO,15,10,30,10180,63.09344136531308,100000,0.084
DE,15,10,30,10180,0.4893832997390746,100000,1.657
ABC,15,10,30,10180,46.84748497041619,100006,6.204
GWO,15,10,30,10180,2534.0531788241146,100000,0.15
CMAES,15,10,30,10180,28.858447205538596,13791,1.244
LSHADE,15,10,30,10180,0.49846894516599605,100000,2.515
MSBO,15,10,31,10181,7.884289376125707,100000,0.996
GA,15,10,31,10181,24.860693802037986,100000,2.749
PSO,15,10,31,10181,49.06678092971879,100000,0.098
DE,15,10,31,10181,0.07280060987181969,100000,1.85
ABC,15,10,31,10181,34.21744334480468,100006,6.269
GWO,15,10,31,10181,4794.758817018586,100000,0.151
CMAES,15,10,31,10181,98.1261340301453,22301,2.103
LSHADE,15,10,31,10181,0.02078853040870854,100000,2.5
MSBO,15,10,32,10182,4.756731213937201,100002,0.979
GA,15,10,32,10182,6.275018238960229,100000,2.66
PSO,15,10,32,10182,57.787655319550595,100000,0.083
DE,15,10,32,10182,1.007240979618473,100000,1.588
ABC,15,10,32,10182,20.847323622784188,100003,6.087
GWO,15,10,32,10182,10283.17906088418,100000,0.142
CMAES,15,10,32,10182,49.23474060416606,25051,2.235
LSHADE,15,10,32,10182,0.0001656930760418618,100000,2.649
MSBO,15,10,33,10183,5.514489748248025,100001,1.079
GA,15,10,33,10183,267.626262365706,100000,3.158
PSO,15,10,33,10183,59.71736216701538,100000,0.085
DE,15,10,33,10183,0.49952656291361563,100000,1.798
ABC,15,10,33,10183,21.52082296363369,100006,6.207
GWO,15,10,33,10183,6087.918746430034,100000,0.135
CMAES,15,10,33,10183,60.823168241817484,20801,2.055
LSHADE,15,10,33,10183,0.002198456531687043,100000,2.598
MSBO,15,10,34,10184,14.560281429650786,100003,1.002
GA,15,10,34,10184,3103.2875673053286,100000,2.882
PSO,15,10,34,10184,504.187011448088,100000,0.092
DE,15,10,34,10184,0.1698553055728098,100000,1.671
ABC,15,10,34,10184,9.094636463386905,100006,6.485
GWO,15,10,34,10184,2602.3624463047963,100000,0.142
CMAES,15,10,34,10184,42.980483417281675,25801,2.45
LSHADE,15,10,34,10184,0.014255874595619389,100000,2.723
MSBO,15,10,35,10185,12.530987334772817,100000,1.047
GA,15,10,35,10185,2455.7689468782846,100000,2.896
PSO,15,10,35,10185,87.63817625802176,100000,0.111
DE,15,10,35,10185,0.00935058130608013,100000,1.76
ABC,15,10,35,10185,110.90276372349172,100004,6.106
GWO,15,10,35,10185,2511.002285480965,100000,0.143
CMAES,15,10,35,10185,9.279288862376688,19251,1.752
LSHADE,15,10,35,10185,0.03711106390619534,100000,2.539
MSBO,15,10,36,10186,7.543043319695698,100002,1.036
GA,15,10,36,10186,40.94316628518959,100000,2.822
PSO,15,10,36,10186,101.41045779501155,100000,0.088
DE,15,10,36,10186,0.0036929974044142,100000,1.766
ABC,15,10,36,10186,102.29478546498581,100004,6.16
GWO,15,10,36,10186,1837.0931008976227,100000,0.148
CMAES,15,10,36,10186,1.6769213294155634,27641,2.587
LSHADE,15,10,36,10186,0.0002577644015673286,100000,2.619
MSBO,15,10,37,10187,3.9626811003020066,100003,1.034
GA,15,10,37,10187,10436.372029164828,100000,2.888
PSO,15,10,37,10187,1414.0097081485992,100000,0.086
DE,15,10,37,10187,0.499990517339711,100000,1.729
ABC,15,10,37,10187,19.368409105869432,100010,6.003
GWO,15,10,37,10187,17427.344579330038,100000,0.137
CMAES,15,10,37,10187,97.81878128207745,16151,1.464
LSHADE,15,10,37,10187,0.00023645814917472308,100000,2.467
MSBO,15,10,38,10188,10.353808885852686,100003,0.993
GA,15,10,38,10188,173.8122873956454,100000,2.865
PSO,15,10,38,10188,130.84478955094733,100000,0.093
DE,15,10,38,10188,1.0252343406250475,100000,1.612
ABC,15,10,38,10188,13.972173111000757,100008,6.276
GWO,15,10,38,10188,1563.8211202138446,100000,0.138
CMAES,15,10,38,10188,41.79137389050311,77751,7.287
LSHADE,15,10,38,10188,0.0007405101707718131,100000,2.777
MSBO,15,10,39,10189,3.774307552508617,100001,0.988
GA,15,10,39,10189,307.284519729722,100000,2.855
PSO,15,10,39,10189,83.15438069106108,100000,0.093
DE,15,10,39,10189,0.4999849551204534,100000,1.717
ABC,15,10,39,10189,576.4041848648731,100007,6.252
GWO,15,10,39,10189,2870.4487920902957,100000,0.147
CMAES,15,10,39,10189,4.997448262148055,55301,5.355
LSHADE,15,10,39,10189,0.4998384656739745,100000,2.717
MSBO,15,10,40,10190,15.999271969212032,100001,1.045
GA,15,10,40,10190,2130.1401184012234,100000,2.939
PSO,15,10,40,10190,462.706018150775,100000,0.087
DE,15,10,40,10190,0.4965578210340027,100000,1.678
ABC,15,10,40,10190,13.744570080175208,100003,6.198
GWO,15,10,40,10190,833.0531753591108,100000,0.144
CMAES,15,10,40,10190,13.760170752526847,19051,1.784
LSHADE,15,10,40,10190,0.4749847028263048,100000,2.59
MSBO,15,10,41,10191,3.2809485832983682,100001,1.003
GA,15,10,41,10191,87.62018129302419,100000,2.971
PSO,15,10,41,10191,67.6267893978852,100000,0.088
DE,15,10,41,10191,0.4792644336553167,100000,1.73
ABC,15,10,41,10191,23.19673481525865,100003,6.575
GWO,15,10,41,10191,20613.374786395187,100000,0.155
CMAES,15,10,41,10191,145.3903746529893,22251,2.116
LSHADE,15,10,41,10191,0.0014359605931986152,100000,2.572
MSBO,15,10,42,10192,17.120867445253907,100002,1.046
GA,15,10,42,10192,2710.343872034773,100000,3.004
PSO,15,10,42,10192,37.31838067843705,100000,0.1
DE,15,10,42,10192,0.004469440688581017,100000,1.673
ABC,15,10,42,10192,188.62750566202612,100010,5.949
GWO,15,10,42,10192,2957.0698622509035,100000,0.134
CMAES,15,10,42,10192,29.84983298273255,14851,1.224
LSHADE,15,10,42,10192,0.019804364869969504,100000,2.507
MSBO,15,10,43,10193,6.058361230660239,100001,1.01
GA,15,10,43,10193,458.59977536917336,100000,2.98
PSO,15,10,43,10193,218.31686735793755,100000,0.095
DE,15,10,43,10193,0.007628483435610178,100000,1.654
ABC,15,10,43,10193,470.20345433154125,100009,6.33
GWO,15,10,43,10193,2420.146537418471,100000,0.14
CMAES,15,10,43,10193,4.0118555961407765,18601,1.496
LSHADE,15,10,43,10193,0.02256178401694342,100000,2.605
MSBO,15,10,44,10194,2.7392476226918916,100003,1.016
GA,15,10,44,10194,13376.475076379911,100000,2.909
PSO,15,10,44,10194,182.60856328527052,100000,0.096
DE,15,10,44,10194,1.0341541662571672,100000,1.724
ABC,15,10,44,10194,16.438078064890988,100004,5.971
GWO,15,10,44,10194,2728.8977443056783,100000,0.143
CMAES,15,10,44,10194,22.57955389456606,19671,1.839
LSHADE,15,10,44,10194,0.49192208683007266,100000,2.462
MSBO,15,10,45,10195,4.849036722873279,100000,1.051
GA,15,10,45,10195,461.7501733360298,100000,2.997
PSO,15,10,45,10195,724.0532123167254,100000,0.104
DE,15,10,45,10195,0.0032472938876253465,100000,1.708
ABC,15,10,45,10195,104.58078071089926,100002,6.204
GWO,15,10,45,10195,4937.841491558373,100000,0.148
CMAES,15,10,45,10195,1.4901551541506706,21421,1.904
LSHADE,15,10,45,10195,0.00999956490409204,100000,2.43
MSBO,15,10,46,10196,15.524717981010781,100003,1.041
GA,15,10,46,10196,458.0990986086599,100000,2.739
PSO,15,10,46,10196,752.1483670267166,100000,0.099
DE,15,10,46,10196,0.021684308958583642,100000,1.645
ABC,15,10,46,10196,57.209215101393966,100003,6.14
GWO,15,10,46,10196,6225.452549329286,100000,0.148
CMAES,15,10,46,10196,160.18466245690342,18551,1.63
LSHADE,15,10,46,10196,0.3590387411099982,100000,2.501
MSBO,15,10,47,10197,3.2701075674783624,100001,1.054
GA,15,10,47,10197,7442.544936579929,100000,2.893
PSO,15,10,47,10197,699.4434533580361,100000,0.095
DE,15,10,47,10197,0.007348927984821785,100000,1.609
ABC,15,10,47,10197,117.40861459400162,100003,6.187
GWO,15,10,47,10197,3062.283970009925,100000,0.151
CMAES,15,10,47,10197,166.8324056817812,48301,4.675
LSHADE,15,10,47,10197,0.49999637219048054,100000,2.66
MSBO,15,10,48,10198,0.7138760275706773,100002,1.06
GA,15,10,48,10198,6359.749929430225,100000,2.872
PSO,15,10,48,10198,424.23358262471265,100000,0.093
DE,15,10,48,10198,0.49078797861579915,100000,1.742
ABC,15,10,48,10198,235.01176299359145,100002,6.205
GWO,15,10,48,10198,2273.3735491191474,100000,0.168
CMAES,15,10,48,10198,13.395301259232838,18051,1.799
LSHADE,15,10,48,10198,0.49740563366390234,100000,2.571
MSBO,15,10,49,10199,6.068449022441655,100002,0.972
GA,15,10,49,10199,2582.10456041733,100000,2.81
PSO,15,10,49,10199,463.9572258488629,100000,0.088
DE,15,10,49,10199,5.797955714115233e-05,100000,1.6
ABC,15,10,49,10199,34.19910379063822,100007,5.95
GWO,15,10,49,10199,4397.335835351654,100000,0.136
CMAES,15,10,49,10199,53.74845913347963,16901,1.524
LSHADE,15,10,49,10199,1.554626896904665e-05,100000,2.52
MSBO,15,10,50,10200,12.15350146009223,100001,0.973
GA,15,10,50,10200,1344.6871220688145,100000,2.768
PSO,15,10,50,10200,114.52557869162092,100000,0.084
DE,15,10,50,10200,0.4999992081736764,100000,1.563
ABC,15,10,50,10200,179.12370056100326,100003,6.378
GWO,15,10,50,10200,3366.193836116636,100000,0.149
CMAES,15,10,50,10200,16.918296950078002,19411,1.853
LSHADE,15,10,50,10200,0.4987606512243019,100000,2.604
MSBO,16,10,15,10175,2.1652837580991218,100000,0.968
GA,16,10,15,10175,119.13484392477767,100000,2.906
PSO,16,10,15,10175,123.88949363447523,100000,0.101
DE,16,10,15,10175,11.280876484751161,100000,1.766
ABC,16,10,15,10175,1.8418589472948952,100002,6.453
GWO,16,10,15,10175,70.83492837187555,100000,0.168
CMAES,16,10,15,10175,119.28213055285664,26901,2.479
LSHADE,16,10,15,10175,0.5921625114160634,100000,2.841
MSBO,16,10,16,10176,2.0940842981294736,100002,1.023
GA,16,10,16,10176,238.34655189149908,100000,2.944
PSO,16,10,16,10176,240.91720154403015,100000,0.107
DE,16,10,16,10176,0.4667140768774516,100000,1.839
ABC,16,10,16,10176,2.9838273185030175,100002,6.445
GWO,16,10,16,10176,119.00304666794705,100000,0.156
CMAES,16,10,16,10176,374.5550744051061,17901,1.802
LSHADE,16,10,16,10176,0.08579205810269741,100000,2.667
MSBO,16,10,17,10177,1.8206002792021536,100000,0.926
GA,16,10,17,10177,240.6918947759009,100000,2.953
PSO,16,10,17,10177,242.01007188759263,100000,0.101
DE,16,10,17,10177,0.24792866908524047,100000,1.668
ABC,16,10,17,10177,1.8984221527830414,100001,6.268
GWO,16,10,17,10177,172.12864547336062,100000,0.173
CMAES,16,10,17,10177,39.08684821753218,23651,2.137
LSHADE,16,10,17,10177,0.22831613183780064,100000,2.777
MSBO,16,10,18,10178,1.867556952445284,100001,0.97
GA,16,10,18,10178,120.51199800021982,100000,3.238
PSO,16,10,18,10178,119.28831561812967,100000,0.103
DE,16,10,18,10178,0.6880769684723873,100000,1.829
ABC,16,10,18,10178,1.1501771302866928,100000,6.244
GWO,16,10,18,10178,47.74321939198671,100000,0.156
CMAES,16,10,18,10178,252.68689005677334,17351,1.699
LSHADE,16,10,18,10178,0.3530485596838844,100000,2.8
MSBO,16,10,19,10179,0.8846864407837529,100003,0.875
GA,16,10,19,10179,256.9664066446942,100000,2.905
PSO,16,10,19,10179,335.6782196442682,100000,0.11
DE,16,10,19,10179,11.207206177879925,100000,1.651
ABC,16,10,19,10179,3.1602747705605907,100000,6.159
GWO,16,10,19,10179,32.815792712964594,100000,0.157
CMAES,16,10,19,10179,222.29131381169418,18761,1.815
LSHADE,16,10,19,10179,0.5667208766230942,100000,2.879
MSBO,16,10,20,10180,2.5707791329052725,100002,0.886
GA,16,10,20,10180,0.8180076502515021,100000,2.817
PSO,16,10,20,10180,372.5344086198536,100000,0.099
DE,16,10,20,10180,11.687649516695728,100000,1.61
ABC,16,10,20,10180,2.4035909229669414,100000,6.232
GWO,16,10,20,10180,70.83457217826663,100000,0.167
CMAES,16,10,20,10180,296.8417421568829,16651,1.568
LSHADE,16,10,20,10180,0.2365938555676621,100000,2.587
MSBO,16,10,21,10181,1.717370287718495,100000,0.943
GA,16,10,21,10181,373.5861891780705,100000,2.866
PSO,16,10,21,10181,241.40313140475064,100000,0.098
DE,16,10,21,10181,0.02998152192640191,100000,1.696
ABC,16,10,21,10181,3.4992557104451407,100001,6.519
GWO,16,10,21,10181,218.12934802519612,100000,0.174
CMAES,16,10,21,10181,39.128833428622556,14901,1.568
LSHADE,16,10,21,10181,1.2129539675449905,100000,2.634
MSBO,16,10,22,10182,1.4357342884923128,100000,0.889
GA,16,10,22,10182,269.7503960918111,100000,2.858
PSO,16,10,22,10182,255.41223004081985,100000,0.116
DE,16,10,22,10182,11.203972619379329,100000,1.756
ABC,16,10,22,10182,3.895915823627547,100001,6.391
GWO,16,10,22,10182,70.83463908682097,100000,0.163
CMAES,16,10,22,10182,270.7800059800254,16351,1.526
LSHADE,16,10,22,10182,0.7369683867834738,100000,2.525
MSBO,16,10,23,10183,2.1567816231483903,100003,0.866
GA,16,10,23,10183,255.15819209377878,100000,2.797
PSO,16,10,23,10183,255.949256452599,100000,0.098
DE,16,10,23,10183,0.03291477126231257,100000,1.662
ABC,16,10,23,10183,1.0298915662087893,100003,6.557
GWO,16,10,23,10183,82.39359507259951,100000,0.152
CMAES,16,10,23,10183,1.0121266704929894,16151,1.451
LSHADE,16,10,23,10183,0.2699560633141118,100000,2.56
MSBO,16,10,24,10184,1.3881461749533628,100001,0.946
GA,16,10,24,10184,6.521694845778256,100000,2.927
PSO,16,10,24,10184,6.830557380967093,100000,0.106
DE,16,10,24,10184,0.25854884737259454,100000,1.837
ABC,16,10,24,10184,6.210644128212152,100001,6.076
GWO,16,10,24,10184,100.18367143849628,100000,0.173
CMAES,16,10,24,10184,0.9990394073652169,20651,1.967
LSHADE,16,10,24,10184,0.6421893394269773,100000,2.647
MSBO,16,10,25,10185,1.4362020128003223,100002,0.996
GA,16,10,25,10185,239.2852141924675,100000,2.981
PSO,16,10,25,10185,375.608629673716,100000,0.118
DE,16,10,25,10185,0.2276384353974663,100000,1.773
ABC,16,10,25,10185,40.38829745404951,100001,6.295
GWO,16,10,25,10185,58.188941388276135,100000,0.199
CMAES,16,10,25,10185,468.5191110252372,14251,1.12
LSHADE,16,10,25,10185,0.7161717650335504,100000,2.607
MSBO,16,10,26,10186,1.5791097806359176,100000,0.928
GA,16,10,26,10186,238.0707263910258,100000,3.044
PSO,16,10,26,10186,122.61920991162447,100000,0.109
DE,16,10,26,10186,13.085628589463795,100000,1.793
ABC,16,10,26,10186,3.1000988752414287,100002,6.377
GWO,16,10,26,10186,222.10099416944786,100000,0.181
CMAES,16,10,26,10186,1.8956848780130713,22951,2.32
LSHADE,16,10,26,10186,0.6372572391637732,100000,2.928
MSBO,16,10,27,10187,1.8927737095546036,100003,0.995
GA,16,10,27,10187,254.59120895489514,100000,3.313
PSO,16,10,27,10187,504.5278148592415,100000,0.117
DE,16,10,27,10187,11.199663312276925,100000,1.801
ABC,16,10,27,10187,2.238115017870996,100000,6.178
GWO,16,10,27,10187,176.57267407363406,100000,0.171
CMAES,16,10,27,10187,162.42730500911648,28951,2.974
LSHADE,16,10,27,10187,0.7980949638958919,100000,2.604
MSBO,16,10,28,10188,1.6092418640639607,100000,0.893
GA,16,10,28,10188,118.86036213535158,100000,2.8
PSO,16,10,28,10188,120.30470336720805,100000,0.101
DE,16,10,28,10188,11.690943213368428,100000,1.698
ABC,16,10,28,10188,6.895833044687151,100001,6.259
GWO,16,10,28,10188,189.24943419831652,100000,0.171
CMAES,16,10,28,10188,39.24086799805491,16401,1.539
LSHADE,16,10,28,10188,0.44450345976747485,100000,2.849
MSBO,16,10,29,10189,1.0065545119102808,100003,0.911
GA,16,10,29,10189,132.26199108615538,100000,2.764
PSO,16,10,29,10189,239.65731743288939,100000,0.099
DE,16,10,29,10189,0.7270109383914587,100000,1.615
ABC,16,10,29,10189,5.517352226668663,100001,6.271
GWO,16,10,29,10189,97.89644832725594,100000,0.158
CMAES,16,10,29,10189,120.63469507136415,22501,1.824
LSHADE,16,10,29,10189,0.8169490242682969,100000,2.735
MSBO,16,10,30,10190,0.7559033815543899,100001,0.956
GA,16,10,30,10190,119.29948878886921,100000,2.879
PSO,16,10,30,10190,239.64955790030035,100000,0.092
DE,16,10,30,10190,0.9160493870194841,100000,1.692
ABC,16,10,30,10190,3.0297935254504864,100000,6.018
GWO,16,10,30,10190,68.1062886588013,100000,0.172
CMAES,16,10,30,10190,201.6077737464102,18901,1.912
LSHADE,16,10,30,10190,0.21315213664229304,100000,2.654
MSBO,16,10,31,10191,2.1373463441611875,100001,0.902
GA,16,10,31,10191,38.137197315632875,100000,2.893
PSO,16,10,31,10191,238.3411536996682,100000,0.107
DE,16,10,31,10191,11.643874867344493,100000,1.826
ABC,16,10,31,10191,119.71466966729122,100001,6.461
GWO,16,10,31,10191,73.57191202423246,100000,0.173
CMAES,16,10,31,10191,12.207171025982234,14821,1.566
LSHADE,16,10,31,10191,0.5532159813719773,100000,2.796
MSBO,16,10,32,10192,1.8073952888873919,100001,0.985
GA,16,10,32,10192,258.0714808390153,100000,2.949
PSO,16,10,32,10192,240.76913854793565,100000,0.111
DE,16,10,32,10192,0.41653022966420394,100000,1.692
ABC,16,10,32,10192,4.5030194680211935,100001,6.266
GWO,16,10,32,10192,70.83544000426264,100000,0.179
CMAES,16,10,32,10192,1.138901209297046,18451,1.703
LSHADE,16,10,32,10192,0.5198942008146332,100000,2.638
MSBO,16,10,33,10193,1.0327450854895233,100000,0.925
GA,16,10,33,10193,119.47466964494765,100000,2.898
PSO,16,10,33,10193,131.85557542491892,100000,0.109
DE,16,10,33,10193,0.7271596414527721,100000,1.771
ABC,16,10,33,10193,3.2212265890943854,100001,6.289
GWO,16,10,33,10193,455.282941825179,100000,0.167
CMAES,16,10,33,10193,12.490543344445541,25701,2.481
LSHADE,16,10,33,10193,0.7404660273887202,100000,2.683
MSBO,16,10,34,10194,1.2209640816518004,100003,0.927
GA,16,10,34,10194,123.25664277776877,100000,2.922
PSO,16,10,34,10194,132.97621711939541,100000,0.103
DE,16,10,34,10194,0.5191677610489478,100000,1.942
ABC,16,10,34,10194,2.2227027537928734,100000,6.143
GWO,16,10,34,10194,76.47339588583463,100000,0.169
CMAES,16,10,34,10194,271.3602542366875,16751,1.646
LSHADE,16,10,34,10194,0.5191381248346261,100000,2.614
MSBO,16,10,35,10195,1.3702001908870898,100003,0.845
GA,16,10,35,10195,1.2328423035291962,100000,2.809
PSO,16,10,35,10195,3.308575798896527,100000,0.11
DE,16,10,35,10195,11.193800029495378,100000,1.67
ABC,16,10,35,10195,3.3025416031198347,100001,6.239
GWO,16,10,35,10195,51.520689238870546,100000,0.163
CMAES,16,10,35,10195,2.051221420146703,19741,1.758
LSHADE,16,10,35,10195,0.24779843044461813,100000,2.739
MSBO,16,10,36,10196,1.4708373072733139,100001,0.894
GA,16,10,36,10196,130.22468093081443,100000,3.262
PSO,16,10,36,10196,390.43371066564055,100000,0.121
DE,16,10,36,10196,11.616684163317814,100000,1.697
ABC,16,10,36,10196,2.347736706502019,100001,6.246
GWO,16,10,36,10196,89.67360079676541,100000,0.168
CMAES,16,10,36,10196,132.56867198426608,18651,1.829
LSHADE,16,10,36,10196,0.25325414093640575,100000,2.802
MSBO,16,10,37,10197,2.300454904630442,100000,0.865
GA,16,10,37,10197,239.95533166150244,100000,2.839
PSO,16,10,37,10197,358.3111578834969,100000,0.091
DE,16,10,37,10197,11.192628804793685,100000,1.663
ABC,16,10,37,10197,18.605484373429363,100001,6.053
GWO,16,10,37,10197,32.778686849373116,100000,0.158
CMAES,16,10,37,10197,238.37416918140957,14551,1.391
LSHADE,16,10,37,10197,0.3787637775960775,100000,2.77
MSBO,16,10,38,10198,2.3194949044966506,100000,1.029
GA,16,10,38,10198,147.4254713841949,100000,3.088
PSO,16,10,38,10198,243.68386573650946,100000,0.107
DE,16,10,38,10198,0.6910836996460148,100000,1.79
ABC,16,10,38,10198,1.7136170174903782,100001,6.552
GWO,16,10,38,10198,163.925836523591,100000,0.178
CMAES,16,10,38,10198,121.88360255732186,28401,2.717
LSHADE,16,10,38,10198,0.5667459865167075,100000,2.687
MSBO,16,10,39,10199,1.8773657572451157,100002,0.975
GA,16,10,39,10199,239.4542852040297,100000,2.771
PSO,16,10,39,10199,456.27900794745347,100000,0.095
DE,16,10,39,10199,0.4586751395104329,100000,1.581
ABC,16,10,39,10199,1.2587692402416906,100001,5.996
GWO,16,10,39,10199,32.74393736604543,100000,0.186
CMAES,16,10,39,10199,305.05538527330214,22401,2.422
LSHADE,16,10,39,10199,0.20840962635747928,100000,2.537
MSBO,16,10,40,10200,1.1209543425020456,100000,0.881
GA,16,10,40,10200,555.6945486109457,100000,2.885
PSO,16,10,40,10200,420.7011936842316,100000,0.117
DE,16,10,40,10200,11.464068076250442,100000,1.728
ABC,16,10,40,10200,1.0746246885582877,100000,6.239
GWO,16,10,40,10200,117.36088768674017,100000,0.176
CMAES,16,10,40,10200,12.654081063842114,15901,1.49
LSHADE,16,10,40,10200,0.23180422357722819,100000,2.758
MSBO,16,10,41,10201,0.726192195804515,100002,0.927
GA,16,10,41,10201,251.94176791725886,100000,2.706
PSO,16,10,41,10201,39.14719292869154,100000,0.095
DE,16,10,41,10201,0.6442303669409739,100000,1.685
ABC,16,10,41,10201,3.7933835818200805,100001,6.482
GWO,16,10,41,10201,61.0074947717917,100000,0.161
CMAES,16,10,41,10201,336.0116898398485,17701,2.845
LSHADE,16,10,41,10201,0.4135162758052502,100000,2.522
MSBO,16,10,42,10202,1.415421172114975,100001,0.907
GA,16,10,42,10202,254.77047786744447,100000,3.112
PSO,16,10,42,10202,239.7115951718979,100000,0.106
DE,16,10,42,10202,0.4216904262279968,100000,1.667
ABC,16,10,42,10202,1.531914084414666,100000,6.895
GWO,16,10,42,10202,87.359217835668,100000,0.206
CMAES,16,10,42,10202,0.999239678683125,14201,1.547
LSHADE,16,10,42,10202,0.5412351765605763,100000,2.87
MSBO,16,10,43,10203,3.148347774313379,100000,0.981
GA,16,10,43,10203,120.3533395050813,100000,2.959
PSO,16,10,43,10203,405.8480266560473,100000,0.103
DE,16,10,43,10203,11.192674094332233,100000,1.633
ABC,16,10,43,10203,1.9620826425498308,100000,6.149
GWO,16,10,43,10203,137.87803656628012,100000,0.156
CMAES,16,10,43,10203,147.16122806435897,14901,1.471
LSHADE,16,10,43,10203,0.6378681213575419,100000,2.93
MSBO,16,10,44,10204,2.177515213656534,100002,0.937
GA,16,10,44,10204,131.61030187201595,100000,2.943
PSO,16,10,44,10204,121.26385407537623,100000,0.12
DE,16,10,44,10204,11.671508776192468,100000,1.802
ABC,16,10,44,10204,2.988462697873274,100001,6.337
GWO,16,10,44,10204,52.86949873650133,100000,0.151
CMAES,16,10,44,10204,238.2338268867311,20101,1.848
LSHADE,16,10,44,10204,0.7145518040224488,100000,2.641
MSBO,16,10,45,10205,1.5429929148697283,100002,0.944
GA,16,10,45,10205,0.9476322622465432,100000,2.866
PSO,16,10,45,10205,121.44231009144823,100000,0.113
DE,16,10,45,10205,0.2327375223328545,100000,1.687
ABC,16,10,45,10205,4.189804848120957,100000,6.428
GWO,16,10,45,10205,80.63730350296055,100000,0.172
CMAES,16,10,45,10205,1.8037794697979734,22451,2.078
LSHADE,16,10,45,10205,0.45638476246494974,100000,2.565
MSBO,16,10,46,10206,2.537908426732429,100003,0.872
GA,16,10,46,10206,233.38891175440222,100000,3.06
PSO,16,10,46,10206,240.53983953579086,100000,0.096
DE,16,10,46,10206,11.192403691944946,100000,1.696
ABC,16,10,46,10206,4.656616452451544,100001,6.062
GWO,16,10,46,10206,178.08325262780068,100000,0.17
CMAES,16,10,46,10206,2.1020770030206677,19931,1.818
LSHADE,16,10,46,10206,0.6491684960840303,100000,2.598
MSBO,16,10,47,10207,1.4159616620738689,100002,0.955
GA,16,10,47,10207,424.28498679394306,100000,3.105
PSO,16,10,47,10207,478.18889145125877,100000,0.109
DE,16,10,47,10207,0.4366710660085573,100000,1.796
ABC,16,10,47,10207,4.2013066293620795,100001,6.858
GWO,16,10,47,10207,219.9187385790715,100000,0.164
CMAES,16,10,47,10207,300.3078935208614,23451,2.254
LSHADE,16,10,47,10207,0.208642668642824,100000,2.715
MSBO,16,10,48,10208,2.801372095476836,100000,0.877
GA,16,10,48,10208,255.54242571064333,100000,2.921
PSO,16,10,48,10208,1.5985874485238583,100000,0.108
DE,16,10,48,10208,0.7052474192785212,100000,1.692
ABC,16,10,48,10208,12.937861813833024,100000,6.323
GWO,16,10,48,10208,63.172108176909205,100000,0.168
CMAES,16,10,48,10208,3.2879470924226553,13781,1.007
LSHADE,16,10,48,10208,0.26815246496835243,100000,2.49
MSBO,16,10,49,10209,1.0100022759829699,100003,0.919
GA,16,10,49,10209,119.57522504777035,100000,2.847
PSO,16,10,49,10209,145.41635283203618,100000,0.116
DE,16,10,49,10209,0.4411821682617756,100000,1.963
ABC,16,10,49,10209,20.36351401486877,100001,6.469
GWO,16,10,49,10209,56.42560442995136,100000,0.166
CMAES,16,10,49,10209,1.7072282219758108,7521,0.582
LSHADE,16,10,49,10209,0.4855470064135261,100000,2.657
MSBO,16,10,50,10210,1.2051929841447873,100000,0.918
GA,16,10,50,10210,136.29629606424487,100000,2.921
PSO,16,10,50,10210,374.11772682275455,100000,0.116
DE,16,10,50,10210,0.21360864698272053,100000,1.733
ABC,16,10,50,10210,3.4288752426564315,100000,6.438
GWO,16,10,50,10210,419.84908118088924,100000,0.153
CMAES,16,10,50,10210,221.17562657368467,21301,2.032
LSHADE,16,10,50,10210,0.40408004457822244,100000,2.563
MSBO,17,10,0,10170,21.032983193232212,100001,0.978
GA,17,10,0,10170,38.298436255185834,100000,3.196
PSO,17,10,0,10170,88.54000686555787,100000,0.154
DE,17,10,0,10170,0.6243465119628127,100000,1.824
ABC,17,10,0,10170,3.905270222554009,100000,6.375
GWO,17,10,0,10170,91.86318350563874,100000,0.25
CMAES,17,10,0,10170,22.98572203097251,6801,0.672
LSHADE,17,10,0,10170,0.019729344125153148,100000,2.656
MSBO,17,10,1,10171,3.7310571969208013,100001,0.907
GA,17,10,1,10171,17.862788262431877,100000,3.021
PSO,17,10,1,10171,50.561717034767526,100000,0.18
DE,17,10,1,10171,0.0,100000,1.87
ABC,17,10,1,10171,2.2555126372517407,100000,6.27
GWO,17,10,1,10171,73.32562386829818,100000,0.225
CMAES,17,10,1,10171,43.39776398673166,7171,0.649
LSHADE,17,10,1,10171,0.01972934412219729,100000,2.921
MSBO,17,10,2,10172,0.33206276556074954,100001,1.158
GA,17,10,2,10172,19.78544008594713,100000,3.004
PSO,17,10,2,10172,69.76679852201619,100000,0.153
DE,17,10,2,10172,0.31217325598140633,100000,1.717
ABC,17,10,2,10172,2.84750752590071,100001,6.471
GWO,17,10,2,10172,62.34382432199982,100000,0.22
CMAES,17,10,2,10172,34.60585535952987,8381,0.753
LSHADE,17,10,2,10172,0.009920434565174219,100000,2.8
MSBO,17,10,3,10173,16.509239832194226,100000,0.932
GA,17,10,3,10173,118.83977254090178,100000,2.975
PSO,17,10,3,10173,64.13437831173087,100000,0.169
DE,17,10,3,10173,0.6243465119628127,100000,1.905
ABC,17,10,3,10173,2.4757180721273926,100001,6.894
GWO,17,10,3,10173,69.35772161408909,100000,0.272
CMAES,17,10,3,10173,56.56429714964429,7601,0.909
LSHADE,17,10,3,10173,0.019729344122652037,100000,2.841
MSBO,17,10,4,10174,3.307456979515109,100001,0.906
GA,17,10,4,10174,8.74838047213666,100000,2.939
PSO,17,10,4,10174,44.61020196140271,100000,0.157
DE,17,10,4,10174,1.307132313074817,100000,1.65
ABC,17,10,4,10174,1.9995191572929798,100000,6.246
GWO,17,10,4,10174,58.272443642119015,100000,0.213
CMAES,17,10,4,10174,81.00740843939025,8171,0.642
LSHADE,17,10,4,10174,1.5916157281026244e-12,100000,2.579
MSBO,17,10,5,10175,3.418947540740419,100001,0.992
GA,17,10,5,10175,21.75830109955018,100000,2.854
PSO,17,10,5,10175,26.15917767082783,100000,0.167
DE,17,10,5,10175,1.6193055690562232,100000,1.679
ABC,17,10,5,10175,1.6634765586754838,100000,6.361
GWO,17,10,5,10175,80.6769939404112,100000,0.255
CMAES,17,10,5,10175,144.399582371429,7751,0.761
LSHADE,17,10,5,10175,0.0,100000,2.57
MSBO,17,10,6,10176,3.0059927603797405,100000,0.871
GA,17,10,6,10176,22.08194206424878,100000,2.796
PSO,17,10,6,10176,101.10514282103463,100000,0.155
DE,17,10,6,10176,0.31217325598140633,100000,1.705
ABC,17,10,6,10176,2.3809791044166104,100000,6.287
GWO,17,10,6,10176,77.43112832656766,100000,0.225
CMAES,17,10,6,10176,190.0015912282306,6531,0.548
LSHADE,17,10,6,10176,0.09057097203890407,100000,2.547
MSBO,17,10,7,10177,1.328027972627524,100003,0.977
GA,17,10,7,10177,22.847939409663013,100000,3.115
PSO,17,10,7,10177,96.01141842005131,100000,0.162
DE,17,10,7,10177,1.6193055690562232,100000,1.663
ABC,17,10,7,10177,2.0189347355080827,100000,6.654
GWO,17,10,7,10177,79.70343325137333,100000,0.217
CMAES,17,10,7,10177,41.39672352444927,7611,0.678
LSHADE,17,10,7,10177,1.070141024683835e-07,100000,2.743
MSBO,17,10,8,10178,0.3552275312920301,100001,0.994
GA,17,10,8,10178,181.72152914823437,100000,3.021
PSO,17,10,8,10178,79.6173238537067,100000,0.175
DE,17,10,8,10178,2.0156853297869475,100000,1.724
ABC,17,10,8,10178,0.7871065638494201,100000,6.438
GWO,17,10,8,10178,72.41043446628419,100000,0.212
CMAES,17,10,8,10178,29.63841803073342,7871,0.698
LSHADE,17,10,8,10178,0.01974116389169467,100000,2.782
MSBO,17,10,9,10179,0.43427988836288023,100000,1.014
GA,17,10,9,10179,143.954137487789,100000,2.945
PSO,17,10,9,10179,29.526187242660853,100000,0.154
DE,17,10,9,10179,0.31217325598140633,100000,1.714
ABC,17,10,9,10179,1.8105348540739215,100000,6.644
GWO,17,10,9,10179,76.73393003498654,100000,0.243
CMAES,17,10,9,10179,102.25852761181113,6031,0.5
LSHADE,17,10,9,10179,2.2737367544323206e-13,100000,2.524
MSBO,17,10,10,10180,6.3042426728916325,100003,0.888
GA,17,10,10,10180,21.51629957956311,100000,3.092
PSO,17,10,10,10180,37.134692843570065,100000,0.179
DE,17,10,10,10180,0.019729344121969916,100000,1.82
ABC,17,10,10,10180,1.6358707349011183,100000,6.225
GWO,17,10,10,10180,66.40666107788843,100000,0.23
CMAES,17,10,10,10180,44.546431571553285,7301,0.588
LSHADE,17,10,10,10180,0.0986467203185839,100000,2.593
MSBO,17,10,11,10181,2.114678369548983,100001,0.911
GA,17,10,11,10181,137.44373750692307,100000,2.801
PSO,17,10,11,10181,149.61213597577785,100000,0.154
DE,17,10,11,10181,0.31217325598140633,100000,1.674
ABC,17,10,11,10181,1.7218511672972454,100001,6.825
GWO,17,10,11,10181,82.38728472698585,100000,0.232
CMAES,17,10,11,10181,30.346862960556336,12551,1.014
LSHADE,17,10,11,10181,0.019729344124243653,100000,2.78
MSBO,17,10,12,10182,1.3074155651036108,100002,0.945
GA,17,10,12,10182,9.381287009816106,100000,2.979
PSO,17,10,12,10182,214.87530316840412,100000,0.159
DE,17,10,12,10182,20.31257291575048,100000,1.694
ABC,17,10,12,10182,1.8577528080813863,100000,6.323
GWO,17,10,12,10182,87.70327693049603,100000,0.239
CMAES,17,10,12,10182,26.79121693934576,6951,0.657
LSHADE,17,10,12,10182,0.436547860523433,100000,2.576
MSBO,17,10,13,10183,2.351550708028981,100000,0.995
GA,17,10,13,10183,265.0704873977734,100000,2.988
PSO,17,10,13,10183,56.46222221547714,100000,0.157
DE,17,10,13,10183,2.302091370168,100000,1.866
ABC,17,10,13,10183,4.1347141156625185,100000,6.498
GWO,17,10,13,10183,95.53406780868681,100000,0.221
CMAES,17,10,13,10183,85.10452805387013,8391,0.584
LSHADE,17,10,13,10183,0.009920935703348732,100000,2.796
MSBO,17,10,14,10184,2.634327585009032,100000,1.122
GA,17,10,14,10184,22.0255164923949,100000,2.993
PSO,17,10,14,10184,115.82259992816898,100000,0.161
DE,17,10,14,10184,0.31217325598140633,100000,1.709
ABC,17,10,14,10184,2.141196611878513,100000,6.557
GWO,17,10,14,10184,66.0761801066767,100000,0.232
CMAES,17,10,14,10184,148.6356582391927,8941,0.83
LSHADE,17,10,14,10184,0.00992092554406554,100000,2.79
MSBO,17,10,15,10185,21.428938447725386,100002,1.001
GA,17,10,15,10185,118.44553575271834,100000,3.198
PSO,17,10,15,10185,31.659436290387248,100000,0.199
DE,17,10,15,10185,0.6440758560847826,100000,1.784
ABC,17,10,15,10185,2.4931645328179,100001,6.402
GWO,17,10,15,10185,67.9263712638151,100000,0.22
CMAES,17,10,15,10185,171.26873897560336,6521,0.526
LSHADE,17,10,15,10185,0.1676994240649492,100000,2.586
MSBO,17,10,16,10186,1.3304978709550142,100002,0.91
GA,17,10,16,10186,147.63691533247106,100000,2.877
PSO,17,10,16,10186,127.94772218587514,100000,0.169
DE,17,10,16,10186,0.31217325598140633,100000,1.783
ABC,17,10,16,10186,1.6634219030590884,100000,6.218
GWO,17,10,16,10186,96.01506538812077,100000,0.248
CMAES,17,10,16,10186,24.687305661836945,9641,0.858
LSHADE,17,10,16,10186,0.01972934412833638,100000,2.632
MSBO,17,10,17,10187,1.3302861547222165,100002,1.064
GA,17,10,17,10187,197.64237622033352,100000,2.928
PSO,17,10,17,10187,54.03647666594679,100000,0.158
DE,17,10,17,10187,0.31217325598140633,100000,1.739
ABC,17,10,17,10187,2.8240912640258102,100001,6.75
GWO,17,10,17,10187,72.9434886912345,100000,0.24
CMAES,17,10,17,10187,84.23136050609651,7881,0.748
LSHADE,17,10,17,10187,0.019729344123106785,100000,2.687
MSBO,17,10,18,10188,1.0271967917558413,100001,0.958
GA,17,10,18,10188,142.73760390279836,100000,2.926
PSO,17,10,18,10188,62.6441540383164,100000,0.169
DE,17,10,18,10188,17.7521792412756,100000,1.827
ABC,17,10,18,10188,5.959331797226014,100000,6.637
GWO,17,10,18,10188,67.54005274305632,100000,0.224
CMAES,17,10,18,10188,41.49384654770938,9881,0.804
LSHADE,17,10,18,10188,0.019766973251762465,100000,2.796
MSBO,17,10,19,10189,1.3270610572635633,100003,0.952
GA,17,10,19,10189,82.55499582566586,100000,2.845
PSO,17,10,19,10189,139.11923424121278,100000,0.169
DE,17,10,19,10189,1.0146884012153805,100000,1.751
ABC,17,10,19,10189,1.6059709921323702,100000,6.411
GWO,17,10,19,10189,81.74365745928935,100000,0.216
CMAES,17,10,19,10189,26.307338798284263,5901,0.579
LSHADE,17,10,19,10189,0.009589624617547088,100000,2.608
MSBO,17,10,20,10190,1.4586673998376227,100002,0.965
GA,17,10,20,10190,120.56461394529788,100000,2.948
PSO,17,10,20,10190,56.987977465335916,100000,0.154
DE,17,10,20,10190,16.757220184182188,100000,1.816
ABC,17,10,20,10190,6.6560333891570735,100000,6.039
GWO,17,10,20,10190,74.28148935175682,100000,0.326
CMAES,17,10,20,10190,71.30515017259313,8841,0.936
LSHADE,17,10,20,10190,0.01972934412219729,100000,2.805
MSBO,17,10,21,10191,2.1128843586818675,100000,0.947
GA,17,10,21,10191,39.062401372563954,100000,3.017
PSO,17,10,21,10191,49.487900435937036,100000,0.178
DE,17,10,21,10191,20.030598769880726,100000,1.701
ABC,17,10,21,10191,0.49240806830334805,100000,6.365
GWO,17,10,21,10191,69.61029427900144,100000,0.235
CMAES,17,10,21,10191,46.220323598977075,6581,0.661
LSHADE,17,10,21,10191,0.3614966162379005,100000,2.723
MSBO,17,10,22,10192,3.0249425417669045,100002,0.929
GA,17,10,22,10192,2.4474682303580266,100000,2.879
PSO,17,10,22,10192,71.0834916491624,100000,0.161
DE,17,10,22,10192,0.6440758560847826,100000,1.644
ABC,17,10,22,10192,1.6442005394851549,100000,6.315
GWO,17,10,22,10192,75.15470706252313,100000,0.258
CMAES,17,10,22,10192,206.80563182959804,6591,0.505
LSHADE,17,10,22,10192,0.3121732560418877,100000,2.552
MSBO,17,10,23,10193,21.295267891776803,100002,0.91
GA,17,10,23,10193,38.080786244622004,100000,2.892
PSO,17,10,23,10193,59.44580532654436,100000,0.163
DE,17,10,23,10193,0.31217325598140633,100000,1.725
ABC,17,10,23,10193,4.918235025805643,100000,6.427
GWO,17,10,23,10193,81.98833793298968,100000,0.24
CMAES,17,10,23,10193,49.65907442682715,6981,0.627
LSHADE,17,10,23,10193,0.019740215200727107,100000,2.611
MSBO,17,10,24,10194,2.1117409061544095,100002,0.973
GA,17,10,24,10194,139.56088964062383,100000,2.874
PSO,17,10,24,10194,77.72593929911682,100000,0.162
DE,17,10,24,10194,1.307132313074817,100000,1.623
ABC,17,10,24,10194,2.6659536657650733,100000,6.223
GWO,17,10,24,10194,91.47811220433368,100000,0.224
CMAES,17,10,24,10194,67.28333386592999,6861,0.608
LSHADE,17,10,24,10194,0.01972934412287941,100000,2.616
MSBO,17,10,25,10195,1.0898885252202035,100001,0.898
GA,17,10,25,10195,40.09430641437257,100000,2.895
PSO,17,10,25,10195,86.24190189248156,100000,0.169
DE,17,10,25,10195,0.31217325598140633,100000,1.698
ABC,17,10,25,10195,3.9771131629638603,100000,6.152
GWO,17,10,25,10195,78.57190436493875,100000,0.213
CMAES,17,10,25,10195,72.90744142705353,7601,0.72
LSHADE,17,10,25,10195,0.019785239259590526,100000,2.515
MSBO,17,10,26,10196,17.43272547829565,100003,0.892
GA,17,10,26,10196,138.42834371324852,100000,3.056
PSO,17,10,26,10196,57.639450509049766,100000,0.17
DE,17,10,26,10196,0.6243465119628127,100000,1.671
ABC,17,10,26,10196,0.4424075591161909,100000,6.486
GWO,17,10,26,10196,71.96410321745475,100000,0.225
CMAES,17,10,26,10196,40.911715215866025,8001,0.693
LSHADE,17,10,26,10196,0.3319026001036036,100000,2.482
MSBO,17,10,27,10197,6.614235120185867,100002,0.942
GA,17,10,27,10197,23.084181883064957,100000,2.87
PSO,17,10,27,10197,43.81092746512513,100000,0.163
DE,17,10,27,10197,0.31217325598140633,100000,1.778
ABC,17,10,27,10197,2.155398671010289,100000,6.229
GWO,17,10,27,10197,80.59213846207763,100000,0.221
CMAES,17,10,27,10197,87.76605461813438,5691,0.438
LSHADE,17,10,27,10197,0.04932336132264936,100000,2.745
MSBO,17,10,28,10198,1.1215240288584027,100002,0.99
GA,17,10,28,10198,118.88381465397447,100000,3.018
PSO,17,10,28,10198,41.7119856094173,100000,0.154
DE,17,10,28,10198,1.307132313074817,100000,1.696
ABC,17,10,28,10198,3.902502701450885,100000,6.277
GWO,17,10,28,10198,73.95130331954874,100000,0.219
CMAES,17,10,28,10198,202.84491548731853,6941,0.609
LSHADE,17,10,28,10198,0.019729344129245874,100000,2.493
MSBO,17,10,29,10199,1.431775591855967,100003,0.923
GA,17,10,29,10199,55.57901245824678,100000,3.045
PSO,17,10,29,10199,97.87002909023408,100000,0.158
DE,17,10,29,10199,0.31217325598140633,100000,1.74
ABC,17,10,29,10199,3.35783393926431,100000,6.024
GWO,17,10,29,10199,98.10339880546348,100000,0.225
CMAES,17,10,29,10199,87.94948240350618,6391,0.539
LSHADE,17,10,29,10199,0.01972934420518868,100000,2.559
MSBO,17,10,30,10200,0.0001935761963522964,100003,0.971
GA,17,10,30,10200,5.392775570151343,100000,2.767
PSO,17,10,30,10200,29.44273387412545,100000,0.155
DE,17,10,30,10200,0.6243465119628127,100000,1.662
ABC,17,10,30,10200,2.861536075575941,100000,6.327
GWO,17,10,30,10200,75.17743009913306,100000,0.212
CMAES,17,10,30,10200,65.6660447545878,6531,0.536
LSHADE,17,10,30,10200,0.0198236223168351,100000,2.514
MSBO,17,10,31,10201,6.7680023760549375,100000,1.006
GA,17,10,31,10201,23.41254315739957,100000,2.991
PSO,17,10,31,10201,77.87227758773088,100000,0.168
DE,17,10,31,10201,18.76686764249075,100000,1.724
ABC,17,10,31,10201,2.9910739209290114,100000,5.969
GWO,17,10,31,10201,66.13831763399162,100000,0.229
CMAES,17,10,31,10201,128.9076410314724,6381,0.633
LSHADE,17,10,31,10201,0.020934494131552128,100000,2.651
MSBO,17,10,32,10202,1.397935035296996,100002,0.907
GA,17,10,32,10202,180.64796826980592,100000,2.847
PSO,17,10,32,10202,48.13564531401448,100000,0.164
DE,17,10,32,10202,0.0,100000,1.649
ABC,17,10,32,10202,7.037133074884423,100000,6.417
GWO,17,10,32,10202,70.12209707844431,100000,0.224
CMAES,17,10,32,10202,74.85141224287031,6451,0.598
LSHADE,17,10,32,10202,0.01973302813053124,100000,2.732
MSBO,17,10,33,10203,22.02637197991112,100002,0.985
GA,17,10,33,10203,38.515591333875136,100000,2.865
PSO,17,10,33,10203,54.65479834841699,100000,0.154
DE,17,10,33,10203,17.7521792412756,100000,1.68
ABC,17,10,33,10203,2.36943816244343,100000,6.047
GWO,17,10,33,10203,65.2421460492751,100000,0.223
CMAES,17,10,33,10203,48.34220111288619,8901,0.82
LSHADE,17,10,33,10203,0.00992043416249544,100000,2.589
MSBO,17,10,34,10204,3.6192740499589036,100003,0.89
GA,17,10,34,10204,119.83535434468968,100000,2.911
PSO,17,10,34,10204,111.42855772882126,100000,0.169
DE,17,10,34,10204,1.015707605644593,100000,1.794
ABC,17,10,34,10204,1.7493717076290523,100001,6.558
GWO,17,10,34,10204,75.48730018441279,100000,0.221
CMAES,17,10,34,10204,105.76533261388317,7181,0.68
LSHADE,17,10,34,10204,4.547473508864641e-13,100000,2.632
MSBO,17,10,35,10205,0.02541206621776837,100002,0.952
GA,17,10,35,10205,21.049906127614122,100000,2.882
PSO,17,10,35,10205,33.682681863352855,100000,0.156
DE,17,10,35,10205,0.31217325598140633,100000,1.65
ABC,17,10,35,10205,1.4588575676743858,100003,6.208
GWO,17,10,35,10205,87.05903711339124,100000,0.214
CMAES,17,10,35,10205,117.63322960913229,6591,0.578
LSHADE,17,10,35,10205,0.019731047162622417,100000,2.557
MSBO,17,10,36,10206,2.0152676389170665,100000,0.958
GA,17,10,36,10206,54.671603706593714,100000,3.016
PSO,17,10,36,10206,61.650777014653386,100000,0.168
DE,17,10,36,10206,0.6243465119628127,100000,1.946
ABC,17,10,36,10206,0.6442963628337566,100000,6.463
GWO,17,10,36,10206,57.84608065218572,100000,0.219
CMAES,17,10,36,10206,49.73447997418134,6801,0.632
LSHADE,17,10,36,10206,0.01972934412219729,100000,2.766
MSBO,17,10,37,10207,2.0098608611292548,100001,0.99
GA,17,10,37,10207,80.36300540032039,100000,2.889
PSO,17,10,37,10207,132.04559438769616,100000,0.168
DE,17,10,37,10207,16.776949528304158,100000,1.725
ABC,17,10,37,10207,4.181679864628904,100000,6.082
GWO,17,10,37,10207,63.984814725703245,100000,0.237
CMAES,17,10,37,10207,200.45214393826245,6821,0.634
LSHADE,17,10,37,10207,0.41081997629999023,100000,2.557
MSBO,17,10,38,10208,2.3221204745891555,100002,0.993
GA,17,10,38,10208,148.26481037833946,100000,3.069
PSO,17,10,38,10208,89.70367206933406,100000,0.172
DE,17,10,38,10208,0.019729344121969916,100000,1.78
ABC,17,10,38,10208,1.7012079060014003,100000,6.133
GWO,17,10,38,10208,69.96045321251677,100000,0.249
CMAES,17,10,38,10208,112.09451969072666,6611,0.623
LSHADE,17,10,38,10208,0.000583056657205816,100000,2.591
MSBO,17,10,39,10209,2.3125206800727938,100003,0.94
GA,17,10,39,10209,38.76956166730247,100000,2.925
PSO,17,10,39,10209,46.57202927257822,100000,0.156
DE,17,10,39,10209,0.5287824451966117,100000,1.732
ABC,17,10,39,10209,1.3988786395198076,100000,6.437
GWO,17,10,39,10209,84.93457162635673,100000,0.225
CMAES,17,10,39,10209,49.6961711954018,6801,0.644
LSHADE,17,10,39,10209,0.01972934412287941,100000,2.768
MSBO,17,10,40,10210,20.312567352881615,100002,0.917
GA,17,10,40,10210,40.12565745008351,100000,3.229
PSO,17,10,40,10210,41.81092316634863,100000,0.162
DE,17,10,40,10210,16.757220184182188,100000,1.695
ABC,17,10,40,10210,1.7123436009960642,100000,6.572
GWO,17,10,40,10210,73.87838867713936,100000,0.224
CMAES,17,10,40,10210,339.84284879500774,6401,0.713
LSHADE,17,10,40,10210,0.003112634319222707,100000,2.741
MSBO,17,10,41,10211,2.6345350215074177,100002,0.969
GA,17,10,41,10211,21.347045468838587,100000,2.995
PSO,17,10,41,10211,61.78735774672941,100000,0.159
DE,17,10,41,10211,1.0146884012153805,100000,1.708
ABC,17,10,41,10211,2.7285537443892736,100001,6.403
GWO,17,10,41,10211,103.09916451122581,100000,0.214
CMAES,17,10,41,10211,65.26749179431158,6691,0.619
LSHADE,17,10,41,10211,4.134562914259732e-09,100000,2.849
MSBO,17,10,42,10212,0.31250471528369417,100000,1.037
GA,17,10,42,10212,21.80486700623851,100000,2.891
PSO,17,10,42,10212,65.70145079693793,100000,0.153
DE,17,10,42,10212,0.31217325598140633,100000,1.653
ABC,17,10,42,10212,5.3142743063820035,100000,6.391
GWO,17,10,42,10212,74.04561339766087,100000,0.238
CMAES,17,10,42,10212,51.9209012114909,7721,0.739
LSHADE,17,10,42,10212,0.019729344122652037,100000,2.624
MSBO,17,10,43,10213,1.990193160214858,100003,0.937
GA,17,10,43,10213,80.28402784280752,100000,3.048
PSO,17,10,43,10213,92.21205082087681,100000,0.173
DE,17,10,43,10213,0.31217362491656786,100000,1.843
ABC,17,10,43,10213,3.5508156166552,100000,6.321
GWO,17,10,43,10213,72.56979737901884,100000,0.216
CMAES,17,10,43,10213,58.241256768438916,6981,0.597
LSHADE,17,10,43,10213,0.019729344122424664,100000,2.765
MSBO,17,10,44,10214,1.326941267704342,100003,0.98
GA,17,10,44,10214,129.68992527994237,100000,2.934
PSO,17,10,44,10214,170.019577042141,100000,0.161
DE,17,10,44,10214,0.6243465119628127,100000,1.754
ABC,17,10,44,10214,0.8598547116948794,100000,6.263
GWO,17,10,44,10214,105.40316157801976,100000,0.228
CMAES,17,10,44,10214,55.444050117738925,7521,0.665
LSHADE,17,10,44,10214,2.3711663743597455e-08,100000,2.554
MSBO,17,10,45,10215,1.0050800428657567,100000,0.885
GA,17,10,45,10215,22.42032965340968,100000,2.921
PSO,17,10,45,10215,34.34790930420945,100000,0.155
DE,17,10,45,10215,0.31217325598140633,100000,1.722
ABC,17,10,45,10215,1.3577045113522672,100000,5.961
GWO,17,10,45,10215,66.82247675757048,100000,0.244
CMAES,17,10,45,10215,192.9545341562034,6861,0.545
LSHADE,17,10,45,10215,8.617462299298495e-11,100000,2.935
MSBO,17,10,46,10216,1.1168077601980713,100001,0.903
GA,17,10,46,10216,21.077272481092677,100000,2.881
PSO,17,10,46,10216,23.461362084857683,100000,0.159
DE,17,10,46,10216,0.6243465119628127,100000,1.685
ABC,17,10,46,10216,1.50618898984294,100000,5.971
GWO,17,10,46,10216,74.85205086699466,100000,0.209
CMAES,17,10,46,10216,299.7772075824678,6701,0.623
LSHADE,17,10,46,10216,0.009920435890080626,100000,2.528
MSBO,17,10,47,10217,1.170988700693897,100001,0.906
GA,17,10,47,10217,147.10121409265912,100000,2.782
PSO,17,10,47,10217,37.77182634639598,100000,0.163
DE,17,10,47,10217,17.7521792412756,100000,1.69
ABC,17,10,47,10217,2.539971827200361,100000,6.045
GWO,17,10,47,10217,85.01466982197508,100000,0.217
CMAES,17,10,47,10217,222.72694121417112,7621,0.681
LSHADE,17,10,47,10217,0.019732500026520938,100000,2.727
MSBO,17,10,48,10218,1.9900513078766835,100002,0.933
GA,17,10,48,10218,23.190436296104963,100000,2.89
PSO,17,10,48,10218,60.205007743697706,100000,0.176
DE,17,10,48,10218,0.6243465119628127,100000,1.701
ABC,17,10,48,10218,1.3418415834121333,100000,6.132
GWO,17,10,48,10218,90.51509514509871,100000,0.214
CMAES,17,10,48,10218,75.23592774441954,6691,0.623
LSHADE,17,10,48,10218,0.019729344122424664,100000,2.593
MSBO,17,10,49,10219,23.666182607203382,100002,0.928
GA,17,10,49,10219,77.1252693142601,100000,2.959
PSO,17,10,49,10219,90.0837815386028,100000,0.171
DE,17,10,49,10219,17.069393440163594,100000,1.809
ABC,17,10,49,10219,5.203938857266621,100000,6.259
GWO,17,10,49,10219,74.70261282131582,100000,0.244
CMAES,17,10,49,10219,62.03889875242544,6971,0.767
LSHADE,17,10,49,10219,0.019738801468292877,100000,2.85
MSBO,17,10,50,10220,0.40326458609956717,100001,0.88
GA,17,10,50,10220,197.79285481772945,100000,2.844
PSO,17,10,50,10220,33.05707367305922,100000,0.157
DE,17,10,50,10220,0.33190260010337624,100000,1.678
ABC,17,10,50,10220,7.159094211834599,100000,6.161
GWO,17,10,50,10220,73.4885545531788,100000,0.237
CMAES,17,10,50,10220,54.98263966496256,5981,0.582
LSHADE,17,10,50,10220,6.275513442233205e-11,100000,2.684
MSBO,18,10,0,10180,1598.434266814028,100000,0.922
GA,18,10,0,10180,14468.893222982335,100000,2.779
PSO,18,10,0,10180,20672.164950264247,100000,0.093
DE,18,10,0,10180,0.004580349544994533,100000,1.642
ABC,18,10,0,10180,764.7519749624835,100006,6.306
GWO,18,10,0,10180,21091.185955723297,100000,0.15
CMAES,18,10,0,10180,188.63506602180564,14901,1.389
LSHADE,18,10,0,10180,0.11424554145264665,100000,2.793
MSBO,18,10,1,10181,480.4739747847407,100001,1.008
GA,18,10,1,10181,77.57837232179963,100000,2.908
PSO,18,10,1,10181,1857.7364953007727,100000,0.098
DE,18,10,1,10181,0.026881574688331966,100000,1.722
ABC,18,10,1,10181,1861.4138527432624,100009,6.269
GWO,18,10,1,10181,33920.89790620171,100000,0.15
CMAES,18,10,1,10181,70.2310509165859,16101,1.547
LSHADE,18,10,1,10181,0.002269171222451405,100000,2.632
MSBO,18,10,2,10182,106.7704376160782,100000,0.905
GA,18,10,2,10182,14398.96935494454,100000,2.753
PSO,18,10,2,10182,47137.305897404796,100000,0.087
DE,18,10,2,10182,1.2865529543018965,100000,1.605
ABC,18,10,2,10182,2373.9697875536485,100006,6.541
GWO,18,10,2,10182,39376.493373609585,100000,0.144
CMAES,18,10,2,10182,27.981763738150676,20251,1.821
LSHADE,18,10,2,10182,0.4431283367562173,100000,2.632
MSBO,18,10,3,10183,39.68035871607958,100003,0.931
GA,18,10,3,10183,29121.007110760675,100000,3.034
PSO,18,10,3,10183,45436.736077288544,100000,0.108
DE,18,10,3,10183,0.33819879869429315,100000,1.621
ABC,18,10,3,10183,2868.7858228744317,100005,6.45
GWO,18,10,3,10183,37235.11112178503,100000,0.152
CMAES,18,10,3,10183,30.17149866926752,21901,2.006
LSHADE,18,10,3,10183,0.3395729746453071,100000,2.437
MSBO,18,10,4,10184,325.71612272299217,100003,0.863
GA,18,10,4,10184,3084.1218914428455,100000,2.785
PSO,18,10,4,10184,648.7341402869206,100000,0.096
DE,18,10,4,10184,0.011536430384921914,100000,1.759
ABC,18,10,4,10184,673.5964046223871,100007,6.244
GWO,18,10,4,10184,33939.287474923054,100000,0.159
CMAES,18,10,4,10184,28.985978357187378,18051,1.713
LSHADE,18,10,4,10184,0.49999280358588294,100000,2.571
MSBO,18,10,5,10185,1012.691773514935,100000,0.902
GA,18,10,5,10185,5165.2515720886095,100000,2.972
PSO,18,10,5,10185,8793.022429957933,100000,0.105
DE,18,10,5,10185,0.49963063447876266,100000,1.742
ABC,18,10,5,10185,1068.8137119544172,100007,6.525
GWO,18,10,5,10185,39756.05384823346,100000,0.206
CMAES,18,10,5,10185,231.94148086859877,29581,2.38
LSHADE,18,10,5,10185,0.4992624503518073,100000,2.482
MSBO,18,10,6,10186,139.8099358852378,100001,0.953
GA,18,10,6,10186,911.3452659401905,100000,3.2
PSO,18,10,6,10186,803.033099525634,100000,0.099
DE,18,10,6,10186,0.0026613363104388554,100000,1.718
ABC,18,10,6,10186,1937.151680857678,100007,6.422
GWO,18,10,6,10186,39355.54128612131,100000,0.159
CMAES,18,10,6,10186,38.99980403668542,30621,2.682
LSHADE,18,10,6,10186,0.49999819374124854,100000,2.43
MSBO,18,10,7,10187,28.02460555890002,100000,0.901
GA,18,10,7,10187,3569.095466417639,100000,3.04
PSO,18,10,7,10187,760.1689060067429,100000,0.105
DE,18,10,7,10187,20.006040178481044,100000,1.63
ABC,18,10,7,10187,279.31813662847617,100011,6.272
GWO,18,10,7,10187,34276.50736424983,100000,0.156
CMAES,18,10,7,10187,73.2318239705171,12191,1.05
LSHADE,18,10,7,10187,0.4887797807846255,100000,2.788
MSBO,18,10,8,10188,254.50103769382622,100003,0.951
GA,18,10,8,10188,2472.141754882825,100000,2.801
PSO,18,10,8,10188,377.56199914408217,100000,0.093
DE,18,10,8,10188,0.9999740230250609,100000,1.645
ABC,18,10,8,10188,446.484170871232,100005,5.94
GWO,18,10,8,10188,37206.49969978391,100000,0.135
CMAES,18,10,8,10188,105.06870535182975,15401,1.26
LSHADE,18,10,8,10188,0.42121272627741746,100000,2.599
MSBO,18,10,9,10189,353.2512780656871,100000,0.927
GA,18,10,9,10189,98.97509555738793,100000,2.803
PSO,18,10,9,10189,1049.2806736784441,100000,0.089
DE,18,10,9,10189,0.01466086185723725,100000,1.64
ABC,18,10,9,10189,512.474515384401,100008,6.117
GWO,18,10,9,10189,36238.84107745749,100000,0.158
CMAES,18,10,9,10189,22.96285881966878,32701,3.333
LSHADE,18,10,9,10189,0.0025636537893660716,100000,2.523
MSBO,18,10,10,10190,145.20762636161157,100002,0.888
GA,18,10,10,10190,250.59757335216136,100000,2.83
PSO,18,10,10,10190,7337.319398210346,100000,0.091
DE,18,10,10,10190,0.22322685921699303,100000,1.662
ABC,18,10,10,10190,1650.2352906162864,100007,6.138
GWO,18,10,10,10190,31752.515941781166,100000,0.143
CMAES,18,10,10,10190,78.23278540558454,26361,2.265
LSHADE,18,10,10,10190,0.2907582201282821,100000,2.509
MSBO,18,10,11,10191,629.6755233357089,100002,0.954
GA,18,10,11,10191,14103.32873989811,100000,2.772
PSO,18,10,11,10191,3156.603119160074,100000,0.096
DE,18,10,11,10191,0.4999507148365865,100000,1.604
ABC,18,10,11,10191,874.5679933240885,100009,6.28
GWO,18,10,11,10191,39401.516757851256,100000,0.14
CMAES,18,10,11,10191,44.99688959540481,16301,1.46
LSHADE,18,10,11,10191,0.045295823694459614,100000,2.522
MSBO,18,10,12,10192,340.1563028540627,100001,0.938
GA,18,10,12,10192,4113.8302597306665,100000,2.99
PSO,18,10,12,10192,2088.6459048074994,100000,0.091
DE,18,10,12,10192,0.21816024398367517,100000,1.733
ABC,18,10,12,10192,3794.8369625702144,100007,6.34
GWO,18,10,12,10192,39404.889697341954,100000,0.138
CMAES,18,10,12,10192,30.079671989487224,18701,1.74
LSHADE,18,10,12,10192,0.2758622467549685,100000,2.5
MSBO,18,10,13,10193,367.6805365447617,100001,0.865
GA,18,10,13,10193,11507.374019445198,100000,2.778
PSO,18,10,13,10193,6180.409711517122,100000,0.098
DE,18,10,13,10193,0.012483673501492376,100000,1.61
ABC,18,10,13,10193,1552.577684133702,100004,6.34
GWO,18,10,13,10193,34013.06369790162,100000,0.153
CMAES,18,10,13,10193,57.13563041388852,22791,2.01
LSHADE,18,10,13,10193,0.00809553419776421,100000,2.504
MSBO,18,10,14,10194,527.4766314570561,100002,0.91
GA,18,10,14,10194,1145.92798995366,100000,2.837
PSO,18,10,14,10194,4271.430820844778,100000,0.095
DE,18,10,14,10194,0.0021264724985030625,100000,1.677
ABC,18,10,14,10194,643.0201032404157,100010,6.511
GWO,18,10,14,10194,39327.5870918079,100000,0.14
CMAES,18,10,14,10194,54.71377150532567,21761,1.947
LSHADE,18,10,14,10194,0.0023875956828760536,100000,2.409
MSBO,18,10,15,10195,277.64613861084126,100001,1.007
GA,18,10,15,10195,2026.5256494554687,100000,2.974
PSO,18,10,15,10195,4766.466426639025,100000,0.104
DE,18,10,15,10195,0.007824719341442687,100000,1.657
ABC,18,10,15,10195,2367.3161324341327,100004,6.372
GWO,18,10,15,10195,33947.70495325152,100000,0.159
CMAES,18,10,15,10195,49.015706488231444,21751,1.945
LSHADE,18,10,15,10195,0.02678685415344262,100000,2.568
MSBO,18,10,16,10196,72.69662938514875,100003,0.898
GA,18,10,16,10196,1189.7903901408026,100000,2.8
PSO,18,10,16,10196,16052.805088985813,100000,0.099
DE,18,10,16,10196,0.024336820696134964,100000,1.603
ABC,18,10,16,10196,1955.6920057342677,100004,6.038
GWO,18,10,16,10196,39403.25913826832,100000,0.152
CMAES,18,10,16,10196,37.37570156234574,20201,1.808
LSHADE,18,10,16,10196,0.46973775620313063,100000,2.574
MSBO,18,10,17,10197,2141.89133456781,100003,0.989
GA,18,10,17,10197,1042.7134408053525,100000,2.891
PSO,18,10,17,10197,5891.003654094189,100000,0.098
DE,18,10,17,10197,0.49998936732049515,100000,1.657
ABC,18,10,17,10197,602.7934160889627,100005,5.866
GWO,18,10,17,10197,39403.880172367775,100000,0.14
CMAES,18,10,17,10197,220.97902225072676,16181,1.51
LSHADE,18,10,17,10197,0.001871072510311933,100000,2.44
MSBO,18,10,18,10198,6.045826178889001,100002,0.878
GA,18,10,18,10198,2303.738842665476,100000,2.697
PSO,18,10,18,10198,21272.975884586343,100000,0.096
DE,18,10,18,10198,0.004106019113351067,100000,1.664
ABC,18,10,18,10198,690.7764816148147,100006,5.887
GWO,18,10,18,10198,38916.17830111332,100000,0.137
CMAES,18,10,18,10198,28.371111162199213,22141,2.065
LSHADE,18,10,18,10198,0.05463506305704868,100000,2.728
MSBO,18,10,19,10199,1056.134104696746,100002,1.005
GA,18,10,19,10199,3414.0746076369505,100000,2.8
PSO,18,10,19,10199,2406.5288207254625,100000,0.099
DE,18,10,19,10199,0.04413195477627596,100000,1.793
ABC,18,10,19,10199,641.4483246164609,100007,6.389
GWO,18,10,19,10199,32947.01581528245,100000,0.147
CMAES,18,10,19,10199,25.40056087992002,31241,2.909
LSHADE,18,10,19,10199,0.3361576172430887,100000,2.577
MSBO,18,10,20,10200,1295.6506757332872,100000,0.89
GA,18,10,20,10200,29312.614579982885,100000,2.843
PSO,18,10,20,10200,5412.772044326834,100000,0.1
DE,18,10,20,10200,0.00842152363884452,100000,1.691
ABC,18,10,20,10200,20.409114721739797,100002,6.376
GWO,18,10,20,10200,31136.07589273533,100000,0.157
CMAES,18,10,20,10200,27.95971626104688,21551,2.107
LSHADE,18,10,20,10200,0.027454196054350177,100000,2.622
MSBO,18,10,21,10201,736.4141112563902,100001,0.999
GA,18,10,21,10201,3380.42280123382,100000,2.925
PSO,18,10,21,10201,144.21648053309173,100000,0.105
DE,18,10,21,10201,0.017814019091929367,100000,1.67
ABC,18,10,21,10201,3083.281372231304,100001,6.125
GWO,18,10,21,10201,31795.788400314705,100000,0.158
CMAES,18,10,21,10201,21.479898509818213,17131,1.593
LSHADE,18,10,21,10201,0.31598334698537656,100000,2.629
MSBO,18,10,22,10202,359.12676232855256,100003,0.934
GA,18,10,22,10202,170.07508979113072,100000,2.903
PSO,18,10,22,10202,4514.580996416165,100000,0.101
DE,18,10,22,10202,0.42518009912510024,100000,1.663
ABC,18,10,22,10202,228.63783798951795,100006,6.512
GWO,18,10,22,10202,33868.67557592611,100000,0.158
CMAES,18,10,22,10202,54.05228071943134,19051,1.916
LSHADE,18,10,22,10202,0.4932673281884945,100000,2.583
MSBO,18,10,23,10203,1041.0900502609798,100001,0.915
GA,18,10,23,10203,4954.922192612078,100000,2.868
PSO,18,10,23,10203,37128.68112475558,100000,0.087
DE,18,10,23,10203,0.001481016999377971,100000,1.693
ABC,18,10,23,10203,452.9473888808475,100009,6.129
GWO,18,10,23,10203,31858.658046224504,100000,0.141
CMAES,18,10,23,10203,26.69696849772322,19151,1.86
LSHADE,18,10,23,10203,0.004566581301332917,100000,2.615
MSBO,18,10,24,10204,1921.873201843914,100002,0.955
GA,18,10,24,10204,1772.0630728592605,100000,2.906
PSO,18,10,24,10204,1245.5942778876433,100000,0.107
DE,18,10,24,10204,0.49072670604527957,100000,1.846
ABC,18,10,24,10204,208.1111437715108,100003,6.324
GWO,18,10,24,10204,39403.47462641056,100000,0.149
CMAES,18,10,24,10204,132.60000392613483,19241,1.753
LSHADE,18,10,24,10204,0.16905325245397762,100000,2.611
MSBO,18,10,25,10205,155.04476144142882,100003,0.881
GA,18,10,25,10205,6548.031421820408,100000,2.914
PSO,18,10,25,10205,1057.5641126848031,100000,0.099
DE,18,10,25,10205,0.0032513052065041848,100000,1.733
ABC,18,10,25,10205,650.7899061415569,100007,6.375
GWO,18,10,25,10205,35959.74675635868,100000,0.142
CMAES,18,10,25,10205,23.988466728915228,21551,2.035
LSHADE,18,10,25,10205,0.04990193188427838,100000,2.492
MSBO,18,10,26,10206,37.3603822088412,100003,0.956
GA,18,10,26,10206,20444.67876344058,100000,2.944
PSO,18,10,26,10206,4358.991261730218,100000,0.093
DE,18,10,26,10206,0.16164806529945963,100000,1.605
ABC,18,10,26,10206,621.8087690083557,100009,6.068
GWO,18,10,26,10206,39371.87693668033,100000,0.147
CMAES,18,10,26,10206,24.984086023529244,16001,1.455
LSHADE,18,10,26,10206,0.46264183207290444,100000,2.565
MSBO,18,10,27,10207,1184.3516996742092,100000,0.902
GA,18,10,27,10207,19875.398782287473,100000,2.779
PSO,18,10,27,10207,6582.7975792717225,100000,0.096
DE,18,10,27,10207,0.4998038287799318,100000,1.663
ABC,18,10,27,10207,475.2430145841604,100003,6.125
GWO,18,10,27,10207,39421.80090118727,100000,0.159
CMAES,18,10,27,10207,26.6557591920498,20751,1.937
LSHADE,18,10,27,10207,0.029920656352032893,100000,2.742
MSBO,18,10,28,10208,298.0763725836123,100001,1.002
GA,18,10,28,10208,1979.828997277462,100000,2.809
PSO,18,10,28,10208,6866.223569774216,100000,0.092
DE,18,10,28,10208,0.435527116892672,100000,1.606
ABC,18,10,28,10208,440.34173742427447,100005,6.134
GWO,18,10,28,10208,35535.0240430321,100000,0.151
CMAES,18,10,28,10208,33.236434286239046,19751,1.639
LSHADE,18,10,28,10208,0.13811494800461332,100000,2.467
MSBO,18,10,29,10209,1718.077838329741,100001,0.949
GA,18,10,29,10209,1394.2807557332135,100000,2.889
PSO,18,10,29,10209,4143.477302975886,100000,0.092
DE,18,10,29,10209,0.006519123059661069,100000,1.651
ABC,18,10,29,10209,2660.819143456758,100009,5.894
GWO,18,10,29,10209,39405.28892244617,100000,0.139
CMAES,18,10,29,10209,28.046865024107774,23451,2.231
LSHADE,18,10,29,10209,0.006007713552662608,100000,2.591
MSBO,18,10,30,10210,306.2389908965465,100002,0.831
GA,18,10,30,10210,4290.261166262218,100000,2.809
PSO,18,10,30,10210,37121.73101603465,100000,0.095
DE,18,10,30,10210,0.041255442351939564,100000,1.68
ABC,18,10,30,10210,2893.5172758193603,100006,6.186
GWO,18,10,30,10210,39394.56728644203,100000,0.153
CMAES,18,10,30,10210,25.334782530118673,21211,1.883
LSHADE,18,10,30,10210,0.4999895139246746,100000,2.485
MSBO,18,10,31,10211,216.161895597352,100001,0.903
GA,18,10,31,10211,4095.405652090256,100000,2.803
PSO,18,10,31,10211,4422.451183088197,100000,0.088
DE,18,10,31,10211,0.0033795496367474698,100000,1.585
ABC,18,10,31,10211,2811.171352067986,100005,6.067
GWO,18,10,31,10211,39399.32622924821,100000,0.156
CMAES,18,10,31,10211,28.4578341605461,17691,1.54
LSHADE,18,10,31,10211,0.49999999891724656,100000,2.418
MSBO,18,10,32,10212,766.9368639937165,100001,0.899
GA,18,10,32,10212,1594.1818893387313,100000,2.758
PSO,18,10,32,10212,32939.714438388415,100000,0.093
DE,18,10,32,10212,0.22884543882355501,100000,1.603
ABC,18,10,32,10212,828.593328166131,100001,6.325
GWO,18,10,32,10212,33945.49385923913,100000,0.159
CMAES,18,10,32,10212,30.752320057468523,22551,2.045
LSHADE,18,10,32,10212,1.4027637007529847e-07,100000,2.706
MSBO,18,10,33,10213,157.6811492532538,100001,0.915
GA,18,10,33,10213,9948.238376897843,100000,2.823
PSO,18,10,33,10213,4342.320775808059,100000,0.091
DE,18,10,33,10213,5.7221935776397004e-05,100000,1.571
ABC,18,10,33,10213,1828.287439896007,100004,6.37
GWO,18,10,33,10213,37180.87138244305,100000,0.138
CMAES,18,10,33,10213,192.69506939934217,21651,1.944
LSHADE,18,10,33,10213,0.49068181879124495,100000,2.583
MSBO,18,10,34,10214,358.1412782075413,100001,0.924
GA,18,10,34,10214,1190.6997362537622,100000,3.091
PSO,18,10,34,10214,33203.334573360866,100000,0.101
DE,18,10,34,10214,1.4888867290110284,100000,1.717
ABC,18,10,34,10214,2249.0539811663707,100009,6.023
GWO,18,10,34,10214,39393.69209505218,100000,0.146
CMAES,18,10,34,10214,61.36399339091918,16351,1.508
LSHADE,18,10,34,10214,0.18809074088562738,100000,2.649
MSBO,18,10,35,10215,1160.9517883566145,100001,0.918
GA,18,10,35,10215,4196.0656108646435,100000,2.973
PSO,18,10,35,10215,864.0181581693269,100000,0.094
DE,18,10,35,10215,0.014212058422572227,100000,1.682
ABC,18,10,35,10215,723.2092648795806,100009,6.157
GWO,18,10,35,10215,39398.94500737496,100000,0.141
CMAES,18,10,35,10215,41.15619193397197,18251,1.711
LSHADE,18,10,35,10215,0.0002595803628082649,100000,2.409
MSBO,18,10,36,10216,454.8172020307238,100001,0.917
GA,18,10,36,10216,4201.501373867204,100000,2.84
PSO,18,10,36,10216,1862.5898812541982,100000,0.13
DE,18,10,36,10216,0.0013244396911886724,100000,1.573
ABC,18,10,36,10216,264.50287322522763,100007,6.186
GWO,18,10,36,10216,39391.973712788196,100000,0.167
CMAES,18,10,36,10216,53.83258187433921,16851,1.375
LSHADE,18,10,36,10216,0.003296316649311848,100000,2.502
MSBO,18,10,37,10217,59.12912845485903,100001,0.929
GA,18,10,37,10217,14390.472505518204,100000,3.246
PSO,18,10,37,10217,7012.583935592018,100000,0.098
DE,18,10,37,10217,0.3147023109672773,100000,1.723
ABC,18,10,37,10217,285.11719338570174,100006,6.695
GWO,18,10,37,10217,39363.54504890581,100000,0.152
CMAES,18,10,37,10217,24.01353491583177,14151,3.025
LSHADE,18,10,37,10217,0.021245942186169486,100000,2.886
MSBO,18,10,38,10218,35.85936771309048,100002,0.993
GA,18,10,38,10218,129.5254851575869,100000,2.981
PSO,18,10,38,10218,325.24175978380845,100000,0.101
DE,18,10,38,10218,0.4999999993840447,100000,1.869
ABC,18,10,38,10218,1137.2682765279433,100003,7.108
GWO,18,10,38,10218,29965.776291670223,100000,0.155
CMAES,18,10,38,10218,164.74320366604047,18101,1.727
LSHADE,18,10,38,10218,0.14639769156065086,100000,2.799
MSBO,18,10,39,10219,98.56479106334041,100001,1.07
GA,18,10,39,10219,3100.063425852367,100000,3.158
PSO,18,10,39,10219,5159.012032817607,100000,0.103
DE,18,10,39,10219,0.008533622084542003,100000,1.853
ABC,18,10,39,10219,852.3052438627392,100007,6.553
GWO,18,10,39,10219,39263.51539203206,100000,0.161
CMAES,18,10,39,10219,119.51897810390369,15551,1.427
LSHADE,18,10,39,10219,0.49999986819852893,100000,2.644
MSBO,18,10,40,10220,106.38058593863093,100000,0.976
GA,18,10,40,10220,3767.701863827404,100000,5.032
PSO,18,10,40,10220,2762.9957339280354,100000,0.19
DE,18,10,40,10220,7.263886914188333e-05,100000,2.067
ABC,18,10,40,10220,1034.2045905907048,100007,6.872
GWO,18,10,40,10220,39359.92317704549,100000,0.172
CMAES,18,10,40,10220,25.395794668340386,23651,2.494
LSHADE,18,10,40,10220,0.16579007119457856,100000,2.935
MSBO,18,10,41,10221,32.34152256666607,100002,1.056
GA,18,10,41,10221,9038.814330798961,100000,3.113
PSO,18,10,41,10221,10177.788372812547,100000,0.107
DE,18,10,41,10221,0.42617454615151473,100000,1.763
ABC,18,10,41,10221,667.746866870234,100002,6.415
GWO,18,10,41,10221,39417.33003458575,100000,0.153
CMAES,18,10,41,10221,46.99681978690501,20101,1.969
LSHADE,18,10,41,10221,0.46949109505430897,100000,2.696
MSBO,18,10,42,10222,2378.588397521962,100003,0.984
GA,18,10,42,10222,2286.2625044057627,100000,3.01
PSO,18,10,42,10222,9925.051718235774,100000,0.105
DE,18,10,42,10222,0.4943475503212085,100000,1.809
ABC,18,10,42,10222,2267.262741477378,100009,6.84
GWO,18,10,42,10222,33949.55632772456,100000,0.158
CMAES,18,10,42,10222,48.97704949963827,15301,1.364
LSHADE,18,10,42,10222,0.45893984636791174,100000,2.767
MSBO,18,10,43,10223,368.16236776479263,100001,0.985
GA,18,10,43,10223,2256.416555685943,100000,3.021
PSO,18,10,43,10223,237.51266231382124,100000,0.104
DE,18,10,43,10223,20.00101462752491,100000,1.751
ABC,18,10,43,10223,391.2967170747488,100006,6.539
GWO,18,10,43,10223,6006.103113547002,100000,0.155
CMAES,18,10,43,10223,37.414050665050354,13491,1.222
LSHADE,18,10,43,10223,0.008923046250856714,100000,2.697
MSBO,18,10,44,10224,69.81628462247977,100000,0.972
GA,18,10,44,10224,2596.6510583243926,100000,3.133
PSO,18,10,44,10224,8490.169010541196,100000,0.112
DE,18,10,44,10224,0.4983356772142997,100000,1.797
ABC,18,10,44,10224,499.20495184305037,100005,6.707
GWO,18,10,44,10224,33908.27759917532,100000,0.16
CMAES,18,10,44,10224,29.445474484631177,20001,1.947
LSHADE,18,10,44,10224,0.12633730716811442,100000,2.793
MSBO,18,10,45,10225,1066.91096058194,100001,0.95
GA,18,10,45,10225,741.4563406257239,100000,3.019
PSO,18,10,45,10225,155.63713451357262,100000,0.105
DE,18,10,45,10225,0.2550357986783638,100000,1.809
ABC,18,10,45,10225,1127.2289205444317,100002,6.485
GWO,18,10,45,10225,38166.96128381502,100000,0.146
CMAES,18,10,45,10225,31.90807558149504,17601,1.758
LSHADE,18,10,45,10225,0.19819780633952178,100000,2.907
MSBO,18,10,46,10226,2908.1702191424156,100003,1.078
GA,18,10,46,10226,223.5251605762644,100000,2.955
PSO,18,10,46,10226,35434.98721657254,100000,0.1
DE,18,10,46,10226,0.0018733135582351679,100000,1.79
ABC,18,10,46,10226,874.6782298318585,100006,6.476
GWO,18,10,46,10226,33942.43657138845,100000,0.149
CMAES,18,10,46,10226,230.94543522740923,21691,2.176
LSHADE,18,10,46,10226,0.49166097075612925,100000,2.715
MSBO,18,10,47,10227,253.42059862847054,100000,0.982
GA,18,10,47,10227,7112.365000805188,100000,3.119
PSO,18,10,47,10227,17183.67613180323,100000,0.109
DE,18,10,47,10227,0.0007123529480850266,100000,1.784
ABC,18,10,47,10227,955.3788704596159,100005,6.712
GWO,18,10,47,10227,36671.979288373055,100000,0.16
CMAES,18,10,47,10227,22.012983478215347,25951,2.444
LSHADE,18,10,47,10227,0.24976583514057893,100000,2.754
MSBO,18,10,48,10228,428.87165313951436,100002,0.961
GA,18,10,48,10228,2891.6888827924795,100000,3.102
PSO,18,10,48,10228,8532.969981816042,100000,0.11
DE,18,10,48,10228,0.027325491985038752,100000,1.843
ABC,18,10,48,10228,1096.6158460476167,100005,6.415
GWO,18,10,48,10228,39263.51741286568,100000,0.157
CMAES,18,10,48,10228,39.91187764277993,22851,2.053
LSHADE,18,10,48,10228,0.0015575597781207762,100000,2.71
MSBO,18,10,49,10229,301.20987969656835,100000,0.931
GA,18,10,49,10229,936.6217972790682,100000,3.062
PSO,18,10,49,10229,297.5992691186493,100000,0.115
DE,18,10,49,10229,21.189484816123013,100000,1.868
ABC,18,10,49,10229,1023.8766705223252,100006,6.455
GWO,18,10,49,10229,35095.40185796996,100000,0.154
CMAES,18,10,49,10229,72.75571354021622,15151,1.457
LSHADE,18,10,49,10229,0.16970451581437374,100000,2.774
MSBO,18,10,50,10230,1025.8038646120085,100001,0.93
GA,18,10,50,10230,4513.372566069406,100000,2.928
PSO,18,10,50,10230,167.78112648958472,100000,0.101
DE,18,10,50,10230,0.14348568381228688,100000,1.752
ABC,18,10,50,10230,426.0339160479707,100008,6.51
GWO,18,10,50,10230,33945.05911366958,100000,0.153
CMAES,18,10,50,10230,20.325700425107243,23201,2.306
LSHADE,18,10,50,10230,0.4893563915272807,100000,2.678
MSBO,19,10,0,10190,4.038040431762738,100001,1.718
GA,19,10,0,10190,5760.043118663952,100000,3.536
PSO,19,10,0,10190,653.3216057156565,100000,0.631
DE,19,10,0,10190,0.0,100000,2.28
ABC,19,10,0,10190,54.48491739261226,100000,7.224
GWO,19,10,0,10190,2151.3555141812403,100000,0.65
CMAES,19,10,0,10190,5.978776331136487,12811,1.279
LSHADE,19,10,0,10190,1.4120896821623319e-05,100000,3.241
MSBO,19,10,1,10191,2.5363907817359177,100002,1.646
GA,19,10,1,10191,12.99111511215392,100000,3.449
PSO,19,10,1,10191,233.78449706746733,100000,0.623
DE,19,10,1,10191,0.0,100000,2.245
ABC,19,10,1,10191,44.194821283971805,100000,7.291
GWO,19,10,1,10191,824.5798659464599,100000,0.61
CMAES,19,10,1,10191,6.907002385743908,11491,1.227
LSHADE,19,10,1,10191,0.01943181975502739,100000,3.208
MSBO,19,10,2,10192,6.33840493052935,100000,1.65
GA,19,10,2,10192,1.8281858448406183,100000,3.489
PSO,19,10,2,10192,68.6765377153572,100000,0.636
DE,19,10,2,10192,0.01943181975502739,100000,2.232
ABC,19,10,2,10192,36.50415847842487,100001,9.042
GWO,19,10,2,10192,9594.552617481537,100000,0.637
CMAES,19,10,2,10192,95.00565308441969,8321,0.752
LSHADE,19,10,2,10192,0.019431820195222826,100000,3.426
MSBO,19,10,3,10193,2.1006216329667495,100001,1.694
GA,19,10,3,10193,26608.349424085813,100000,3.381
PSO,19,10,3,10193,9356.668638845606,100000,0.599
DE,19,10,3,10193,0.01943181975502739,100000,2.26
ABC,19,10,3,10193,286.4693927786152,100000,7.256
GWO,19,10,3,10193,22292.08347207582,100000,0.663
CMAES,19,10,3,10193,3.293005027962181,8911,0.938
LSHADE,19,10,3,10193,2.2737367544323206e-13,100000,3.444
MSBO,19,10,4,10194,4.269427017328098,100000,1.629
GA,19,10,4,10194,3089.8586689259864,100000,4.281
PSO,19,10,4,10194,591.4478774338622,100000,0.662
DE,19,10,4,10194,0.0,100000,2.406
ABC,19,10,4,10194,500.0444258516168,100000,7.177
GWO,19,10,4,10194,17809.065492016365,100000,0.679
CMAES,19,10,4,10194,5.538999368942314,11351,1.144
LSHADE,19,10,4,10194,0.0,100000,3.218
MSBO,19,10,5,10195,3.9869998147657952,100001,1.631
GA,19,10,5,10195,5341.633121907539,100000,3.517
PSO,19,10,5,10195,567.4018904377053,100000,0.662
DE,19,10,5,10195,0.0,100000,2.427
ABC,19,10,5,10195,190.5633866204994,100000,7.127
GWO,19,10,5,10195,11606.592740497686,100000,0.629
CMAES,19,10,5,10195,6.341207597158018,11331,1.244
LSHADE,19,10,5,10195,0.0,100000,3.457
MSBO,19,10,6,10196,1.574629962464087,100002,1.643
GA,19,10,6,10196,979.972300078387,100000,3.637
PSO,19,10,6,10196,6465.9147477291535,100000,0.657
DE,19,10,6,10196,0.0,100000,2.375
ABC,19,10,6,10196,24.627953467767384,100000,7.188
GWO,19,10,6,10196,9593.878178223671,100000,0.652
CMAES,19,10,6,10196,11.048515018452918,9141,0.881
LSHADE,19,10,6,10196,0.0005116472102599801,100000,3.401
MSBO,19,10,7,10197,4.232744837395785,100003,1.619
GA,19,10,7,10197,2379.2532675891143,100000,3.616
PSO,19,10,7,10197,413.8652556629163,100000,0.7
DE,19,10,7,10197,0.0,100000,2.612
ABC,19,10,7,10197,16.7113581139522,100002,7.237
GWO,19,10,7,10197,29991.86611005653,100000,0.664
CMAES,19,10,7,10197,29.04624102233015,9501,0.948
LSHADE,19,10,7,10197,0.019511818854880403,100000,3.339
MSBO,19,10,8,10198,3.0031904491850128,100000,1.657
GA,19,10,8,10198,2464.7399539873277,100000,3.67
PSO,19,10,8,10198,2446.4445410786793,100000,0.651
DE,19,10,8,10198,0.01943181975502739,100000,2.307
ABC,19,10,8,10198,96.37360144427589,100000,7.398
GWO,19,10,8,10198,14236.151133894187,100000,0.692
CMAES,19,10,8,10198,56.618641166265434,10331,1.118
LSHADE,19,10,8,10198,2.2737367544323206e-13,100000,3.228
MSBO,19,10,9,10199,5.125064461346028,100001,1.728
GA,19,10,9,10199,20787.914518852373,100000,3.685
PSO,19,10,9,10199,4511.219594993366,100000,0.656
DE,19,10,9,10199,0.0,100000,2.319
ABC,19,10,9,10199,7.237034757348056,100001,7.1
GWO,19,10,9,10199,719.1032380973897,100000,0.637
CMAES,19,10,9,10199,22.8216826786429,9701,0.962
LSHADE,19,10,9,10199,0.019431819763894964,100000,3.221
MSBO,19,10,10,10200,5.497677241380643,100003,1.61
GA,19,10,10,10200,657.2139145267315,100000,3.751
PSO,19,10,10,10200,140.22339485550947,100000,0.662
DE,19,10,10,10200,0.0,100000,2.28
ABC,19,10,10,10200,189.16535823938375,100000,7.072
GWO,19,10,10,10200,14000.924323245097,100000,0.654
CMAES,19,10,10,10200,72.31221443024992,9591,0.876
LSHADE,19,10,10,10200,0.01943181975866537,100000,3.205
MSBO,19,10,11,10201,11.4248539709331,100002,1.584
GA,19,10,11,10201,1594.9394894707166,100000,3.501
PSO,19,10,11,10201,21.88701185162904,100000,0.617
DE,19,10,11,10201,0.0,100000,2.252
ABC,19,10,11,10201,48.1791784146983,100001,7.38
GWO,19,10,11,10201,7990.88677730647,100000,0.675
CMAES,19,10,11,10201,6.395183367132404,11981,1.233
LSHADE,19,10,11,10201,4.7383634864672786e-06,100000,3.362
MSBO,19,10,12,10202,9.919422260212514,100002,1.617
GA,19,10,12,10202,25109.026020811627,100000,3.573
PSO,19,10,12,10202,5657.409254727343,100000,0.626
DE,19,10,12,10202,0.0,100000,2.282
ABC,19,10,12,10202,63.489184981564904,100001,7.026
GWO,19,10,12,10202,2524.590675424197,100000,0.641
CMAES,19,10,12,10202,29.718873192756973,9031,0.831
LSHADE,19,10,12,10202,0.0022222176889954426,100000,3.321
MSBO,19,10,13,10203,0.7148323471515141,100001,1.586
GA,19,10,13,10203,6740.148781363576,100000,3.778
PSO,19,10,13,10203,2731.3202530228846,100000,0.655
DE,19,10,13,10203,0.01943181975502739,100000,2.296
ABC,19,10,13,10203,6.065515453625494,100000,7.222
GWO,19,10,13,10203,2661.60387892968,100000,0.641
CMAES,19,10,13,10203,28.753347362482145,10381,1.086
LSHADE,19,10,13,10203,2.2737367544323206e-13,100000,3.294
MSBO,19,10,14,10204,6.778775658125369,100000,1.629
GA,19,10,14,10204,487.65412538307874,100000,3.503
PSO,19,10,14,10204,246.76318008650105,100000,0.652
DE,19,10,14,10204,0.0,100000,2.228
ABC,19,10,14,10204,8.6968358777101,100000,7.526
GWO,19,10,14,10204,507.2596111207972,100000,0.676
CMAES,19,10,14,10204,4.445789879570157,8931,0.871
LSHADE,19,10,14,10204,0.019431819755254764,100000,3.259
MSBO,19,10,15,10205,7.087493044209623,100003,1.622
GA,19,10,15,10205,29246.526777383933,100000,3.602
PSO,19,10,15,10205,11269.795129287404,100000,0.637
DE,19,10,15,10205,0.0,100000,2.287
ABC,19,10,15,10205,267.1805910685812,100000,7.151
GWO,19,10,15,10205,10384.038426854098,100000,0.664
CMAES,19,10,15,10205,33.148056222671585,9631,0.888
LSHADE,19,10,15,10205,0.009920434148170898,100000,3.131
MSBO,19,10,16,10206,2.497688115688561,100002,1.61
GA,19,10,16,10206,6532.221886807383,100000,3.774
PSO,19,10,16,10206,2363.224477673406,100000,0.601
DE,19,10,16,10206,0.0,100000,2.266
ABC,19,10,16,10206,15.269716749113286,100001,7.099
GWO,19,10,16,10206,915.767655023023,100000,0.608
CMAES,19,10,16,10206,5.118029097107865,11641,1.126
LSHADE,19,10,16,10206,8.02963995738537e-07,100000,3.28
MSBO,19,10,17,10207,4.262784408107336,100003,1.613
GA,19,10,17,10207,5311.359679007959,100000,3.546
PSO,19,10,17,10207,4050.4048277405855,100000,0.627
DE,19,10,17,10207,0.059281926759013004,100000,2.447
ABC,19,10,17,10207,24.570770067002513,100000,7.495
GWO,19,10,17,10207,5115.648662745246,100000,0.638
CMAES,19,10,17,10207,10.471907802845863,14271,1.475
LSHADE,19,10,17,10207,2.2737367544323206e-13,100000,3.176
MSBO,19,10,18,10208,5.969410320963789,100001,1.642
GA,19,10,18,10208,40.696999921088036,100000,3.562
PSO,19,10,18,10208,155.95939596256585,100000,0.62
DE,19,10,18,10208,0.01943181975502739,100000,2.176
ABC,19,10,18,10208,4.146765853122361,100000,6.967
GWO,19,10,18,10208,22043.15277471405,100000,0.66
CMAES,19,10,18,10208,21.221420916835996,11081,1.075
LSHADE,19,10,18,10208,9.094947017729282e-13,100000,3.393
MSBO,19,10,19,10209,6.663938017936289,100001,1.815
GA,19,10,19,10209,15507.054562827994,100000,3.733
PSO,19,10,19,10209,11053.124186039688,100000,0.632
DE,19,10,19,10209,0.03916116387699731,100000,2.259
ABC,19,10,19,10209,112.59415158963338,100000,7.018
GWO,19,10,19,10209,21898.767519125027,100000,0.663
CMAES,19,10,19,10209,12.627847439218385,10131,1.072
LSHADE,19,10,19,10209,0.01943182008903932,100000,3.404
MSBO,19,10,20,10210,4.997976218869326,100003,1.786
GA,19,10,20,10210,26.289891314968827,100000,3.635
PSO,19,10,20,10210,30.914329217542445,100000,0.629
DE,19,10,20,10210,0.01943181975502739,100000,2.281
ABC,19,10,20,10210,56.17980105869833,100002,7.367
GWO,19,10,20,10210,11840.089818279106,100000,0.666
CMAES,19,10,20,10210,1.5425906366838262,13851,1.306
LSHADE,19,10,20,10210,2.2737367544323206e-13,100000,3.189
MSBO,19,10,21,10211,2.908567846794085,100002,1.628
GA,19,10,21,10211,1902.6244056963305,100000,3.428
PSO,19,10,21,10211,1009.5502529462292,100000,0.608
DE,19,10,21,10211,0.01943181975502739,100000,2.219
ABC,19,10,21,10211,369.9996280796504,100001,7.022
GWO,19,10,21,10211,24316.979999313877,100000,0.618
CMAES,19,10,21,10211,32.85146588142379,12201,1.179
LSHADE,19,10,21,10211,1.3642420526593924e-12,100000,3.368
MSBO,19,10,22,10212,11.574519101812939,100001,1.808
GA,19,10,22,10212,7772.001401234207,100000,3.576
PSO,19,10,22,10212,1145.0260004264715,100000,0.649
DE,19,10,22,10212,0.01943181975502739,100000,2.378
ABC,19,10,22,10212,54.53356361996248,100001,7.202
GWO,19,10,22,10212,872.6727381506271,100000,0.657
CMAES,19,10,22,10212,14.665683272729666,12981,1.331
LSHADE,19,10,22,10212,2.2737367544323206e-13,100000,3.223
MSBO,19,10,23,10213,5.0896033348155925,100001,1.678
GA,19,10,23,10213,10.007817723623702,100000,3.637
PSO,19,10,23,10213,9604.01756151601,100000,0.608
DE,19,10,23,10213,0.0,100000,2.234
ABC,19,10,23,10213,39.13188757750936,100001,7.323
GWO,19,10,23,10213,9553.873210710255,100000,0.654
CMAES,19,10,23,10213,2.953168617053734,9651,1.004
LSHADE,19,10,23,10213,0.03916116473578768,100000,3.353
MSBO,19,10,24,10214,4.3537365041390785,100002,1.67
GA,19,10,24,10214,250.5450958820329,100000,3.571
PSO,19,10,24,10214,22.161212468151234,100000,0.637
DE,19,10,24,10214,0.0,100000,2.283
ABC,19,10,24,10214,5.448111879362614,100001,7.027
GWO,19,10,24,10214,179990.32038868868,100000,0.673
CMAES,19,10,24,10214,66.7578253305212,8511,0.833
LSHADE,19,10,24,10214,7.912603905424476e-11,100000,3.532
MSBO,19,10,25,10215,3.57255330615817,100003,1.748
GA,19,10,25,10215,9419.55010329024,100000,3.565
PSO,19,10,25,10215,6036.103081889482,100000,0.652
DE,19,10,25,10215,0.01943181975502739,100000,2.295
ABC,19,10,25,10215,59.324418141958176,100000,7.147
GWO,19,10,25,10215,11065.438636020363,100000,0.639
CMAES,19,10,25,10215,82.28498040551744,18261,2.013
LSHADE,19,10,25,10215,0.019431819755254764,100000,3.376
MSBO,19,10,26,10216,3.0676489928830506,100002,1.763
GA,19,10,26,10216,26939.433199187326,100000,3.963
PSO,19,10,26,10216,646.3279385481228,100000,0.805
DE,19,10,26,10216,0.01943181975502739,100000,3.104
ABC,19,10,26,10216,248.21961850671187,100000,7.134
GWO,19,10,26,10216,14128.338866817488,100000,0.656
CMAES,19,10,26,10216,42.9687295661372,9011,0.838
LSHADE,19,10,26,10216,0.0,100000,3.23
MSBO,19,10,27,10217,6.836968748641311,100003,1.63
GA,19,10,27,10217,8189.935687945188,100000,3.524
PSO,19,10,27,10217,1479.144924101336,100000,0.646
DE,19,10,27,10217,0.03916116387699731,100000,2.306
ABC,19,10,27,10217,7.458515020433197,100000,7.256
GWO,19,10,27,10217,11883.825473383175,100000,0.685
CMAES,19,10,27,10217,19.281320642438914,12561,1.361
LSHADE,19,10,27,10217,2.2737367544323206e-13,100000,3.301
MSBO,19,10,28,10218,4.038191339264813,100001,1.627
GA,19,10,28,10218,8410.81185762543,100000,3.578
PSO,19,10,28,10218,494.3109528076675,100000,0.633
DE,19,10,28,10218,0.01943181975502739,100000,2.211
ABC,19,10,28,10218,46.93634471550217,100000,7.333
GWO,19,10,28,10218,17512.72823059735,100000,0.672
CMAES,19,10,28,10218,19.81874804266363,12921,1.302
LSHADE,19,10,28,10218,0.03916116387699731,100000,3.284
MSBO,19,10,29,10219,1.5326637000530354,100002,1.617
GA,19,10,29,10219,14342.177611602927,100000,3.608
PSO,19,10,29,10219,11390.811737022788,100000,0.639
DE,19,10,29,10219,0.019729344121969916,100000,2.327
ABC,19,10,29,10219,21.311408853787498,100001,7.212
GWO,19,10,29,10219,26502.68787902761,100000,0.667
CMAES,19,10,29,10219,8.554427721669981,11061,1.074
LSHADE,19,10,29,10219,0.0,100000,3.247
MSBO,19,10,30,10220,3.999191089030546,100002,1.686
GA,19,10,30,10220,2.846687549341368,100000,3.509
PSO,19,10,30,10220,3011.034819092618,100000,0.635
DE,19,10,30,10220,0.0,100000,2.32
ABC,19,10,30,10220,47.062137846764244,100000,7.376
GWO,19,10,30,10220,13318.582484029313,100000,0.688
CMAES,19,10,30,10220,36.34578270284828,10051,1.114
LSHADE,19,10,30,10220,4.547473508864641e-13,100000,3.427
MSBO,19,10,31,10221,2.9011883306282016,100002,1.652
GA,19,10,31,10221,13051.257135231112,100000,3.575
PSO,19,10,31,10221,10.965134324954988,100000,0.613
DE,19,10,31,10221,0.0,100000,2.23
ABC,19,10,31,10221,15.280576960833969,100000,6.991
GWO,19,10,31,10221,22285.01168761774,100000,0.656
CMAES,19,10,31,10221,43.79076802825148,10911,1.051
LSHADE,19,10,31,10221,0.009797326156103736,100000,3.339
MSBO,19,10,32,10222,2.517741317989703,100002,1.636
GA,19,10,32,10222,6761.9067636696855,100000,3.675
PSO,19,10,32,10222,31.24613417002979,100000,0.599
DE,19,10,32,10222,0.01943181975502739,100000,2.207
ABC,19,10,32,10222,64.73419079364726,100001,7.367
GWO,19,10,32,10222,1123.0091572529855,100000,0.664
CMAES,19,10,32,10222,18.805094670502058,8871,1.117
LSHADE,19,10,32,10222,0.019435541785469468,100000,3.378
MSBO,19,10,33,10223,3.220926972425559,100000,1.665
GA,19,10,33,10223,841.5197880346586,100000,3.438
PSO,19,10,33,10223,146.78814974626266,100000,0.618
DE,19,10,33,10223,0.0,100000,2.268
ABC,19,10,33,10223,5.873671257383194,100001,7.154
GWO,19,10,33,10223,8381.89838857566,100000,0.638
CMAES,19,10,33,10223,32.38779296261919,9101,0.954
LSHADE,19,10,33,10223,0.00014550739388141665,100000,3.333
MSBO,19,10,34,10224,1.8379189088068415,100000,1.625
GA,19,10,34,10224,4.581601960416265,100000,3.472
PSO,19,10,34,10224,783.6746187301187,100000,0.638
DE,19,10,34,10224,0.0,100000,2.241
ABC,19,10,34,10224,82.96994759317795,100001,7.191
GWO,19,10,34,10224,6360.230697741412,100000,0.64
CMAES,19,10,34,10224,3.007342845741505,12391,1.154
LSHADE,19,10,34,10224,0.019458243952612975,100000,3.309
MSBO,19,10,35,10225,4.48861872543489,100002,1.688
GA,19,10,35,10225,2150.936773837381,100000,3.594
PSO,19,10,35,10225,577.4575588589441,100000,0.651
DE,19,10,35,10225,0.0,100000,2.231
ABC,19,10,35,10225,97.71394661239401,100002,7.152
GWO,19,10,35,10225,167649.67328593164,100000,0.652
CMAES,19,10,35,10225,18.577199933471775,10561,1.012
LSHADE,19,10,35,10225,2.2737367544323206e-13,100000,3.448
MSBO,19,10,36,10226,2.0613636203340775,100002,1.699
GA,19,10,36,10226,1704.2567713742174,100000,3.644
PSO,19,10,36,10226,1718.1487724179096,100000,0.66
DE,19,10,36,10226,0.0,100000,2.316
ABC,19,10,36,10226,14.909612785124637,100000,7.567
GWO,19,10,36,10226,2742.8055079192727,100000,0.662
CMAES,19,10,36,10226,8.289299045822645,10961,1.153
LSHADE,19,10,36,10226,2.9299217658262933e-05,100000,3.491
MSBO,19,10,37,10227,1.9679160291632343,100003,1.69
GA,19,10,37,10227,1221.2184895169444,100000,3.667
PSO,19,10,37,10227,3523.608085521393,100000,0.629
DE,19,10,37,10227,0.0,100000,2.315
ABC,19,10,37,10227,60.57716282950173,100001,7.093
GWO,19,10,37,10227,21729.292561461578,100000,0.674
CMAES,19,10,37,10227,11.206945375067107,14481,1.52
LSHADE,19,10,37,10227,0.0005259603371996491,100000,3.372
MSBO,19,10,38,10228,1.4080334754908108,100002,1.76
GA,19,10,38,10228,798.9460596611384,100000,4.675
PSO,19,10,38,10228,1220.4983871345594,100000,0.631
DE,19,10,38,10228,0.0,100000,2.346
ABC,19,10,38,10228,80.82512921694274,100000,7.171
GWO,19,10,38,10228,14414.91124411726,100000,0.733
CMAES,19,10,38,10228,12.38769242022613,10501,1.013
LSHADE,19,10,38,10228,2.2737367544323206e-13,100000,3.24
MSBO,19,10,39,10229,0.9602000270228928,100002,1.601
GA,19,10,39,10229,771.6474746479034,100000,3.536
PSO,19,10,39,10229,3800.8295963208493,100000,0.645
DE,19,10,39,10229,0.01943181975502739,100000,2.524
ABC,19,10,39,10229,156.43980103445028,100001,7.339
GWO,19,10,39,10229,13025.85859867149,100000,0.692
CMAES,19,10,39,10229,22.95429813887199,12231,1.317
LSHADE,19,10,39,10229,0.0,100000,3.216
MSBO,19,10,40,10230,4.029416433096912,100002,1.718
GA,19,10,40,10230,45.50526567963266,100000,3.66
PSO,19,10,40,10230,425.01514229301165,100000,0.623
DE,19,10,40,10230,0.019729344121969916,100000,2.357
ABC,19,10,40,10230,29.882505144439392,100002,7.008
GWO,19,10,40,10230,24778.17559236558,100000,0.661
CMAES,19,10,40,10230,36.94953393347396,8921,0.947
LSHADE,19,10,40,10230,4.0517988963983953e-10,100000,3.502
MSBO,19,10,41,10231,8.182984738978348,100002,1.58
GA,19,10,41,10231,967.8268078678402,100000,3.548
PSO,19,10,41,10231,673.7264282647848,100000,0.643
DE,19,10,41,10231,0.019729344121969916,100000,2.345
ABC,19,10,41,10231,34.59473505939195,100000,7.182
GWO,19,10,41,10231,9029.987510309751,100000,0.654
CMAES,19,10,41,10231,7.816970105160408,13731,1.556
LSHADE,19,10,41,10231,0.019431819756391633,100000,3.357
MSBO,19,10,42,10232,4.337446119143124,100003,1.675
GA,19,10,42,10232,60.00999900719057,100000,3.549
PSO,19,10,42,10232,55.117756741523635,100000,0.654
DE,19,10,42,10232,0.01943181975502739,100000,2.34
ABC,19,10,42,10232,11.995701392624142,100001,7.026
GWO,19,10,42,10232,26123.13190414678,100000,0.687
CMAES,19,10,42,10232,4.019938651931852,13281,1.4
LSHADE,19,10,42,10232,0.0,100000,3.247
MSBO,19,10,43,10233,3.1507846443635117,100003,1.6
GA,19,10,43,10233,290.9645520188742,100000,3.618
PSO,19,10,43,10233,275.47751396955164,100000,0.648
DE,19,10,43,10233,0.0,100000,2.317
ABC,19,10,43,10233,80.00656355706406,100001,7.436
GWO,19,10,43,10233,7093.504610788066,100000,0.667
CMAES,19,10,43,10233,6.143781401602382,13301,1.338
LSHADE,19,10,43,10233,2.2737367544323206e-13,100000,3.418
MSBO,19,10,44,10234,2.943476247168064,100002,1.662
GA,19,10,44,10234,280.77317270531967,100000,3.639
PSO,19,10,44,10234,1468.6628163162254,100000,0.634
DE,19,10,44,10234,0.01943181975502739,100000,2.225
ABC,19,10,44,10234,302.1968287401651,100001,7.101
GWO,19,10,44,10234,457.4462959816901,100000,0.66
CMAES,19,10,44,10234,4.916301483528514,11161,1.042
LSHADE,19,10,44,10234,0.01943181975502739,100000,3.214
MSBO,19,10,45,10235,2.778310935980244,100003,1.796
GA,19,10,45,10235,67.4770129814101,100000,3.825
PSO,19,10,45,10235,17.31817427035253,100000,0.657
DE,19,10,45,10235,0.019729344121969916,100000,2.341
ABC,19,10,45,10235,198.42390243575392,100001,7.154
GWO,19,10,45,10235,1145.5903522485933,100000,0.665
CMAES,19,10,45,10235,54.674956493259515,9401,0.888
LSHADE,19,10,45,10235,0.01974298323148105,100000,3.183
MSBO,19,10,46,10236,3.1026035873703677,100001,1.601
GA,19,10,46,10236,459.82555053566693,100000,3.534
PSO,19,10,46,10236,1781.9025400731753,100000,0.607
DE,19,10,46,10236,0.0,100000,2.155
ABC,19,10,46,10236,2.8424413288862524,100002,7.081
GWO,19,10,46,10236,43321.652835573324,100000,0.654
CMAES,19,10,46,10236,21.042158121251077,10571,1.063
LSHADE,19,10,46,10236,0.0,100000,3.257
MSBO,19,10,47,10237,2.181353651877771,100001,1.781
GA,19,10,47,10237,229.05759561108925,100000,3.679
PSO,19,10,47,10237,213.72862158552107,100000,0.639
DE,19,10,47,10237,0.01943181975502739,100000,2.316
ABC,19,10,47,10237,78.90732156205172,100001,7.321
GWO,19,10,47,10237,685.6378528079813,100000,0.622
CMAES,19,10,47,10237,3.226545594600111,13891,1.373
LSHADE,19,10,47,10237,0.019431831094607332,100000,3.208
MSBO,19,10,48,10238,5.675635392498407,100001,1.739
GA,19,10,48,10238,41.20867324523124,100000,3.659
PSO,19,10,48,10238,1223.9519018789674,100000,0.645
DE,19,10,48,10238,0.01943181975502739,100000,2.333
ABC,19,10,48,10238,45.02642393947258,100000,7.262
GWO,19,10,48,10238,2260.7726171515733,100000,0.639
CMAES,19,10,48,10238,2.895934418663046,9191,0.9
LSHADE,19,10,48,10238,3.89150727642118e-07,100000,3.304
MSBO,19,10,49,10239,2.784989423827483,100003,1.666
GA,19,10,49,10239,6490.1025602663685,100000,3.492
PSO,19,10,49,10239,107.46080987630421,100000,0.612
DE,19,10,49,10239,0.0,100000,2.256
ABC,19,10,49,10239,13.914697834681874,100000,7.31
GWO,19,10,49,10239,1486.7524526260331,100000,0.675
CMAES,19,10,49,10239,12.909485832281916,11701,1.236
LSHADE,19,10,49,10239,2.2737367544323206e-13,100000,3.458
MSBO,19,10,50,10240,4.657929824082885,100000,1.755
GA,19,10,50,10240,5410.554059300205,100000,3.586
PSO,19,10,50,10240,1120.2098052462916,100000,0.649
DE,19,10,50,10240,0.0,100000,2.348
ABC,19,10,50,10240,53.524291671478295,100000,7.263
GWO,19,10,50,10240,11727.095952690943,100000,0.663
CMAES,19,10,50,10240,4.192723823085316,10831,1.119
LSHADE,19,10,50,10240,0.0,100000,3.454
MSBO,20,10,0,10200,3.981026641453809,100003,1.117
GA,20,10,0,10200,20.631743443830374,100000,3.209
PSO,20,10,0,10200,36.9141004943192,100000,0.183
DE,20,10,0,10200,0.31217325598140633,100000,1.817
ABC,20,10,0,10200,0.0004283814885184256,100000,6.877
GWO,20,10,0,10200,53.51916344183974,100000,0.246
CMAES,20,10,0,10200,48.107428054177035,9121,0.833
LSHADE,20,10,0,10200,0.0,100000,2.808
MSBO,20,10,1,10201,0.0006004658177971578,100002,1.02
GA,20,10,1,10201,21.31403528261785,100000,3.186
PSO,20,10,1,10201,17.148203511951806,100000,0.172
DE,20,10,1,10201,0.0,100000,1.931
ABC,20,10,1,10201,0.00024215047483266972,100000,6.76
GWO,20,10,1,10201,69.98399801883534,100000,0.249
CMAES,20,10,1,10201,68.98636406779042,6101,0.521
LSHADE,20,10,1,10201,0.0,100000,2.879
MSBO,20,10,2,10202,20.995412596478673,100003,1.013
GA,20,10,2,10202,20.337047616328846,100000,3.143
PSO,20,10,2,10202,61.10513280198711,100000,0.177
DE,20,10,2,10202,0.0,100000,1.839
ABC,20,10,2,10202,0.3294182880617882,100000,6.73
GWO,20,10,2,10202,117.69980963653006,100000,0.243
CMAES,20,10,2,10202,45.857981583002584,6501,0.663
LSHADE,20,10,2,10202,0.0,100000,2.904
MSBO,20,10,3,10203,0.0006647486395650049,100003,1.049
GA,20,10,3,10203,0.6303545969929019,100000,3.116
PSO,20,10,3,10203,40.211241952189084,100000,0.174
DE,20,10,3,10203,0.31217325598140633,100000,1.836
ABC,20,10,3,10203,0.3152637283972126,100000,6.728
GWO,20,10,3,10203,53.52586299809491,100000,0.241
CMAES,20,10,3,10203,50.149457460425765,9781,0.846
LSHADE,20,10,3,10203,0.0,100000,2.808
MSBO,20,10,4,10204,0.9957367375793638,100003,1.013
GA,20,10,4,10204,2.6697462086412997,100000,3.133
PSO,20,10,4,10204,205.20661503724978,100000,0.185
DE,20,10,4,10204,0.31217325598140633,100000,1.813
ABC,20,10,4,10204,0.9951268255572359,100000,6.703
GWO,20,10,4,10204,171.78846403867328,100000,0.269
CMAES,20,10,4,10204,39.059206396723994,9351,1.075
LSHADE,20,10,4,10204,0.0,100000,2.936
MSBO,20,10,5,10205,20.996177368255758,100000,1.002
GA,20,10,5,10205,1.4738808462179804,100000,3.102
PSO,20,10,5,10205,57.57448845877843,100000,0.185
DE,20,10,5,10205,0.0,100000,1.932
ABC,20,10,5,10205,2.0131569044679054e-05,100000,6.565
GWO,20,10,5,10205,53.52153354539587,100000,0.246
CMAES,20,10,5,10205,49.201615705706445,8451,0.812
LSHADE,20,10,5,10205,0.0,100000,2.847
MSBO,20,10,6,10206,3.980377170232714,100000,1.013
GA,20,10,6,10206,24.538672039965604,100000,3.175
PSO,20,10,6,10206,35.119322394677056,100000,0.189
DE,20,10,6,10206,0.31217325598140633,100000,1.895
ABC,20,10,6,10206,2.996453895320883e-05,100000,6.782
GWO,20,10,6,10206,119.62325995380934,100000,0.246
CMAES,20,10,6,10206,57.27509296812377,8731,0.808
LSHADE,20,10,6,10206,0.0,100000,2.753
MSBO,20,10,7,10207,0.9959216151312376,100002,1.058
GA,20,10,7,10207,1.3229902536590998,100000,3.248
PSO,20,10,7,10207,154.30291358586055,100000,0.183
DE,20,10,7,10207,0.6243465119628127,100000,1.837
ABC,20,10,7,10207,0.0025161720839150803,100000,6.647
GWO,20,10,7,10207,171.77452208215436,100000,0.233
CMAES,20,10,7,10207,177.66788472770077,6761,0.652
LSHADE,20,10,7,10207,0.0,100000,2.726
MSBO,20,10,8,10208,15.546587969841312,100002,0.973
GA,20,10,8,10208,138.44623515480225,100000,2.948
PSO,20,10,8,10208,28.954604479650243,100000,0.176
DE,20,10,8,10208,0.0,100000,1.817
ABC,20,10,8,10208,0.0017040166765127651,100000,6.464
GWO,20,10,8,10208,53.352314360464334,100000,0.239
CMAES,20,10,8,10208,159.28315951223613,7681,0.742
LSHADE,20,10,8,10208,0.0,100000,2.882
MSBO,20,10,9,10209,17.2077175072302,100002,0.966
GA,20,10,9,10209,18.078643855389373,100000,3.116
PSO,20,10,9,10209,46.17983590624203,100000,0.183
DE,20,10,9,10209,0.6243465119628127,100000,1.943
ABC,20,10,9,10209,0.009505765498033725,100000,6.732
GWO,20,10,9,10209,171.77599337098445,100000,0.232
CMAES,20,10,9,10209,40.21124815218786,9321,0.83
LSHADE,20,10,9,10209,0.0,100000,2.771
MSBO,20,10,10,10210,0.9955991965985049,100002,1.005
GA,20,10,10,10210,17.822878010781324,100000,3.037
PSO,20,10,10,10210,22.613168134461148,100000,0.173
DE,20,10,10,10210,0.31217325598140633,100000,1.779
ABC,20,10,10,10210,1.3076563661727505,100000,6.584
GWO,20,10,10,10210,63.504774696178174,100000,0.261
CMAES,20,10,10,10210,45.70381339483265,8861,1.113
LSHADE,20,10,10,10210,0.0,100000,2.878
MSBO,20,10,11,10211,4.570266565040356,100001,0.987
GA,20,10,11,10211,3.2271398286554813,100000,3.057
PSO,20,10,11,10211,200.31348487114155,100000,0.183
DE,20,10,11,10211,0.31217325598140633,100000,1.855
ABC,20,10,11,10211,0.020767232932257684,100000,6.635
GWO,20,10,11,10211,69.01880311755167,100000,0.25
CMAES,20,10,11,10211,74.34050095893053,10181,0.991
LSHADE,20,10,11,10211,0.0,100000,2.787
MSBO,20,10,12,10212,1.9904451035963575,100001,0.964
GA,20,10,12,10212,19.083712982561565,100000,3.042
PSO,20,10,12,10212,67.39715115395484,100000,0.175
DE,20,10,12,10212,0.0,100000,1.806
ABC,20,10,12,10212,2.4255890366475796e-05,100000,6.868
GWO,20,10,12,10212,94.0911450126273,100000,0.243
CMAES,20,10,12,10212,47.84635785750197,9021,0.743
LSHADE,20,10,12,10212,0.0,100000,4.246
MSBO,20,10,13,10213,0.00018995476966665592,100001,1.492
GA,20,10,13,10213,20.75723163407997,100000,3.1
PSO,20,10,13,10213,114.41743831769918,100000,0.172
DE,20,10,13,10213,0.0,100000,1.829
ABC,20,10,13,10213,1.30749406610812,100000,6.553
GWO,20,10,13,10213,71.26713469037531,100000,0.221
CMAES,20,10,13,10213,53.13137711370973,6501,0.606
LSHADE,20,10,13,10213,0.0,100000,2.686
MSBO,20,10,14,10214,0.4165167036292132,100003,0.978
GA,20,10,14,10214,122.39696865014321,100000,3.192
PSO,20,10,14,10214,41.00110096026151,100000,0.187
DE,20,10,14,10214,0.31217325598140633,100000,1.943
ABC,20,10,14,10214,1.8092336858899216e-05,100001,6.414
GWO,20,10,14,10214,72.83507929801681,100000,0.238
CMAES,20,10,14,10214,97.2446518598972,7001,0.707
LSHADE,20,10,14,10214,0.0,100000,2.767
MSBO,20,10,15,10215,0.0004964371503319853,100002,1.012
GA,20,10,15,10215,0.04776190464372121,100000,3.001
PSO,20,10,15,10215,158.30871726527175,100000,0.176
DE,20,10,15,10215,0.0,100000,1.826
ABC,20,10,15,10215,0.000657290114531861,100000,6.408
GWO,20,10,15,10215,61.253655708873794,100000,0.229
CMAES,20,10,15,10215,199.08812299216333,6201,0.577
LSHADE,20,10,15,10215,0.0,100000,2.594
MSBO,20,10,16,10216,0.9964063638469725,100003,1.004
GA,20,10,16,10216,140.84039757427354,100000,3.156
PSO,20,10,16,10216,145.67239051745491,100000,0.18
DE,20,10,16,10216,0.6243465119628127,100000,1.842
ABC,20,10,16,10216,0.00022740484291716712,100000,6.529
GWO,20,10,16,10216,161.1489434420737,100000,0.243
CMAES,20,10,16,10216,140.74042362801902,7931,0.672
LSHADE,20,10,16,10216,0.0,100000,2.894
MSBO,20,10,17,10217,0.0006268009012728726,100001,1.061
GA,20,10,17,10217,122.44392623569411,100000,3.156
PSO,20,10,17,10217,124.36721639323969,100000,0.173
DE,20,10,17,10217,0.9949590570931832,100000,1.932
ABC,20,10,17,10217,7.396734463327448e-05,100000,6.974
GWO,20,10,17,10217,97.64215864813832,100000,0.252
CMAES,20,10,17,10217,140.709821895628,7721,0.754
LSHADE,20,10,17,10217,0.0,100000,3.007
MSBO,20,10,18,10218,0.995600353814325,100000,1.06
GA,20,10,18,10218,21.31681174990763,100000,3.187
PSO,20,10,18,10218,28.584008908902433,100000,0.181
DE,20,10,18,10218,0.0,100000,1.89
ABC,20,10,18,10218,0.007247045427675403,100000,6.694
GWO,20,10,18,10218,108.3912534416636,100000,0.247
CMAES,20,10,18,10218,52.462835322994124,7811,0.751
LSHADE,20,10,18,10218,0.0,100000,2.863
MSBO,20,10,19,10219,1.9911367701351992,100002,1.037
GA,20,10,19,10219,143.32084635090177,100000,3.162
PSO,20,10,19,10219,27.959662348279835,100000,0.186
DE,20,10,19,10219,0.6243465119628127,100000,1.915
ABC,20,10,19,10219,0.00012112806052755332,100000,7.041
GWO,20,10,19,10219,53.52089292504115,100000,0.254
CMAES,20,10,19,10219,173.45501973182718,8761,0.898
LSHADE,20,10,19,10219,0.0,100000,2.816
MSBO,20,10,20,10220,0.9957955167628825,100002,1.039
GA,20,10,20,10220,20.027737493170434,100000,3.122
PSO,20,10,20,10220,148.69979173770753,100000,0.175
DE,20,10,20,10220,0.6243465119628127,100000,1.878
ABC,20,10,20,10220,0.3125629036519513,100000,6.894
GWO,20,10,20,10220,53.345083650233846,100000,0.244
CMAES,20,10,20,10220,170.89257808189768,10301,0.925
LSHADE,20,10,20,10220,0.0,100000,2.791
MSBO,20,10,21,10221,0.0008295499467294576,100000,1.001
GA,20,10,21,10221,0.02740553899070619,100000,2.973
PSO,20,10,21,10221,161.6256748608257,100000,0.17
DE,20,10,21,10221,0.0,100000,1.774
ABC,20,10,21,10221,0.3161924512503447,100000,6.772
GWO,20,10,21,10221,61.53765606369234,100000,0.225
CMAES,20,10,21,10221,119.12938424453205,6791,0.62
LSHADE,20,10,21,10221,0.0,100000,2.894
MSBO,20,10,22,10222,1.4039447046077385,100001,1.089
GA,20,10,22,10222,1.3260063668524253,100000,3.09
PSO,20,10,22,10222,76.2622951518938,100000,0.176
DE,20,10,22,10222,0.31217325598140633,100000,1.846
ABC,20,10,22,10222,0.3137568856695907,100000,6.737
GWO,20,10,22,10222,114.20308055309806,100000,0.239
CMAES,20,10,22,10222,37.46036004204052,6701,0.662
LSHADE,20,10,22,10222,0.0,100000,2.883
MSBO,20,10,23,10223,21.990705720326787,100003,1.022
GA,20,10,23,10223,1.3305136843839591,100000,3.274
PSO,20,10,23,10223,24.29163687610344,100000,0.193
DE,20,10,23,10223,0.31217325598140633,100000,1.964
ABC,20,10,23,10223,0.9961410943346891,100000,6.656
GWO,20,10,23,10223,171.78898843984643,100000,0.246
CMAES,20,10,23,10223,73.27855315501938,6601,0.611
LSHADE,20,10,23,10223,0.0,100000,2.73
MSBO,20,10,24,10224,1.9906635104550787,100001,0.989
GA,20,10,24,10224,0.030207992585928878,100000,3.045
PSO,20,10,24,10224,136.03951404364716,100000,0.177
DE,20,10,24,10224,0.31217325598140633,100000,1.867
ABC,20,10,24,10224,4.7069979927982786e-05,100000,6.492
GWO,20,10,24,10224,78.23166167601266,100000,0.251
CMAES,20,10,24,10224,151.66782423173208,10421,1.024
LSHADE,20,10,24,10224,0.0,100000,2.815
MSBO,20,10,25,10225,0.9957221152119473,100003,1.152
GA,20,10,25,10225,1.6346131949803748,100000,3.169
PSO,20,10,25,10225,22.29260617601153,100000,0.171
DE,20,10,25,10225,0.31217325598140633,100000,1.909
ABC,20,10,25,10225,0.017231022824944375,100000,6.717
GWO,20,10,25,10225,69.57236448747699,100000,0.24
CMAES,20,10,25,10225,104.17655718442074,8801,0.896
LSHADE,20,10,25,10225,0.0,100000,2.863
MSBO,20,10,26,10226,0.0003031733399438963,100000,1.106
GA,20,10,26,10226,21.31791278666651,100000,3.177
PSO,20,10,26,10226,45.711820942450686,100000,0.178
DE,20,10,26,10226,0.31217325598140633,100000,1.822
ABC,20,10,26,10226,2.9640932552865706e-07,100000,6.805
GWO,20,10,26,10226,75.3936473547733,100000,0.278
CMAES,20,10,26,10226,45.18598938525474,9661,0.984
LSHADE,20,10,26,10226,0.0,100000,2.894
MSBO,20,10,27,10227,0.0008561851127524278,100003,1.016
GA,20,10,27,10227,21.005870472966762,100000,3.14
PSO,20,10,27,10227,46.300948537408885,100000,0.182
DE,20,10,27,10227,0.0,100000,1.916
ABC,20,10,27,10227,0.0002834511958553776,100000,6.531
GWO,20,10,27,10227,60.69086979861595,100000,0.232
CMAES,20,10,27,10227,61.2215960870285,7431,0.674
LSHADE,20,10,27,10227,0.0,100000,2.774
MSBO,20,10,28,10228,0.9962503405865846,100003,1.008
GA,20,10,28,10228,121.38760166463817,100000,3.104
PSO,20,10,28,10228,30.573965192687183,100000,0.185
DE,20,10,28,10228,0.31217325598140633,100000,1.836
ABC,20,10,28,10228,7.084292224135424e-05,100000,7.058
GWO,20,10,28,10228,130.58198648359803,100000,0.257
CMAES,20,10,28,10228,48.47164846279111,9911,0.974
LSHADE,20,10,28,10228,0.0,100000,2.874
MSBO,20,10,29,10229,1.9902930249816109,100000,1.019
GA,20,10,29,10229,21.351312194759203,100000,3.064
PSO,20,10,29,10229,41.773969380505605,100000,0.175
DE,20,10,29,10229,0.0,100000,1.796
ABC,20,10,29,10229,0.3166418240946314,100000,6.521
GWO,20,10,29,10229,157.37476550386555,100000,0.234
CMAES,20,10,29,10229,36.15324433932801,8191,0.746
LSHADE,20,10,29,10229,0.0,100000,2.809
MSBO,20,10,30,10230,0.9960163133453079,100003,0.98
GA,20,10,30,10230,22.001024789781468,100000,3.146
PSO,20,10,30,10230,188.70673056831674,100000,0.184
DE,20,10,30,10230,0.0,100000,1.914
ABC,20,10,30,10230,0.014516021620693209,100000,6.584
GWO,20,10,30,10230,123.61951854935614,100000,0.24
CMAES,20,10,30,10230,141.3823441867894,8861,0.884
LSHADE,20,10,30,10230,0.0,100000,3.005
MSBO,20,10,31,10231,17.332681116987033,100002,0.982
GA,20,10,31,10231,21.997141407862273,100000,3.065
PSO,20,10,31,10231,154.5324266868006,100000,0.192
DE,20,10,31,10231,1.3071323130745895,100000,1.853
ABC,20,10,31,10231,0.9990893757731101,100000,6.61
GWO,20,10,31,10231,171.7660601771522,100000,0.239
CMAES,20,10,31,10231,140.645092921,8171,0.841
LSHADE,20,10,31,10231,0.0,100000,2.792
MSBO,20,10,32,10232,14.163484761817017,100000,1.023
GA,20,10,32,10232,3.763674871907142,100000,3.288
PSO,20,10,32,10232,141.69448992342268,100000,0.193
DE,20,10,32,10232,0.0,100000,1.88
ABC,20,10,32,10232,1.3398961230921032,100000,6.608
GWO,20,10,32,10232,55.4868062900955,100000,0.252
CMAES,20,10,32,10232,82.84345278818773,6801,0.7
LSHADE,20,10,32,10232,0.0,100000,2.808
MSBO,20,10,33,10233,0.995869223796717,100003,1.024
GA,20,10,33,10233,1.1565399450851146,100000,3.075
PSO,20,10,33,10233,25.598266030634022,100000,0.163
DE,20,10,33,10233,0.0,100000,1.8
ABC,20,10,33,10233,0.9950440362390509,100000,6.484
GWO,20,10,33,10233,65.43610534956179,100000,0.235
CMAES,20,10,33,10233,309.43147888638487,9621,0.963
LSHADE,20,10,33,10233,0.0,100000,2.882
MSBO,20,10,34,10234,0.0008284915254535008,100002,1.118
GA,20,10,34,10234,1.0065254051826287,100000,3.259
PSO,20,10,34,10234,62.853774782537585,100000,0.178
DE,20,10,34,10234,0.31217325598140633,100000,1.936
ABC,20,10,34,10234,0.004836966780430885,100000,6.685
GWO,20,10,34,10234,53.33746878827651,100000,0.246
CMAES,20,10,34,10234,151.68493898531688,10021,0.983
LSHADE,20,10,34,10234,0.0,100000,2.819
MSBO,20,10,35,10235,1.9904900385884048,100003,0.995
GA,20,10,35,10235,2.63581585001225,100000,3.04
PSO,20,10,35,10235,23.97981132879545,100000,0.17
DE,20,10,35,10235,0.31217325598140633,100000,1.868
ABC,20,10,35,10235,0.9949598404089102,100000,6.934
GWO,20,10,35,10235,171.770956370387,100000,0.253
CMAES,20,10,35,10235,170.8924989888951,9771,1.102
LSHADE,20,10,35,10235,0.0,100000,3.066
MSBO,20,10,36,10236,21.85869623524036,100000,1.056
GA,20,10,36,10236,1.3298984432169618,100000,3.072
PSO,20,10,36,10236,89.61979800997506,100000,0.19
DE,20,10,36,10236,0.6243465119628127,100000,1.876
ABC,20,10,36,10236,0.0002339545908398577,100000,6.782
GWO,20,10,36,10236,171.78461476007487,100000,0.247
CMAES,20,10,36,10236,52.05184601079509,6511,0.637
LSHADE,20,10,36,10236,0.0,100000,2.839
MSBO,20,10,37,10237,20.960884158834688,100001,1.008
GA,20,10,37,10237,0.3244709530363252,100000,3.008
PSO,20,10,37,10237,46.203764370485715,100000,0.21
DE,20,10,37,10237,0.31217325598140633,100000,1.849
ABC,20,10,37,10237,1.3113806164558355,100000,6.979
GWO,20,10,37,10237,169.27899477165784,100000,0.242
CMAES,20,10,37,10237,57.67148247253044,6901,0.617
LSHADE,20,10,37,10237,0.0,100000,2.98
MSBO,20,10,38,10238,0.9958679971291531,100003,1.083
GA,20,10,38,10238,6.785010897799111,100000,3.141
PSO,20,10,38,10238,42.23214840719538,100000,0.181
DE,20,10,38,10238,0.31217325598140633,100000,1.932
ABC,20,10,38,10238,0.0901681177640512,100000,7.012
GWO,20,10,38,10238,66.32690620437825,100000,0.238
CMAES,20,10,38,10238,41.1952195699464,8841,0.747
LSHADE,20,10,38,10238,0.0,100000,2.802
MSBO,20,10,39,10239,20.99543279589375,100003,0.949
GA,20,10,39,10239,2.36507442951347,100000,3.095
PSO,20,10,39,10239,199.96932851512565,100000,0.189
DE,20,10,39,10239,0.31217325598140633,100000,1.838
ABC,20,10,39,10239,0.00633657513367325,100000,6.57
GWO,20,10,39,10239,53.51911115651501,100000,0.241
CMAES,20,10,39,10239,40.82552943040105,9901,0.954
LSHADE,20,10,39,10239,0.0,100000,2.862
MSBO,20,10,40,10240,0.0013706629149510263,100003,1.012
GA,20,10,40,10240,21.637730987204577,100000,3.042
PSO,20,10,40,10240,61.63080868822772,100000,0.219
DE,20,10,40,10240,0.31217325598140633,100000,1.832
ABC,20,10,40,10240,0.9957422432330532,100000,6.534
GWO,20,10,40,10240,68.24658935378966,100000,0.234
CMAES,20,10,40,10240,21.307132467862402,10121,0.879
LSHADE,20,10,40,10240,0.0,100000,2.731
MSBO,20,10,41,10241,0.0007701523365994944,100003,1.118
GA,20,10,41,10241,18.16941345516966,100000,3.106
PSO,20,10,41,10241,29.937631356943257,100000,0.159
DE,20,10,41,10241,0.0,100000,1.896
ABC,20,10,41,10241,1.2657656135343132,100000,7.305
GWO,20,10,41,10241,95.1561970579346,100000,0.324
CMAES,20,10,41,10241,35.0430531116142,6281,0.732
LSHADE,20,10,41,10241,0.0,100000,2.79
MSBO,20,10,42,10242,0.0005030399127008423,100001,0.99
GA,20,10,42,10242,1.9994121394099693,100000,3.267
PSO,20,10,42,10242,20.445248901394052,100000,0.176
DE,20,10,42,10242,0.6243465119628127,100000,1.917
ABC,20,10,42,10242,3.3758576137188356e-05,100000,6.462
GWO,20,10,42,10242,90.22317487957343,100000,0.262
CMAES,20,10,42,10242,64.77259356614877,8671,0.855
LSHADE,20,10,42,10242,0.0,100000,2.844
MSBO,20,10,43,10243,2.3028616181086363,100003,1.031
GA,20,10,43,10243,21.638562230758907,100000,3.098
PSO,20,10,43,10243,22.302079592491737,100000,0.193
DE,20,10,43,10243,0.0,100000,1.878
ABC,20,10,43,10243,0.624510028102577,100000,6.297
GWO,20,10,43,10243,162.60829930123782,100000,0.239
CMAES,20,10,43,10243,41.812537036300455,10071,0.946
LSHADE,20,10,43,10243,0.0,100000,2.84
MSBO,20,10,44,10244,21.99031073055994,100000,1.008
GA,20,10,44,10244,21.314931031948163,100000,3.258
PSO,20,10,44,10244,151.68540991094096,100000,0.195
DE,20,10,44,10244,0.0,100000,1.929
ABC,20,10,44,10244,0.3130771440225999,100000,6.83
GWO,20,10,44,10244,80.94535572238783,100000,0.246
CMAES,20,10,44,10244,21.619305551882917,10061,0.98
LSHADE,20,10,44,10244,0.0,100000,2.727
MSBO,20,10,45,10245,0.9957045911323803,100000,1.017
GA,20,10,45,10245,20.035722964436218,100000,3.025
PSO,20,10,45,10245,49.83353917064369,100000,0.168
DE,20,10,45,10245,0.31217325598140633,100000,1.762
ABC,20,10,45,10245,1.3075499047861285,100000,6.616
GWO,20,10,45,10245,77.98490674726645,100000,0.245
CMAES,20,10,45,10245,150.33491150598365,9701,0.905
LSHADE,20,10,45,10245,0.0,100000,2.71
MSBO,20,10,46,10246,5.28774657352028,100000,0.971
GA,20,10,46,10246,119.44749685385523,100000,3.034
PSO,20,10,46,10246,143.31217964839107,100000,0.17
DE,20,10,46,10246,0.0,100000,1.903
ABC,20,10,46,10246,0.9949683241768525,100000,6.97
GWO,20,10,46,10246,76.15279500448469,100000,0.228
CMAES,20,10,46,10246,167.81286532374497,7701,0.701
LSHADE,20,10,46,10246,0.0,100000,2.71
MSBO,20,10,47,10247,0.0005103843120650708,100000,1.016
GA,20,10,47,10247,0.0555300073278886,100000,3.12
PSO,20,10,47,10247,42.356236335050426,100000,0.183
DE,20,10,47,10247,0.31217325598140633,100000,1.837
ABC,20,10,47,10247,0.07253968227587393,100000,6.36
GWO,20,10,47,10247,104.65467294918108,100000,0.234
CMAES,20,10,47,10247,66.3756798007962,6401,0.641
LSHADE,20,10,47,10247,0.0,100000,2.668
MSBO,20,10,48,10248,0.9955442171269624,100000,0.986
GA,20,10,48,10248,21.957178231392618,100000,3.198
PSO,20,10,48,10248,101.77430206332747,100000,0.191
DE,20,10,48,10248,0.0,100000,1.843
ABC,20,10,48,10248,0.0029404494425762095,100000,6.645
GWO,20,10,48,10248,52.70918464077158,100000,0.249
CMAES,20,10,48,10248,116.05997031172046,8301,0.758
LSHADE,20,10,48,10248,0.0,100000,2.729
MSBO,20,10,49,10249,8.05993448634581,100002,0.995
GA,20,10,49,10249,21.36004250034898,100000,2.954
PSO,20,10,49,10249,48.7943707719387,100000,0.17
DE,20,10,49,10249,0.31217325598140633,100000,1.759
ABC,20,10,49,10249,0.9949788401081605,100000,6.499
GWO,20,10,49,10249,53.34235516969011,100000,0.252
CMAES,20,10,49,10249,101.68096827845375,7201,0.657
LSHADE,20,10,49,10249,0.0,100000,2.907
MSBO,20,10,50,10250,20.97624821875729,100001,1.102
GA,20,10,50,10250,1.0172343761566935,100000,3.144
PSO,20,10,50,10250,150.3369333703631,100000,0.177
DE,20,10,50,10250,0.0,100000,1.832
ABC,20,10,50,10250,1.3090322312064018,100000,6.989
GWO,20,10,50,10250,84.7099798475142,100000,0.236
CMAES,20,10,50,10250,41.745267982030555,7291,0.69
LSHADE,20,10,50,10250,0.0,100000,2.969
MSBO,21,10,15,10225,204.6690551341744,100000,1.074
GA,21,10,15,10225,237.69531560899622,100000,3.261
PSO,21,10,15,10225,235.40886410022858,100000,0.139
DE,21,10,15,10225,100.0,100000,1.857
ABC,21,10,15,10225,114.86279129469449,100001,6.488
GWO,21,10,15,10225,236.50660283592106,100000,0.221
CMAES,21,10,15,10225,206.19423227372818,4751,0.554
LSHADE,21,10,15,10225,100.30427080517666,100000,2.95
MSBO,21,10,16,10226,100.00001796898277,100003,1.186
GA,21,10,16,10226,100.0321542283209,100000,3.244
PSO,21,10,16,10226,100.00000000000045,100000,0.146
DE,21,10,16,10226,100.0,100000,2.029
ABC,21,10,16,10226,116.51224981061387,100000,6.832
GWO,21,10,16,10226,239.80356670686479,100000,0.21
CMAES,21,10,16,10226,223.5467371913569,3441,0.351
LSHADE,21,10,16,10226,205.31508209947833,100000,2.977
MSBO,21,10,17,10227,206.20692388318366,100002,1.04
GA,21,10,17,10227,229.86326996715388,100000,3.055
PSO,21,10,17,10227,217.6322229424327,100000,0.14
DE,21,10,17,10227,206.07971747177544,100000,1.834
ABC,21,10,17,10227,105.31275096025274,100004,7.129
GWO,21,10,17,10227,231.38139755482553,100000,0.204
CMAES,21,10,17,10227,215.81352456328432,3831,0.35
LSHADE,21,10,17,10227,115.65098494493304,100000,2.913
MSBO,21,10,18,10228,100.0000127686958,100002,1.177
GA,21,10,18,10228,101.65380148967051,100000,3.238
PSO,21,10,18,10228,216.56974559606806,100000,0.131
DE,21,10,18,10228,100.0,100000,1.848
ABC,21,10,18,10228,113.08582996569658,100002,6.838
GWO,21,10,18,10228,227.08503660296583,100000,0.218
CMAES,21,10,18,10228,217.08829258017795,3031,0.25
LSHADE,21,10,18,10228,202.75901922348476,100000,2.859
MSBO,21,10,19,10229,100.00001906935722,100000,1.195
GA,21,10,19,10229,100.00371162712008,100000,3.168
PSO,21,10,19,10229,100.00000000000045,100000,0.139
DE,21,10,19,10229,100.0,100000,1.909
ABC,21,10,19,10229,108.34876240434187,100002,7.46
GWO,21,10,19,10229,238.65019834178884,100000,0.214
CMAES,21,10,19,10229,205.19178520201785,3511,0.318
LSHADE,21,10,19,10229,202.99968433025697,100000,2.954
MSBO,21,10,20,10230,100.00001260426507,100003,1.611
GA,21,10,20,10230,242.0861381936279,100000,4.163
PSO,21,10,20,10230,102.82553671419555,100000,0.222
DE,21,10,20,10230,207.65125491146364,100000,2.614
ABC,21,10,20,10230,123.36788921116204,100005,6.381
GWO,21,10,20,10230,227.12091474538693,100000,0.207
CMAES,21,10,20,10230,217.1041087526928,4141,0.396
LSHADE,21,10,20,10230,207.26008322511552,100000,2.846
MSBO,21,10,21,10231,100.00000949694004,100001,1.261
GA,21,10,21,10231,102.517192558244,100000,3.111
PSO,21,10,21,10231,221.186069661675,100000,0.129
DE,21,10,21,10231,206.4278738090311,100000,1.777
ABC,21,10,21,10231,112.84627355244993,100003,6.508
GWO,21,10,21,10231,232.22745874273005,100000,0.208
CMAES,21,10,21,10231,221.3731676026714,3411,0.295
LSHADE,21,10,21,10231,100.00339682989033,100000,2.806
MSBO,21,10,22,10232,100.00002116273572,100003,1.147
GA,21,10,22,10232,222.13075983518956,100000,2.954
PSO,21,10,22,10232,239.10377593468502,100000,0.137
DE,21,10,22,10232,209.484380814386,100000,1.735
ABC,21,10,22,10232,112.33831900807945,100003,6.467
GWO,21,10,22,10232,234.577392438689,100000,0.21
CMAES,21,10,22,10232,214.67526261733155,3281,0.311
LSHADE,21,10,22,10232,102.13645675828093,100000,2.945
MSBO,21,10,23,10233,100.25579057575669,100003,1.09
GA,21,10,23,10233,218.87005806065417,100000,3.271
PSO,21,10,23,10233,215.11158242480906,100000,0.132
DE,21,10,23,10233,214.41007883491693,100000,1.861
ABC,21,10,23,10233,131.9319000923142,100004,6.541
GWO,21,10,23,10233,236.25436262157473,100000,0.212
CMAES,21,10,23,10233,223.4025321630579,2961,0.28
LSHADE,21,10,23,10233,105.60692798078526,100000,2.765
MSBO,21,10,24,10234,100.00001111043503,100002,1.17
GA,21,10,24,10234,217.28561999118756,100000,3.155
PSO,21,10,24,10234,222.94978438819862,100000,0.138
DE,21,10,24,10234,207.9202575332124,100000,1.874
ABC,21,10,24,10234,109.40548830685975,100001,6.597
GWO,21,10,24,10234,231.33230951788482,100000,0.214
CMAES,21,10,24,10234,224.5328265788421,3361,0.289
LSHADE,21,10,24,10234,204.7729712905334,100000,2.831
MSBO,21,10,25,10235,100.00001009330936,100000,1.154
GA,21,10,25,10235,101.61520068091932,100000,3.047
PSO,21,10,25,10235,222.51920478459033,100000,0.148
DE,21,10,25,10235,207.78091450818465,100000,1.811
ABC,21,10,25,10235,113.10301441334286,100003,6.499
GWO,21,10,25,10235,229.2651683036097,100000,0.201
CMAES,21,10,25,10235,209.633987769962,3861,0.338
LSHADE,21,10,25,10235,205.9304566951223,100000,2.758
MSBO,21,10,26,10236,100.0000164152716,100003,1.1
GA,21,10,26,10236,238.28804336818166,100000,2.946
PSO,21,10,26,10236,220.19670489489,100000,0.139
DE,21,10,26,10236,215.49516794308101,100000,1.781
ABC,21,10,26,10236,118.56747802292921,100003,6.718
GWO,21,10,26,10236,242.37673686854123,100000,0.211
CMAES,21,10,26,10236,215.3679178329121,3511,0.28
LSHADE,21,10,26,10236,203.3086315741266,100000,2.801
MSBO,21,10,27,10237,100.00001837796799,100003,1.169
GA,21,10,27,10237,100.13308302284213,100000,3.045
PSO,21,10,27,10237,100.00000000000045,100000,0.16
DE,21,10,27,10237,100.0,100000,1.882
ABC,21,10,27,10237,113.20433678670906,100001,6.878
GWO,21,10,27,10237,235.46296601262293,100000,0.197
CMAES,21,10,27,10237,216.2425818527513,3941,0.33
LSHADE,21,10,27,10237,100.00000000023147,100000,2.724
MSBO,21,10,28,10238,100.00001730169743,100001,1.133
GA,21,10,28,10238,100.0039085221847,100000,2.963
PSO,21,10,28,10238,220.5264157131569,100000,0.131
DE,21,10,28,10238,100.0,100000,1.808
ABC,21,10,28,10238,107.6691422279896,100002,6.863
GWO,21,10,28,10238,229.09853853069353,100000,0.208
CMAES,21,10,28,10238,213.2983345875441,3001,0.289
LSHADE,21,10,28,10238,204.16583232024232,100000,2.914
MSBO,21,10,29,10239,100.0000192428538,100000,1.108
GA,21,10,29,10239,216.823798594216,100000,3.024
PSO,21,10,29,10239,224.4211190514743,100000,0.141
DE,21,10,29,10239,214.4413899475012,100000,1.862
ABC,21,10,29,10239,112.30435659206114,100003,6.547
GWO,21,10,29,10239,238.5707213946789,100000,0.215
CMAES,21,10,29,10239,207.72578801825875,3801,0.358
LSHADE,21,10,29,10239,100.00000000003911,100000,2.763
MSBO,21,10,30,10240,203.64307627803555,100002,1.008
GA,21,10,30,10240,232.6604606813271,100000,2.999
PSO,21,10,30,10240,222.53366233277302,100000,0.136
DE,21,10,30,10240,207.67317475031768,100000,1.842
ABC,21,10,30,10240,111.08514935917037,100002,6.788
GWO,21,10,30,10240,235.96726116621358,100000,0.207
CMAES,21,10,30,10240,215.29068132536122,3651,0.298
LSHADE,21,10,30,10240,204.4945127509136,100000,2.909
MSBO,21,10,31,10241,100.00001673348015,100001,1.095
GA,21,10,31,10241,219.67399569160852,100000,2.994
PSO,21,10,31,10241,213.8484927330478,100000,0.142
DE,21,10,31,10241,214.99695574636326,100000,1.857
ABC,21,10,31,10241,110.11918862656421,100002,6.539
GWO,21,10,31,10241,237.40085805054196,100000,0.209
CMAES,21,10,31,10241,214.35740225939844,4551,0.429
LSHADE,21,10,31,10241,100.00000000001864,100000,2.825
MSBO,21,10,32,10242,208.53970146232132,100002,1.032
GA,21,10,32,10242,239.93859879706906,100000,3.281
PSO,21,10,32,10242,242.43759894050254,100000,0.146
DE,21,10,32,10242,100.0,100000,1.883
ABC,21,10,32,10242,107.67670155773112,100003,6.701
GWO,21,10,32,10242,225.5899852494913,100000,0.226
CMAES,21,10,32,10242,216.32872436748812,3671,0.369
LSHADE,21,10,32,10242,100.10812755034294,100000,2.891
MSBO,21,10,33,10243,156.79702897947163,100003,1.001
GA,21,10,33,10243,232.6980695134016,100000,2.93
PSO,21,10,33,10243,212.47621536982615,100000,0.135
DE,21,10,33,10243,211.40093464589154,100000,1.91
ABC,21,10,33,10243,114.74621823296548,100002,6.586
GWO,21,10,33,10243,228.55241077241863,100000,0.198
CMAES,21,10,33,10243,217.15070726862905,3781,0.296
LSHADE,21,10,33,10243,204.1870411465011,100000,2.721
MSBO,21,10,34,10244,100.00001903951761,100003,1.18
GA,21,10,34,10244,223.08030690867645,100000,3.197
PSO,21,10,34,10244,214.36557060485666,100000,0.144
DE,21,10,34,10244,208.92484077861036,100000,1.836
ABC,21,10,34,10244,116.85582750721414,100003,6.53
GWO,21,10,34,10244,236.87241365715954,100000,0.207
CMAES,21,10,34,10244,221.29910598631432,3791,0.342
LSHADE,21,10,34,10244,204.5768779160653,100000,2.883
MSBO,21,10,35,10245,100.00001472059148,100000,1.097
GA,21,10,35,10245,240.35914529401953,100000,3.426
PSO,21,10,35,10245,212.88803267020558,100000,0.228
DE,21,10,35,10245,215.19474552573365,100000,2.919
ABC,21,10,35,10245,118.1918229130697,100001,6.621
GWO,21,10,35,10245,235.966392887055,100000,0.224
CMAES,21,10,35,10245,211.84543676362136,3181,0.36
LSHADE,21,10,35,10245,102.87272881467197,100000,2.94
MSBO,21,10,36,10246,100.00001282674202,100002,1.105
GA,21,10,36,10246,213.51598204641596,100000,3.005
PSO,21,10,36,10246,220.94310686351218,100000,0.133
DE,21,10,36,10246,211.41758386628362,100000,1.783
ABC,21,10,36,10246,110.54057038339761,100001,6.775
GWO,21,10,36,10246,237.28267754599165,100000,0.206
CMAES,21,10,36,10246,214.39932913763232,3171,0.26
LSHADE,21,10,36,10246,207.94005745564164,100000,2.959
MSBO,21,10,37,10247,205.6807506719747,100003,1.047
GA,21,10,37,10247,239.40449232927176,100000,3.057
PSO,21,10,37,10247,238.76998791808,100000,0.136
DE,21,10,37,10247,205.01926158965034,100000,1.954
ABC,21,10,37,10247,123.24436633809137,100001,6.768
GWO,21,10,37,10247,237.87615264457872,100000,0.214
CMAES,21,10,37,10247,217.19370589211485,3651,0.364
LSHADE,21,10,37,10247,100.000000000015,100000,2.879
MSBO,21,10,38,10248,100.00001584361235,100000,1.133
GA,21,10,38,10248,249.30506560284311,100000,3.049
PSO,21,10,38,10248,233.13051937033197,100000,0.134
DE,21,10,38,10248,100.0,100000,1.749
ABC,21,10,38,10248,118.12226152550875,100001,6.529
GWO,21,10,38,10248,230.73447674408544,100000,0.204
CMAES,21,10,38,10248,206.22038299778796,3501,0.334
LSHADE,21,10,38,10248,100.00157236113591,100000,2.785
MSBO,21,10,39,10249,100.12063955294798,100001,0.975
GA,21,10,39,10249,239.9960503756488,100000,3.004
PSO,21,10,39,10249,221.8592836933194,100000,0.137
DE,21,10,39,10249,100.0,100000,1.751
ABC,21,10,39,10249,114.00399091921417,100001,6.659
GWO,21,10,39,10249,229.26449088789332,100000,0.202
CMAES,21,10,39,10249,216.50245877806128,3021,0.284
LSHADE,21,10,39,10249,205.93174564896435,100000,2.743
MSBO,21,10,40,10250,100.0000140416164,100003,1.146
GA,21,10,40,10250,214.84576109100453,100000,3.267
PSO,21,10,40,10250,214.69389013375303,100000,0.14
DE,21,10,40,10250,100.0,100000,1.837
ABC,21,10,40,10250,116.19915220532812,100005,6.63
GWO,21,10,40,10250,232.61679582823035,100000,0.212
CMAES,21,10,40,10250,233.08632620358094,3471,0.291
LSHADE,21,10,40,10250,206.14697994188418,100000,2.76
MSBO,21,10,41,10251,100.00001924193975,100003,1.116
GA,21,10,41,10251,218.84654528522924,100000,3.167
PSO,21,10,41,10251,216.879672245449,100000,0.178
DE,21,10,41,10251,206.3242543221163,100000,1.875
ABC,21,10,41,10251,112.21144909221857,100005,6.716
GWO,21,10,41,10251,232.85754495218316,100000,0.236
CMAES,21,10,41,10251,226.31263002939158,3561,0.32
LSHADE,21,10,41,10251,102.48951442301768,100000,2.927
MSBO,21,10,42,10252,100.0000084664548,100000,1.21
GA,21,10,42,10252,251.74994519448182,100000,3.071
PSO,21,10,42,10252,229.75153637446465,100000,0.147
DE,21,10,42,10252,207.47924402074386,100000,1.875
ABC,21,10,42,10252,105.86634043545473,100002,6.43
GWO,21,10,42,10252,229.21488301714044,100000,0.195
CMAES,21,10,42,10252,220.95567926107196,3231,0.29
LSHADE,21,10,42,10252,100.00000000000728,100000,2.911
MSBO,21,10,43,10253,103.89313214789627,100002,1.032
GA,21,10,43,10253,228.50989321924862,100000,3.175
PSO,21,10,43,10253,217.12937481503513,100000,0.145
DE,21,10,43,10253,208.3725639585764,100000,1.924
ABC,21,10,43,10253,113.25598666989299,100003,6.704
GWO,21,10,43,10253,230.9541186215788,100000,0.212
CMAES,21,10,43,10253,217.1244579154354,3491,0.336
LSHADE,21,10,43,10253,204.75683951302244,100000,2.917
MSBO,21,10,44,10254,100.00001892433602,100001,1.157
GA,21,10,44,10254,233.43225056656593,100000,3.05
PSO,21,10,44,10254,210.83782012558368,100000,0.127
DE,21,10,44,10254,205.1988683906011,100000,1.844
ABC,21,10,44,10254,108.41954452231494,100002,6.706
GWO,21,10,44,10254,227.58773367512003,100000,0.212
CMAES,21,10,44,10254,229.04392166055914,3561,0.349
LSHADE,21,10,44,10254,203.08003676949875,100000,2.993
MSBO,21,10,45,10255,100.00001441984296,100002,1.275
GA,21,10,45,10255,249.51087097861955,100000,3.215
PSO,21,10,45,10255,214.70988286181637,100000,0.129
DE,21,10,45,10255,208.75363375275947,100000,1.811
ABC,21,10,45,10255,112.88559282447068,100004,6.649
GWO,21,10,45,10255,228.98545488859418,100000,0.21
CMAES,21,10,45,10255,219.59494986847312,3611,0.355
LSHADE,21,10,45,10255,100.00000000000091,100000,2.764
MSBO,21,10,46,10256,100.00001775022247,100000,1.118
GA,21,10,46,10256,233.12547544817426,100000,3.055
PSO,21,10,46,10256,228.43824628169386,100000,0.149
DE,21,10,46,10256,210.4608145333209,100000,1.915
ABC,21,10,46,10256,117.49033925924641,100001,6.788
GWO,21,10,46,10256,228.28162841681478,100000,0.21
CMAES,21,10,46,10256,210.58616202513804,3351,0.266
LSHADE,21,10,46,10256,204.29596910894452,100000,2.908
MSBO,21,10,47,10257,100.00002059803137,100002,1.17
GA,21,10,47,10257,239.77768907741847,100000,3.102
PSO,21,10,47,10257,102.19993236930713,100000,0.138
DE,21,10,47,10257,205.3899312702215,100000,1.773
ABC,21,10,47,10257,118.42302214038637,100003,6.59
GWO,21,10,47,10257,234.41623778043913,100000,0.207
CMAES,21,10,47,10257,220.1843091892606,3361,0.278
LSHADE,21,10,47,10257,206.67519384776097,100000,2.742
MSBO,21,10,48,10258,100.00001386328086,100002,1.13
GA,21,10,48,10258,234.7431801948792,100000,3.025
PSO,21,10,48,10258,222.69806823430463,100000,0.134
DE,21,10,48,10258,208.07453182460677,100000,1.753
ABC,21,10,48,10258,119.59452461349747,100000,6.574
GWO,21,10,48,10258,229.44885240984513,100000,0.223
CMAES,21,10,48,10258,217.06911923115786,3681,0.328
LSHADE,21,10,48,10258,202.9418856206562,100000,2.946
MSBO,21,10,49,10259,100.00001335834713,100000,1.145
GA,21,10,49,10259,221.45828935398595,100000,3.055
PSO,21,10,49,10259,100.00000000000045,100000,0.147
DE,21,10,49,10259,207.30159501574371,100000,1.817
ABC,21,10,49,10259,112.23318897433592,100003,6.681
GWO,21,10,49,10259,226.36165299585537,100000,0.203
CMAES,21,10,49,10259,212.26392688849955,3231,0.306
LSHADE,21,10,49,10259,116.06435631115346,100000,2.773
MSBO,21,10,50,10260,100.00001886686141,100001,1.155
GA,21,10,50,10260,212.52974678047576,100000,3.646
PSO,21,10,50,10260,238.76485394780548,100000,0.14
DE,21,10,50,10260,102.61951804210275,100000,1.786
ABC,21,10,50,10260,105.41091369501191,100003,6.767
GWO,21,10,50,10260,224.88010826162372,100000,0.206
CMAES,21,10,50,10260,211.04330142924027,3271,0.269
LSHADE,21,10,50,10260,100.0,100000,2.797
MSBO,22,10,0,10220,100.00003461410142,100001,1.108
GA,22,10,0,10220,101.33536595297619,100000,3.129
PSO,22,10,0,10220,102.19953272720522,100000,0.177
DE,22,10,0,10220,100.5433206752341,100000,1.893
ABC,22,10,0,10220,101.03199562320287,100001,6.965
GWO,22,10,0,10220,134.92897272948494,100000,0.306
CMAES,22,10,0,10220,100.28784497906918,3481,0.348
LSHADE,22,10,0,10220,100.39968400213047,100000,2.838
MSBO,22,10,1,10221,100.39968555901305,100003,1.034
GA,22,10,1,10221,103.0472211498136,100000,2.998
PSO,22,10,1,10221,100.00000000000091,100000,0.172
DE,22,10,1,10221,100.28904593182506,100000,1.872
ABC,22,10,1,10221,57.51456645748112,100000,7.101
GWO,22,10,1,10221,113.55131051483886,100000,0.306
CMAES,22,10,1,10221,100.00000000000455,4191,0.356
LSHADE,22,10,1,10221,100.0,100000,2.951
MSBO,22,10,2,10222,100.00002082142055,100000,1.06
GA,22,10,2,10222,104.3371362233911,100000,3.167
PSO,22,10,2,10222,148.88631886397252,100000,0.18
DE,22,10,2,10222,100.53842958323276,100000,1.86
ABC,22,10,2,10222,101.34873807374879,100002,6.962
GWO,22,10,2,10222,131.78980810691928,100000,0.294
CMAES,22,10,2,10222,100.000000000005,4031,0.397
LSHADE,22,10,2,10222,100.0,100000,3.031
MSBO,22,10,3,10223,100.00004000241506,100002,1.144
GA,22,10,3,10223,102.68719306961293,100000,3.324
PSO,22,10,3,10223,102.79415332495819,100000,0.188
DE,22,10,3,10223,100.40212218854595,100000,1.859
ABC,22,10,3,10223,100.83759238233415,100003,6.542
GWO,22,10,3,10223,113.61444340691469,100000,0.292
CMAES,22,10,3,10223,1394.8518260864994,5061,0.476
LSHADE,22,10,3,10223,100.0,100000,2.787
MSBO,22,10,4,10224,100.40257550733486,100000,1.033
GA,22,10,4,10224,106.41430474990602,100000,3.075
PSO,22,10,4,10224,101.20626661552797,100000,0.187
DE,22,10,4,10224,100.0,100000,1.854
ABC,22,10,4,10224,41.661968532122955,100002,6.695
GWO,22,10,4,10224,113.73551145418105,100000,0.288
CMAES,22,10,4,10224,100.58326863230059,3461,0.317
LSHADE,22,10,4,10224,100.0,100000,2.906
MSBO,22,10,5,10225,100.0000288927481,100000,1.093
GA,22,10,5,10225,102.30214950901473,100000,3.213
PSO,22,10,5,10225,104.10071512833974,100000,0.177
DE,22,10,5,10225,100.82045396880585,100000,1.859
ABC,22,10,5,10225,101.63108347491652,100003,7.061
GWO,22,10,5,10225,134.99232083983543,100000,0.3
CMAES,22,10,5,10225,100.000000000005,4221,0.399
LSHADE,22,10,5,10225,100.0,100000,2.783
MSBO,22,10,6,10226,100.00003625501313,100003,1.064
GA,22,10,6,10226,107.00453837684927,100000,3.076
PSO,22,10,6,10226,150.86089734520556,100000,0.171
DE,22,10,6,10226,100.0,100000,1.843
ABC,22,10,6,10226,101.83218474379555,100001,6.739
GWO,22,10,6,10226,128.73613510723317,100000,0.317
CMAES,22,10,6,10226,100.00000000000318,4351,0.386
LSHADE,22,10,6,10226,100.0,100000,2.827
MSBO,22,10,7,10227,100.0000326595532,100001,1.063
GA,22,10,7,10227,102.53800502163949,100000,3.104
PSO,22,10,7,10227,101.92005171764276,100000,0.178
DE,22,10,7,10227,100.28637688304161,100000,1.834
ABC,22,10,7,10227,61.749825414779025,100002,6.77
GWO,22,10,7,10227,128.31671656063963,100000,0.297
CMAES,22,10,7,10227,100.28784497906918,3611,0.331
LSHADE,22,10,7,10227,100.0,100000,2.799
MSBO,22,10,8,10228,100.60283606451412,100000,1.038
GA,22,10,8,10228,102.18564610782232,100000,3.008
PSO,22,10,8,10228,101.41303637890451,100000,0.168
DE,22,10,8,10228,100.0,100000,1.82
ABC,22,10,8,10228,42.70654830624562,100001,6.757
GWO,22,10,8,10228,131.03318690004744,100000,0.304
CMAES,22,10,8,10228,100.29016484181648,3471,0.291
LSHADE,22,10,8,10228,100.0,100000,2.802
MSBO,22,10,9,10229,100.00003797842055,100001,1.05
GA,22,10,9,10229,106.58574257428609,100000,3.188
PSO,22,10,9,10229,148.7786435946182,100000,0.17
DE,22,10,9,10229,100.0,100000,1.774
ABC,22,10,9,10229,101.08648541504363,100004,6.702
GWO,22,10,9,10229,131.0872781508042,100000,0.296
CMAES,22,10,9,10229,100.28637688304161,3561,0.319
LSHADE,22,10,9,10229,100.0,100000,2.774
MSBO,22,10,10,10230,100.00004956698331,100003,1.029
GA,22,10,10,10230,104.84313440473261,100000,3.141
PSO,22,10,10,10230,101.61685677638934,100000,0.175
DE,22,10,10,10230,100.3444393177947,100000,1.875
ABC,22,10,10,10230,100.05135205965007,100003,6.916
GWO,22,10,10,10230,130.97303228477585,100000,0.282
CMAES,22,10,10,10230,1529.7212905481183,3991,0.385
LSHADE,22,10,10,10230,100.0,100000,2.775
MSBO,22,10,11,10231,100.00004234898915,100003,1.045
GA,22,10,11,10231,101.83798974553429,100000,3.062
PSO,22,10,11,10231,109.3222449448399,100000,0.177
DE,22,10,11,10231,100.0,100000,1.801
ABC,22,10,11,10231,64.58219781833714,100003,6.596
GWO,22,10,11,10231,117.02944712528961,100000,0.294
CMAES,22,10,11,10231,100.34610525319113,3471,0.281
LSHADE,22,10,11,10231,100.00000000000045,100000,2.821
MSBO,22,10,12,10232,100.00004761037599,100003,1.098
GA,22,10,12,10232,101.53859686141641,100000,3.224
PSO,22,10,12,10232,102.61745829176516,100000,0.184
DE,22,10,12,10232,100.28784497906918,100000,2.01
ABC,22,10,12,10232,101.90363456613932,100003,6.906
GWO,22,10,12,10232,119.80185936412227,100000,0.286
CMAES,22,10,12,10232,100.00000000000546,4411,0.423
LSHADE,22,10,12,10232,100.0,100000,2.823
MSBO,22,10,13,10233,100.28784552673369,100003,1.084
GA,22,10,13,10233,102.1627568826907,100000,3.077
PSO,22,10,13,10233,111.38446856616247,100000,0.17
DE,22,10,13,10233,100.49144008615849,100000,1.82
ABC,22,10,13,10233,101.59492396951146,100000,6.93
GWO,22,10,13,10233,130.88088651674298,100000,0.442
CMAES,22,10,13,10233,100.00000000000409,4271,0.629
LSHADE,22,10,13,10233,100.00000000000045,100000,3.271
MSBO,22,10,14,10234,100.00003294141834,100002,1.162
GA,22,10,14,10234,101.5505518402706,100000,3.2
PSO,22,10,14,10234,102.97266039605574,100000,0.179
DE,22,10,14,10234,100.0,100000,1.872
ABC,22,10,14,10234,100.89467539606358,100002,6.74
GWO,22,10,14,10234,131.9145248997711,100000,0.286
CMAES,22,10,14,10234,100.000000000005,4081,0.351
LSHADE,22,10,14,10234,100.00000000000045,100000,2.833
MSBO,22,10,15,10235,100.60331865084981,100000,1.055
GA,22,10,15,10235,105.15476028023568,100000,3.11
PSO,22,10,15,10235,101.45667978914571,100000,0.175
DE,22,10,15,10235,100.0,100000,1.871
ABC,22,10,15,10235,101.14437450754804,100002,6.882
GWO,22,10,15,10235,115.11665631870073,100000,0.301
CMAES,22,10,15,10235,100.28904593182506,3091,0.325
LSHADE,22,10,15,10235,100.0,100000,3.105
MSBO,22,10,16,10236,100.00002834022871,100003,1.154
GA,22,10,16,10236,102.07356854626414,100000,3.094
PSO,22,10,16,10236,114.57566984813366,100000,0.192
DE,22,10,16,10236,100.0,100000,1.878
ABC,22,10,16,10236,100.74808343252334,100005,6.593
GWO,22,10,16,10236,115.23339222157983,100000,0.298
CMAES,22,10,16,10236,100.00000000000455,4821,0.457
LSHADE,22,10,16,10236,100.0,100000,2.828
MSBO,22,10,17,10237,100.00003239161879,100003,1.086
GA,22,10,17,10237,104.42249445647758,100000,3.198
PSO,22,10,17,10237,102.75078178389413,100000,0.18
DE,22,10,17,10237,11.563057352644591,100000,1.884
ABC,22,10,17,10237,37.5814849959329,100004,6.932
GWO,22,10,17,10237,130.77905144322358,100000,0.3
CMAES,22,10,17,10237,100.28637688304161,3271,0.312
LSHADE,22,10,17,10237,100.0,100000,2.866
MSBO,22,10,18,10238,100.44723694323693,100003,1.056
GA,22,10,18,10238,104.92271418963992,100000,3.122
PSO,22,10,18,10238,101.08743868129295,100000,0.175
DE,22,10,18,10238,36.416560389444385,100000,1.862
ABC,22,10,18,10238,18.13646519366648,100003,6.672
GWO,22,10,18,10238,130.63104753395965,100000,0.305
CMAES,22,10,18,10238,100.00000000000409,4481,0.417
LSHADE,22,10,18,10238,100.00000000000045,100000,2.934
MSBO,22,10,19,10239,100.85544108792192,100000,1.032
GA,22,10,19,10239,103.54998580507208,100000,3.18
PSO,22,10,19,10239,100.80854012343934,100000,0.18
DE,22,10,19,10239,100.28784497906918,100000,1.922
ABC,22,10,19,10239,102.26870270706468,100004,6.92
GWO,22,10,19,10239,132.26017596251586,100000,0.299
CMAES,22,10,19,10239,100.34611165488423,3461,0.297
LSHADE,22,10,19,10239,100.00000000000045,100000,2.921
MSBO,22,10,20,10240,100.00003903081506,100003,1.073
GA,22,10,20,10240,100.83881360076339,100000,3.243
PSO,22,10,20,10240,102.74883520283402,100000,0.182
DE,22,10,20,10240,100.28784497906918,100000,1.956
ABC,22,10,20,10240,39.09889257325085,100006,6.828
GWO,22,10,20,10240,130.6337852122697,100000,0.289
CMAES,22,10,20,10240,100.00000000000546,4371,0.365
LSHADE,22,10,20,10240,100.00000000000045,100000,2.886
MSBO,22,10,21,10241,100.34610713875645,100002,1.084
GA,22,10,21,10241,101.76521932569631,100000,3.054
PSO,22,10,21,10241,149.06031133738406,100000,0.157
DE,22,10,21,10241,100.39819564290292,100000,1.646
ABC,22,10,21,10241,49.08135409039187,100001,5.239
GWO,22,10,21,10241,114.09072803495565,100000,0.292
CMAES,22,10,21,10241,100.00000000000546,4511,1.926
LSHADE,22,10,21,10241,100.0,100000,2.516
MSBO,22,10,22,10242,100.00002573192114,100002,1.059
GA,22,10,22,10242,101.49536122294512,100000,3.119
PSO,22,10,22,10242,104.03512285179067,100000,0.162
DE,22,10,22,10242,100.34610525319067,100000,1.608
ABC,22,10,22,10242,101.25373946268519,100003,4.995
GWO,22,10,22,10242,130.64368000036256,100000,0.212
CMAES,22,10,22,10242,100.28784497906918,3571,0.243
LSHADE,22,10,22,10242,100.0,100000,2.242
MSBO,22,10,23,10243,100.28784566910781,100003,0.891
GA,22,10,23,10243,103.105150777782,100000,2.461
PSO,22,10,23,10243,113.89060847347764,100000,0.156
DE,22,10,23,10243,100.28784497906918,100000,1.601
ABC,22,10,23,10243,51.08892259143158,100003,5.411
GWO,22,10,23,10243,131.0317145916888,100000,0.274
CMAES,22,10,23,10243,100.00000000000591,4491,0.36
LSHADE,22,10,23,10243,100.00000000000045,100000,2.383
MSBO,22,10,24,10244,100.28904670989368,100000,0.969
GA,22,10,24,10244,101.10925174650583,100000,2.992
PSO,22,10,24,10244,100.00000000000045,100000,0.146
DE,22,10,24,10244,11.563057352644591,100000,1.583
ABC,22,10,24,10244,51.17873388724138,100004,5.41
GWO,22,10,24,10244,114.45101772132512,100000,0.213
CMAES,22,10,24,10244,100.39819564290292,3061,0.162
LSHADE,22,10,24,10244,100.0,100000,1.96
MSBO,22,10,25,10245,100.29016576347931,100000,0.777
GA,22,10,25,10245,106.04864063303194,100000,2.281
PSO,22,10,25,10245,100.93297892629926,100000,0.123
DE,22,10,25,10245,100.76226192462673,100000,1.311
ABC,22,10,25,10245,101.71926774441908,100002,5.346
GWO,22,10,25,10245,133.53898498548006,100000,0.288
CMAES,22,10,25,10245,100.28784497906918,3431,0.279
LSHADE,22,10,25,10245,100.0,100000,2.398
MSBO,22,10,26,10246,100.34490111069317,100001,0.811
GA,22,10,26,10246,103.80915493977454,100000,2.869
PSO,22,10,26,10246,102.37530148839232,100000,0.153
DE,22,10,26,10246,100.0,100000,1.637
ABC,22,10,26,10246,100.84626427945932,100001,5.579
GWO,22,10,26,10246,119.80491364431737,100000,0.302
CMAES,22,10,26,10246,100.000000000005,4371,0.378
LSHADE,22,10,26,10246,100.0,100000,2.445
MSBO,22,10,27,10247,100.34444020344336,100003,1.032
GA,22,10,27,10247,102.00564179143339,100000,3.297
PSO,22,10,27,10247,102.00090417110641,100000,0.161
DE,22,10,27,10247,100.40212218854595,100000,1.68
ABC,22,10,27,10247,100.47473924314409,100002,5.54
GWO,22,10,27,10247,141.99307174231308,100000,0.284
CMAES,22,10,27,10247,100.00000000000318,4071,0.37
LSHADE,22,10,27,10247,100.00000000000045,100000,2.362
MSBO,22,10,28,10248,100.00003654650209,100002,0.961
GA,22,10,28,10248,106.93503079530774,100000,3.002
PSO,22,10,28,10248,102.35798401809461,100000,0.149
DE,22,10,28,10248,100.39746964785218,100000,1.443
ABC,22,10,28,10248,101.63571937369579,100000,4.51
GWO,22,10,28,10248,131.02230601878136,100000,0.286
CMAES,22,10,28,10248,100.00000000000364,4551,0.394
LSHADE,22,10,28,10248,100.0,100000,2.387
MSBO,22,10,29,10249,100.00004131689866,100001,1.01
GA,22,10,29,10249,103.10739854280428,100000,2.628
PSO,22,10,29,10249,103.45791836935086,100000,0.122
DE,22,10,29,10249,100.49846236701296,100000,1.659
ABC,22,10,29,10249,33.822133194437356,100006,5.299
GWO,22,10,29,10249,113.5623535947002,100000,0.285
CMAES,22,10,29,10249,100.000000000005,4171,0.387
LSHADE,22,10,29,10249,100.0,100000,2.373
MSBO,22,10,30,10250,100.60315921087113,100003,0.941
GA,22,10,30,10250,105.05293970212779,100000,2.967
PSO,22,10,30,10250,104.18833054629931,100000,0.16
DE,22,10,30,10250,100.40212218854595,100000,1.604
ABC,22,10,30,10250,52.137987945777695,100003,5.347
GWO,22,10,30,10250,114.63760821284586,100000,0.287
CMAES,22,10,30,10250,100.00000000000409,4321,0.371
LSHADE,22,10,30,10250,100.00000000000045,100000,2.332
MSBO,22,10,31,10251,100.00003840220279,100000,0.921
GA,22,10,31,10251,104.7654228490178,100000,2.693
PSO,22,10,31,10251,112.35238900449758,100000,0.156
DE,22,10,31,10251,100.0,100000,1.547
ABC,22,10,31,10251,100.9265319249721,100003,5.548
GWO,22,10,31,10251,130.8082282853129,100000,0.283
CMAES,22,10,31,10251,100.39819564290292,3451,0.296
LSHADE,22,10,31,10251,100.00000000000045,100000,2.49
MSBO,22,10,32,10252,100.00004339492853,100004,0.969
GA,22,10,32,10252,101.47617632246056,100000,3.041
PSO,22,10,32,10252,22.042715555201084,100000,0.147
DE,22,10,32,10252,100.6380922914409,100000,1.588
ABC,22,10,32,10252,100.30841220910452,100002,5.604
GWO,22,10,32,10252,114.14075350834037,100000,0.29
CMAES,22,10,32,10252,100.28784497906963,3511,0.286
LSHADE,22,10,32,10252,100.0,100000,2.434
MSBO,22,10,33,10253,100.00002613028619,100001,0.971
GA,22,10,33,10253,102.15914383609561,100000,3.012
PSO,22,10,33,10253,107.1897202528562,100000,0.158
DE,22,10,33,10253,0.0,100000,1.541
ABC,22,10,33,10253,102.35810697671013,100007,5.646
GWO,22,10,33,10253,131.01588362191387,100000,0.274
CMAES,22,10,33,10253,1033.5302548266736,4371,0.33
LSHADE,22,10,33,10253,100.0,100000,2.327
MSBO,22,10,34,10254,100.00003480545001,100002,0.915
GA,22,10,34,10254,101.01946010767233,100000,2.381
PSO,22,10,34,10254,150.6333443406943,100000,0.122
DE,22,10,34,10254,100.34788770711975,100000,1.265
ABC,22,10,34,10254,19.943118879074063,100001,4.312
GWO,22,10,34,10254,130.642559679015,100000,0.21
CMAES,22,10,34,10254,100.86336065909472,3201,0.204
LSHADE,22,10,34,10254,100.0,100000,1.884
MSBO,22,10,35,10255,100.29016615978071,100002,0.745
GA,22,10,35,10255,104.43545373598454,100000,2.254
PSO,22,10,35,10255,102.23519650425123,100000,0.121
DE,22,10,35,10255,0.0,100000,1.284
ABC,22,10,35,10255,52.57352465860231,100003,4.362
GWO,22,10,35,10255,132.10055754171617,100000,0.212
CMAES,22,10,35,10255,100.00000000000364,4171,0.261
LSHADE,22,10,35,10255,100.0,100000,1.897
MSBO,22,10,36,10256,100.3981962152202,100003,0.75
GA,22,10,36,10256,104.04197210602706,100000,2.289
PSO,22,10,36,10256,102.18509803603138,100000,0.122
DE,22,10,36,10256,100.0,100000,1.287
ABC,22,10,36,10256,87.69623616045646,100003,4.644
GWO,22,10,36,10256,114.37360831712294,100000,0.281
CMAES,22,10,36,10256,100.00000000000591,4331,0.311
LSHADE,22,10,36,10256,44.216786559536104,100000,2.473
MSBO,22,10,37,10257,100.49807387769397,100003,0.866
GA,22,10,37,10257,102.77516459868366,100000,2.66
PSO,22,10,37,10257,111.57913402066333,100000,0.121
DE,22,10,37,10257,100.97217580526831,100000,1.573
ABC,22,10,37,10257,47.454891551973105,100002,5.605
GWO,22,10,37,10257,113.5537390460222,100000,0.284
CMAES,22,10,37,10257,11.563057352644591,4681,0.394
LSHADE,22,10,37,10257,100.0,100000,2.168
MSBO,22,10,38,10258,100.3989106453273,100002,0.958
GA,22,10,38,10258,101.72225686554839,100000,2.993
PSO,22,10,38,10258,102.21609303938476,100000,0.16
DE,22,10,38,10258,100.59879212274336,100000,1.468
ABC,22,10,38,10258,100.85856994185269,100001,5.779
GWO,22,10,38,10258,129.0053760527544,100000,0.278
CMAES,22,10,38,10258,100.48889058521445,3391,0.223
LSHADE,22,10,38,10258,100.0,100000,1.956
MSBO,22,10,39,10259,100.34444011053256,100002,0.741
GA,22,10,39,10259,0.01942894508010795,100000,2.223
PSO,22,10,39,10259,101.26565124699391,100000,0.119
DE,22,10,39,10259,100.29016484181648,100000,1.265
ABC,22,10,39,10259,27.313718596650688,100002,5.57
GWO,22,10,39,10259,115.1059356458718,100000,0.292
CMAES,22,10,39,10259,100.00000000000455,4411,0.416
LSHADE,22,10,39,10259,100.00000000000045,100000,2.396
MSBO,22,10,40,10260,100.58163494708242,100002,0.976
GA,22,10,40,10260,102.95129896643266,100000,2.905
PSO,22,10,40,10260,113.27339245772782,100000,0.151
DE,22,10,40,10260,100.0,100000,1.559
ABC,22,10,40,10260,103.35192994250383,100003,5.673
GWO,22,10,40,10260,119.22457352272704,100000,0.214
CMAES,22,10,40,10260,100.00000000000409,4421,0.257
LSHADE,22,10,40,10260,100.0,100000,2.317
MSBO,22,10,41,10261,100.0000357778381,100004,0.992
GA,22,10,41,10261,104.46856328838567,100000,3.073
PSO,22,10,41,10261,101.14537296570825,100000,0.156
DE,22,10,41,10261,100.0,100000,1.602
ABC,22,10,41,10261,100.68829889898143,100003,5.546
GWO,22,10,41,10261,131.9093511094493,100000,0.287
CMAES,22,10,41,10261,100.00000000000546,4101,0.366
LSHADE,22,10,41,10261,100.0,100000,2.394
MSBO,22,10,42,10262,100.99847245461024,100003,0.979
GA,22,10,42,10262,104.41576545191856,100000,2.978
PSO,22,10,42,10262,101.49010284353199,100000,0.146
DE,22,10,42,10262,100.40212218854595,100000,1.658
ABC,22,10,42,10262,101.50083004868702,100003,5.654
GWO,22,10,42,10262,130.86794201189377,100000,0.296
CMAES,22,10,42,10262,935.2231025468886,3331,0.276
LSHADE,22,10,42,10262,100.00000000000045,100000,2.371
MSBO,22,10,43,10263,100.3461127596538,100002,0.9
GA,22,10,43,10263,101.567480415109,100000,3.035
PSO,22,10,43,10263,102.26239530698194,100000,0.149
DE,22,10,43,10263,100.45176316008656,100000,1.361
ABC,22,10,43,10263,52.76029362619647,100002,4.542
GWO,22,10,43,10263,113.89240761256042,100000,0.276
CMAES,22,10,43,10263,100.28637688304207,3151,0.25
LSHADE,22,10,43,10263,100.0,100000,2.393
MSBO,22,10,44,10264,100.00004409424855,100002,0.827
GA,22,10,44,10264,31.785496777898516,100000,2.323
PSO,22,10,44,10264,39.41316043884626,100000,0.122
DE,22,10,44,10264,0.0,100000,1.332
ABC,22,10,44,10264,23.171609044339675,100001,5.275
GWO,22,10,44,10264,125.75272289444638,100000,0.28
CMAES,22,10,44,10264,1703.3839474412107,3531,0.27
LSHADE,22,10,44,10264,100.0,100000,2.543
MSBO,22,10,45,10265,100.00002880272768,100002,1.062
GA,22,10,45,10265,103.59875602189322,100000,2.754
PSO,22,10,45,10265,100.6867904296978,100000,0.12
DE,22,10,45,10265,101.24104487848354,100000,1.429
ABC,22,10,45,10265,33.113107667449185,100003,4.777
GWO,22,10,45,10265,114.26278727946237,100000,0.212
CMAES,22,10,45,10265,100.00000000000728,4681,0.291
LSHADE,22,10,45,10265,100.0,100000,1.865
MSBO,22,10,46,10266,100.00003086510378,100000,0.717
GA,22,10,46,10266,103.38217946861505,100000,2.205
PSO,22,10,46,10266,110.92404397982864,100000,0.122
DE,22,10,46,10266,100.0,100000,1.249
ABC,22,10,46,10266,43.91209335900021,100006,4.583
GWO,22,10,46,10266,130.65283111077633,100000,0.215
CMAES,22,10,46,10266,100.5080916273173,3311,0.251
LSHADE,22,10,46,10266,100.0,100000,2.094
MSBO,22,10,47,10267,100.00003597776185,100001,0.939
GA,22,10,47,10267,105.8621040334001,100000,2.992
PSO,22,10,47,10267,103.24911923158788,100000,0.143
DE,22,10,47,10267,100.34788770711975,100000,1.586
ABC,22,10,47,10267,41.7604670982455,100003,5.663
GWO,22,10,47,10267,114.36623107854166,100000,0.275
CMAES,22,10,47,10267,100.34490027393349,3561,0.308
LSHADE,22,10,47,10267,100.0,100000,2.442
MSBO,22,10,48,10268,100.00003003845632,100001,0.919
GA,22,10,48,10268,102.77343426749394,100000,2.956
PSO,22,10,48,10268,104.6607040976296,100000,0.165
DE,22,10,48,10268,100.84232564061949,100000,1.551
ABC,22,10,48,10268,31.737648251526025,100003,4.875
GWO,22,10,48,10268,131.03152164134917,100000,0.286
CMAES,22,10,48,10268,100.00000000000591,4301,0.37
LSHADE,22,10,48,10268,100.0,100000,2.353
MSBO,22,10,49,10269,100.28904669234862,100003,0.878
GA,22,10,49,10269,102.52995562826982,100000,2.844
PSO,22,10,49,10269,108.57201271288841,100000,0.148
DE,22,10,49,10269,100.80183095625671,100000,1.635
ABC,22,10,49,10269,101.33204244468652,100002,5.086
GWO,22,10,49,10269,130.66278287223895,100000,0.214
CMAES,22,10,49,10269,100.00000000000546,4561,0.297
LSHADE,22,10,49,10269,100.0,100000,1.918
MSBO,22,10,50,10270,100.00003701884043,100002,0.878
GA,22,10,50,10270,104.38919023687049,100000,2.922
PSO,22,10,50,10270,102.12733798232466,100000,0.149
DE,22,10,50,10270,100.0,100000,1.7
ABC,22,10,50,10270,46.853572568261825,100003,5.936
GWO,22,10,50,10270,130.80197220889204,100000,0.285
CMAES,22,10,50,10270,100.00000000000409,4231,0.338
LSHADE,22,10,50,10270,100.00000000000045,100000,2.481
MSBO,23,10,15,10245,308.75879779026764,100001,1.083
GA,23,10,15,10245,320.98889821578086,100000,2.854
PSO,23,10,15,10245,334.622457550116,100000,0.16
DE,23,10,15,10245,304.74526144945185,100000,1.561
ABC,23,10,15,10245,317.8126951958211,100001,4.641
GWO,23,10,15,10245,341.597269334502,100000,0.217
CMAES,23,10,15,10245,318.4834474669242,3961,0.244
LSHADE,23,10,15,10245,304.36485281943715,100000,2.07
MSBO,23,10,16,10246,304.0747431062937,100003,0.806
GA,23,10,16,10246,314.04821897827014,100000,2.408
PSO,23,10,16,10246,310.92293392182637,100000,0.135
DE,23,10,16,10246,307.3109206420704,100000,1.287
ABC,23,10,16,10246,313.9060884825608,100002,5.595
GWO,23,10,16,10246,325.4348351896515,100000,0.298
CMAES,23,10,16,10246,321.1350901317619,4981,0.45
LSHADE,23,10,16,10246,306.91011836338294,100000,2.511
MSBO,23,10,17,10247,304.4270246398728,100000,0.875
GA,23,10,17,10247,327.4462720956453,100000,2.242
PSO,23,10,17,10247,365.6367320894042,100000,0.13
DE,23,10,17,10247,310.8260910567178,100000,1.344
ABC,23,10,17,10247,310.8470218325501,100001,5.544
GWO,23,10,17,10247,341.3603241198166,100000,0.292
CMAES,23,10,17,10247,317.9147597362535,3411,0.316
LSHADE,23,10,17,10247,305.7999522746827,100000,2.475
MSBO,23,10,18,10248,302.8817979586852,100001,0.989
GA,23,10,18,10248,355.68250935818924,100000,3.015
PSO,23,10,18,10248,325.11314445384915,100000,0.169
DE,23,10,18,10248,308.7312495503338,100000,1.56
ABC,23,10,18,10248,318.1720302250719,100000,5.62
GWO,23,10,18,10248,339.901880580504,100000,0.278
CMAES,23,10,18,10248,319.3877176124797,4111,0.358
LSHADE,23,10,18,10248,304.5715270187552,100000,2.421
MSBO,23,10,19,10249,304.6535846184347,100002,0.961
GA,23,10,19,10249,332.3055379320135,100000,2.967
PSO,23,10,19,10249,314.9411085197853,100000,0.19
DE,23,10,19,10249,306.76685604000386,100000,1.675
ABC,23,10,19,10249,314.0314090376928,100000,4.519
GWO,23,10,19,10249,337.4560829815405,100000,0.216
CMAES,23,10,19,10249,320.3792176001384,4381,0.252
LSHADE,23,10,19,10249,307.3635167476059,100000,2.273
MSBO,23,10,20,10250,305.7969656951668,100001,0.953
GA,23,10,20,10250,321.40415557453025,100000,2.972
PSO,23,10,20,10250,350.486435050248,100000,0.169
DE,23,10,20,10250,309.4234739368603,100000,1.68
ABC,23,10,20,10250,308.74805065277815,100001,5.399
GWO,23,10,20,10250,352.3548269726989,100000,0.215
CMAES,23,10,20,10250,312.25205226244725,4111,0.28
LSHADE,23,10,20,10250,303.83418343816084,100000,2.018
MSBO,23,10,21,10251,306.11872597131196,100000,0.728
GA,23,10,21,10251,314.9444003854096,100000,2.184
PSO,23,10,21,10251,325.3888018339053,100000,0.131
DE,23,10,21,10251,307.5202221522727,100000,1.272
ABC,23,10,21,10251,320.82474009514135,100004,5.063
GWO,23,10,21,10251,339.467503229715,100000,0.285
CMAES,23,10,21,10251,312.38010120468516,3271,0.276
LSHADE,23,10,21,10251,304.992582288392,100000,2.506
MSBO,23,10,22,10252,304.1497418127401,100000,1.014
GA,23,10,22,10252,318.53561051737825,100000,2.939
PSO,23,10,22,10252,324.45281608586265,100000,0.164
DE,23,10,22,10252,308.12102307024816,100000,1.61
ABC,23,10,22,10252,317.44907482110193,100003,5.321
GWO,23,10,22,10252,342.13061480822216,100000,0.232
CMAES,23,10,22,10252,331.795351099423,4651,0.423
LSHADE,23,10,22,10252,306.6476699164541,100000,2.585
MSBO,23,10,23,10253,304.32088454391715,100002,0.946
GA,23,10,23,10253,325.1579094587951,100000,2.601
PSO,23,10,23,10253,347.55135797660205,100000,0.131
DE,23,10,23,10253,309.98971408463285,100000,1.273
ABC,23,10,23,10253,317.74080884863315,100001,4.327
GWO,23,10,23,10253,333.73809383662,100000,0.217
CMAES,23,10,23,10253,308.6928763528367,3661,0.206
LSHADE,23,10,23,10253,304.900419660582,100000,1.926
MSBO,23,10,24,10254,306.17632161418805,100000,0.734
GA,23,10,24,10254,332.1803492777958,100000,2.223
PSO,23,10,24,10254,319.47244083276655,100000,0.127
DE,23,10,24,10254,308.0164499923617,100000,1.301
ABC,23,10,24,10254,316.2724998668773,100007,4.481
GWO,23,10,24,10254,339.4237752181939,100000,0.218
CMAES,23,10,24,10254,309.47563284904345,3811,0.221
LSHADE,23,10,24,10254,305.0504302370582,100000,2.115
MSBO,23,10,25,10255,307.48391060543327,100003,0.968
GA,23,10,25,10255,321.065535692956,100000,2.77
PSO,23,10,25,10255,335.33207192368536,100000,0.152
DE,23,10,25,10255,305.71552172554584,100000,1.627
ABC,23,10,25,10255,309.71841428554353,100003,4.951
GWO,23,10,25,10255,337.0891734507886,100000,0.22
CMAES,23,10,25,10255,309.6349118678618,3491,0.221
LSHADE,23,10,25,10255,307.88434594085265,100000,1.912
MSBO,23,10,26,10256,306.8995286504237,100000,0.983
GA,23,10,26,10256,315.6877020123734,100000,2.949
PSO,23,10,26,10256,333.94743447321025,100000,0.159
DE,23,10,26,10256,306.1915326047156,100000,1.477
ABC,23,10,26,10256,312.10309986330094,100002,4.892
GWO,23,10,26,10256,343.5049194727476,100000,0.281
CMAES,23,10,26,10256,308.1099482243849,4251,0.336
LSHADE,23,10,26,10256,306.85944937617523,100000,2.365
MSBO,23,10,27,10257,304.4269400060325,100003,0.969
GA,23,10,27,10257,351.30200080421355,100000,2.945
PSO,23,10,27,10257,332.78450288137265,100000,0.178
DE,23,10,27,10257,305.02186083654624,100000,1.67
ABC,23,10,27,10257,314.89418283350597,100000,5.642
GWO,23,10,27,10257,339.8366219090294,100000,0.291
CMAES,23,10,27,10257,327.77627642451534,3341,0.307
LSHADE,23,10,27,10257,307.79535866355855,100000,2.435
MSBO,23,10,28,10258,304.2062217044422,100000,0.877
GA,23,10,28,10258,318.21869663944426,100000,2.608
PSO,23,10,28,10258,331.4135851258302,100000,0.167
DE,23,10,28,10258,309.29336450367464,100000,1.571
ABC,23,10,28,10258,315.7896743035353,100004,5.18
GWO,23,10,28,10258,323.5618007098369,100000,0.289
CMAES,23,10,28,10258,333.80388180522414,4471,0.384
LSHADE,23,10,28,10258,304.88401822085234,100000,2.374
MSBO,23,10,29,10259,306.3783548182164,100002,0.994
GA,23,10,29,10259,326.5786038341589,100000,3.016
PSO,23,10,29,10259,329.9088457010471,100000,0.16
DE,23,10,29,10259,306.1942916564417,100000,1.648
ABC,23,10,29,10259,316.34394673729,100001,5.449
GWO,23,10,29,10259,337.4669809152547,100000,0.28
CMAES,23,10,29,10259,313.8595687662282,3651,0.322
LSHADE,23,10,29,10259,306.65755353334544,100000,2.222
MSBO,23,10,30,10260,306.6878676598676,100002,0.725
GA,23,10,30,10260,321.5311397606879,100000,2.203
PSO,23,10,30,10260,337.99262587905105,100000,0.129
DE,23,10,30,10260,310.73811662019943,100000,1.254
ABC,23,10,30,10260,317.5961467384318,100005,4.428
GWO,23,10,30,10260,336.507668450512,100000,0.28
CMAES,23,10,30,10260,314.59625344474443,3801,0.28
LSHADE,23,10,30,10260,304.746538675543,100000,2.732
MSBO,23,10,31,10261,304.05243489766826,100000,1.011
GA,23,10,31,10261,315.0433848094772,100000,2.317
PSO,23,10,31,10261,320.64704938448403,100000,0.13
DE,23,10,31,10261,306.0124948028265,100000,1.568
ABC,23,10,31,10261,320.54188891904323,100002,5.634
GWO,23,10,31,10261,327.0900807115204,100000,0.31
CMAES,23,10,31,10261,311.6899823290746,6391,0.571
LSHADE,23,10,31,10261,306.1657671858861,100000,2.108
MSBO,23,10,32,10262,307.44557625923017,100000,0.752
GA,23,10,32,10262,321.71884295646123,100000,2.555
PSO,23,10,32,10262,339.0855534201223,100000,0.169
DE,23,10,32,10262,311.9826871329683,100000,1.646
ABC,23,10,32,10262,310.9165584835723,100002,5.669
GWO,23,10,32,10262,329.78869182313065,100000,0.292
CMAES,23,10,32,10262,310.49396832602906,3591,0.325
LSHADE,23,10,32,10262,306.3362397206688,100000,2.572
MSBO,23,10,33,10263,303.97707197815225,100003,1.032
GA,23,10,33,10263,331.5511391315108,100000,3.141
PSO,23,10,33,10263,331.03739258266023,100000,0.167
DE,23,10,33,10263,308.1528294961995,100000,1.66
ABC,23,10,33,10263,316.6289488533298,100000,5.68
GWO,23,10,33,10263,327.841565274462,100000,0.217
CMAES,23,10,33,10263,319.8061068605293,6421,0.421
LSHADE,23,10,33,10263,305.16801302010344,100000,2.593
MSBO,23,10,34,10264,302.5757463518107,100003,0.98
GA,23,10,34,10264,316.9583670484567,100000,2.196
PSO,23,10,34,10264,345.7385756429312,100000,0.129
DE,23,10,34,10264,305.4901893087076,100000,1.291
ABC,23,10,34,10264,312.03124631196715,100002,4.351
GWO,23,10,34,10264,317.7481654257522,100000,0.217
CMAES,23,10,34,10264,329.471037120853,3011,0.178
LSHADE,23,10,34,10264,304.4088904867708,100000,1.977
MSBO,23,10,35,10265,305.6121058020667,100000,0.778
GA,23,10,35,10265,334.5015498113157,100000,2.224
PSO,23,10,35,10265,323.74092758896677,100000,0.128
DE,23,10,35,10265,307.66846571982387,100000,1.418
ABC,23,10,35,10265,312.6857898621711,100000,5.497
GWO,23,10,35,10265,333.1652784505486,100000,0.272
CMAES,23,10,35,10265,311.6602346798236,3991,0.296
LSHADE,23,10,35,10265,306.5457145651644,100000,2.41
MSBO,23,10,36,10266,304.4805792236043,100000,0.999
GA,23,10,36,10266,321.1879424031504,100000,2.717
PSO,23,10,36,10266,317.1563284168401,100000,0.128
DE,23,10,36,10266,308.25818815684215,100000,1.609
ABC,23,10,36,10266,315.7446618379254,100004,5.465
GWO,23,10,36,10266,330.1356786733022,100000,0.275
CMAES,23,10,36,10266,323.4537092970081,3631,0.295
LSHADE,23,10,36,10266,306.6159649053079,100000,2.459
MSBO,23,10,37,10267,309.628412838601,100000,1.013
GA,23,10,37,10267,330.505244712052,100000,3.066
PSO,23,10,37,10267,347.08713563982883,100000,0.148
DE,23,10,37,10267,305.1123128452746,100000,1.569
ABC,23,10,37,10267,315.8518068598205,100004,5.607
GWO,23,10,37,10267,331.2949263803539,100000,0.286
CMAES,23,10,37,10267,320.8952979018459,4071,0.36
LSHADE,23,10,37,10267,306.220639502018,100000,2.442
MSBO,23,10,38,10268,302.88174972081606,100002,0.961
GA,23,10,38,10268,326.2878338919463,100000,2.955
PSO,23,10,38,10268,335.3417970730143,100000,0.167
DE,23,10,38,10268,304.7048367572197,100000,1.787
ABC,23,10,38,10268,318.1639009012483,100006,5.695
GWO,23,10,38,10268,324.5684680192667,100000,0.281
CMAES,23,10,38,10268,332.06150337151666,4181,0.268
LSHADE,23,10,38,10268,305.79166309837456,100000,1.937
MSBO,23,10,39,10269,307.12442328410725,100000,0.756
GA,23,10,39,10269,330.4254004253312,100000,2.216
PSO,23,10,39,10269,356.81088405613036,100000,0.131
DE,23,10,39,10269,310.8943766478851,100000,1.269
ABC,23,10,39,10269,312.2330297514941,100003,4.906
GWO,23,10,39,10269,341.4294839880258,100000,0.289
CMAES,23,10,39,10269,325.9368414316291,3801,0.373
LSHADE,23,10,39,10269,305.7797967593483,100000,2.32
MSBO,23,10,40,10270,305.12938067171035,100003,0.759
GA,23,10,40,10270,350.20347146487893,100000,2.242
PSO,23,10,40,10270,343.7957124061918,100000,0.129
DE,23,10,40,10270,305.5043618545551,100000,1.274
ABC,23,10,40,10270,312.2604948828307,100000,4.636
GWO,23,10,40,10270,336.8710908090793,100000,0.225
CMAES,23,10,40,10270,313.36329994028983,4311,0.387
LSHADE,23,10,40,10270,303.3868896718882,100000,2.545
MSBO,23,10,41,10271,303.0068399082734,100003,0.968
GA,23,10,41,10271,328.3173869643979,100000,2.915
PSO,23,10,41,10271,319.98725923922893,100000,0.158
DE,23,10,41,10271,306.3203451443451,100000,1.6
ABC,23,10,41,10271,315.7314123773476,100000,5.322
GWO,23,10,41,10271,327.3226363289018,100000,0.281
CMAES,23,10,41,10271,320.66741814940224,4451,0.365
LSHADE,23,10,41,10271,305.0421944875379,100000,2.383
MSBO,23,10,42,10272,308.0001970821836,100000,0.867
GA,23,10,42,10272,315.4652000393826,100000,2.529
PSO,23,10,42,10272,319.2242591139284,100000,0.18
DE,23,10,42,10272,314.1617878242296,100000,1.686
ABC,23,10,42,10272,314.5993418084281,100002,5.41
GWO,23,10,42,10272,342.07061149376204,100000,0.213
CMAES,23,10,42,10272,306.7546412635543,3731,0.265
LSHADE,23,10,42,10272,306.57931679153444,100000,2.631
MSBO,23,10,43,10273,305.8780894192387,100002,0.977
GA,23,10,43,10273,312.62769047158554,100000,2.891
PSO,23,10,43,10273,321.87508779514064,100000,0.166
DE,23,10,43,10273,308.44141197244835,100000,1.657
ABC,23,10,43,10273,309.27821499861284,100002,5.467
GWO,23,10,43,10273,345.2407799350585,100000,0.29
CMAES,23,10,43,10273,311.3331087909901,4131,0.362
LSHADE,23,10,43,10273,304.6521527490968,100000,2.559
MSBO,23,10,44,10274,308.38665620458005,100001,0.924
GA,23,10,44,10274,319.7036625536639,100000,2.96
PSO,23,10,44,10274,315.87664813103856,100000,0.165
DE,23,10,44,10274,306.6595805969141,100000,1.314
ABC,23,10,44,10274,1.3374189156611465,100000,5.071
GWO,23,10,44,10274,344.98826519519935,100000,0.286
CMAES,23,10,44,10274,320.59771884597285,3891,0.337
LSHADE,23,10,44,10274,306.2981212699774,100000,2.486
MSBO,23,10,45,10275,303.11966329586767,100003,1.094
GA,23,10,45,10275,316.99961453215246,100000,2.533
PSO,23,10,45,10275,342.1398455394874,100000,0.129
DE,23,10,45,10275,303.11965229911493,100000,1.324
ABC,23,10,45,10275,313.6539079963968,100000,5.701
GWO,23,10,45,10275,324.47976687671144,100000,0.242
CMAES,23,10,45,10275,310.11840151366914,3571,0.208
LSHADE,23,10,45,10275,305.9648022794431,100000,1.959
MSBO,23,10,46,10276,307.0492655343887,100001,0.768
GA,23,10,46,10276,333.1883174765717,100000,2.877
PSO,23,10,46,10276,344.0665561180026,100000,0.157
DE,23,10,46,10276,305.24626759680905,100000,1.686
ABC,23,10,46,10276,315.55593857936765,100002,5.532
GWO,23,10,46,10276,336.15352824448655,100000,0.228
CMAES,23,10,46,10276,320.4961459185033,3171,0.239
LSHADE,23,10,46,10276,305.4038182284694,100000,2.535
MSBO,23,10,47,10277,305.13652437104247,100001,0.923
GA,23,10,47,10277,331.5913486964655,100000,2.489
PSO,23,10,47,10277,329.88799228083235,100000,0.176
DE,23,10,47,10277,304.8699529933406,100000,1.81
ABC,23,10,47,10277,317.6091537887796,100001,4.69
GWO,23,10,47,10277,338.30611974925114,100000,0.228
CMAES,23,10,47,10277,323.9085713533959,7121,0.437
LSHADE,23,10,47,10277,304.89268253036244,100000,1.967
MSBO,23,10,48,10278,306.2814547124067,100004,0.818
GA,23,10,48,10278,317.60627511051007,100000,2.881
PSO,23,10,48,10278,320.24001396264157,100000,0.175
DE,23,10,48,10278,309.6616995854092,100000,1.653
ABC,23,10,48,10278,308.87782272501136,100001,5.577
GWO,23,10,48,10278,329.4718296927713,100000,0.282
CMAES,23,10,48,10278,317.1766272331661,3081,0.242
LSHADE,23,10,48,10278,301.77767821636235,100000,2.428
MSBO,23,10,49,10279,304.31691428745853,100000,0.923
GA,23,10,49,10279,323.3503241634303,100000,2.595
PSO,23,10,49,10279,328.91081980408126,100000,0.169
DE,23,10,49,10279,303.0067452693788,100000,1.576
ABC,23,10,49,10279,321.16785911285206,100004,4.599
GWO,23,10,49,10279,321.25956832861493,100000,0.217
CMAES,23,10,49,10279,310.78919678102193,4041,0.268
LSHADE,23,10,49,10279,305.02731853933756,100000,1.966
MSBO,23,10,50,10280,304.0758928533696,100002,1.13
GA,23,10,50,10280,319.0311967929879,100000,2.989
PSO,23,10,50,10280,348.21237221021374,100000,0.161
DE,23,10,50,10280,307.7266477571493,100000,1.504
ABC,23,10,50,10280,311.56829835290364,100001,5.111
GWO,23,10,50,10280,333.39426847974846,100000,0.294
CMAES,23,10,50,10280,325.62268301547783,4651,0.419
LSHADE,23,10,50,10280,305.97142820910994,100000,2.104
MSBO,24,10,0,10240,331.1379567847389,100003,0.735
GA,24,10,0,10240,421.4309981596489,100000,2.192
PSO,24,10,0,10240,364.61524112035113,100000,0.118
DE,24,10,0,10240,335.4710312301004,100000,1.267
ABC,24,10,0,10240,101.89716427086523,100005,5.012
GWO,24,10,0,10240,371.7733533725891,100000,0.276
CMAES,24,10,0,10240,342.31163683029763,3181,0.284
LSHADE,24,10,0,10240,334.35900596863394,100000,2.355
MSBO,24,10,1,10241,326.73514340950396,100002,0.972
GA,24,10,1,10241,386.5726660593741,100000,2.833
PSO,24,10,1,10241,363.5350324349688,100000,0.151
DE,24,10,1,10241,336.9918138785374,100000,1.616
ABC,24,10,1,10241,101.04803947773371,100002,5.665
GWO,24,10,1,10241,347.36273491074644,100000,0.27
CMAES,24,10,1,10241,344.34986533330994,5711,0.508
LSHADE,24,10,1,10241,335.71760601338156,100000,2.514
MSBO,24,10,2,10242,326.0563054233744,100003,0.992
GA,24,10,2,10242,371.96351360612107,100000,3.1
PSO,24,10,2,10242,357.8230913633424,100000,0.147
DE,24,10,2,10242,344.2643734274998,100000,1.552
ABC,24,10,2,10242,100.4776558870185,100003,5.497
GWO,24,10,2,10242,367.74581057920113,100000,0.286
CMAES,24,10,2,10242,338.29561281661745,3311,0.308
LSHADE,24,10,2,10242,331.1379567732042,100000,2.509
MSBO,24,10,3,10243,333.9660395249948,100004,0.971
GA,24,10,3,10243,360.59004395394277,100000,2.524
PSO,24,10,3,10243,364.12174695617796,100000,0.123
DE,24,10,3,10243,348.8103001346485,100000,1.498
ABC,24,10,3,10243,101.56829595857653,100005,5.653
GWO,24,10,3,10243,346.03155389090307,100000,0.24
CMAES,24,10,3,10243,339.3135503545377,3501,0.22
LSHADE,24,10,3,10243,335.19979552440327,100000,2.111
MSBO,24,10,4,10244,100.00035661930042,100000,1.02
GA,24,10,4,10244,352.7143135825163,100000,2.598
PSO,24,10,4,10244,366.8062014586694,100000,0.153
DE,24,10,4,10244,334.721404025061,100000,1.615
ABC,24,10,4,10244,102.23798425535233,100002,5.342
GWO,24,10,4,10244,353.26365561794137,100000,0.246
CMAES,24,10,4,10244,346.2323988026287,3691,0.274
LSHADE,24,10,4,10244,330.9966703193345,100000,2.468
MSBO,24,10,5,10245,336.4194324106702,100001,0.985
GA,24,10,5,10245,376.3746339015129,100000,3.058
PSO,24,10,5,10245,359.1390061493844,100000,0.156
DE,24,10,5,10245,337.5332752107679,100000,1.693
ABC,24,10,5,10245,106.415318851336,100001,5.18
GWO,24,10,5,10245,348.4814191928517,100000,0.21
CMAES,24,10,5,10245,332.9737594444423,3371,0.247
LSHADE,24,10,5,10245,108.01878111795759,100000,2.575
MSBO,24,10,6,10246,336.7595061281954,100001,1.014
GA,24,10,6,10246,404.61673574203905,100000,2.921
PSO,24,10,6,10246,371.11102855394984,100000,0.153
DE,24,10,6,10246,337.2219155503203,100000,1.391
ABC,24,10,6,10246,102.712973683766,100005,5.147
GWO,24,10,6,10246,362.0578221548044,100000,0.273
CMAES,24,10,6,10246,347.96882398596017,3791,0.321
LSHADE,24,10,6,10246,334.78800938218046,100000,2.386
MSBO,24,10,7,10247,331.63739552413244,100001,1.05
GA,24,10,7,10247,369.0480942999138,100000,2.56
PSO,24,10,7,10247,383.90566531054446,100000,0.132
DE,24,10,7,10247,335.029873157353,100000,1.482
ABC,24,10,7,10247,100.85157806515508,100004,5.099
GWO,24,10,7,10247,348.31055470475576,100000,0.198
CMAES,24,10,7,10247,340.9646930641052,3331,0.189
LSHADE,24,10,7,10247,336.0557522733511,100000,1.985
MSBO,24,10,8,10248,335.1017233430521,100003,0.727
GA,24,10,8,10248,430.75388264986714,100000,2.22
PSO,24,10,8,10248,362.58230495362704,100000,0.118
DE,24,10,8,10248,336.9455480312149,100000,1.279
ABC,24,10,8,10248,101.68723853264146,100006,5.124
GWO,24,10,8,10248,361.5230053974774,100000,0.259
CMAES,24,10,8,10248,339.9261004247496,3341,0.269
LSHADE,24,10,8,10248,332.1701035851056,100000,2.483
MSBO,24,10,9,10249,336.13422097943476,100002,0.988
GA,24,10,9,10249,366.02585360927196,100000,2.666
PSO,24,10,9,10249,358.02150862253757,100000,0.137
DE,24,10,9,10249,336.03953708063545,100000,1.625
ABC,24,10,9,10249,107.88851576119987,100006,5.945
GWO,24,10,9,10249,371.60217324147106,100000,0.281
CMAES,24,10,9,10249,338.1300689979871,3581,0.343
LSHADE,24,10,9,10249,334.269752435574,100000,2.509
MSBO,24,10,10,10250,336.6077068555437,100003,0.994
GA,24,10,10,10250,400.5846789656216,100000,2.965
PSO,24,10,10,10250,370.9805476524225,100000,0.152
DE,24,10,10,10250,337.5121067836744,100000,1.622
ABC,24,10,10,10250,105.9570979755722,100004,5.69
GWO,24,10,10,10250,339.14724872957413,100000,0.266
CMAES,24,10,10,10250,354.23675320322263,3851,0.301
LSHADE,24,10,10,10250,332.9106360428341,100000,2.505
MSBO,24,10,11,10251,329.6449778214933,100000,1.004
GA,24,10,11,10251,401.26346122302857,100000,2.217
PSO,24,10,11,10251,365.1375952439057,100000,0.123
DE,24,10,11,10251,329.97573805790717,100000,1.327
ABC,24,10,11,10251,101.60124303858402,100001,5.655
GWO,24,10,11,10251,361.3139195014628,100000,0.223
CMAES,24,10,11,10251,359.0303087383968,3281,0.259
LSHADE,24,10,11,10251,336.7607745009568,100000,1.974
MSBO,24,10,12,10252,100.00036785174052,100003,0.819
GA,24,10,12,10252,385.1477609074682,100000,2.207
PSO,24,10,12,10252,341.5511909735401,100000,0.121
DE,24,10,12,10252,340.9945168406107,100000,1.454
ABC,24,10,12,10252,39.61278299603646,100007,5.507
GWO,24,10,12,10252,368.13154453400966,100000,0.263
CMAES,24,10,12,10252,333.8551097624909,3621,0.277
LSHADE,24,10,12,10252,336.9421396398807,100000,2.336
MSBO,24,10,13,10253,100.00022706739219,100002,0.998
GA,24,10,13,10253,362.42897699552805,100000,2.801
PSO,24,10,13,10253,359.4235125088562,100000,0.154
DE,24,10,13,10253,337.4224758172727,100000,1.6
ABC,24,10,13,10253,111.10187014436315,100003,5.623
GWO,24,10,13,10253,347.6059868822931,100000,0.26
CMAES,24,10,13,10253,343.1247408097288,4081,0.336
LSHADE,24,10,13,10253,332.18198319039493,100000,2.542
MSBO,24,10,14,10254,332.00919002246746,100002,1.091
GA,24,10,14,10254,371.35091081254404,100000,2.989
PSO,24,10,14,10254,365.3122473597905,100000,0.146
DE,24,10,14,10254,333.37690732735246,100000,1.607
ABC,24,10,14,10254,100.22776365578329,100002,4.621
GWO,24,10,14,10254,365.6959320527453,100000,0.199
CMAES,24,10,14,10254,336.2513301622039,3101,0.195
LSHADE,24,10,14,10254,332.73984239581387,100000,1.967
MSBO,24,10,15,10255,330.3447245178795,100003,0.769
GA,24,10,15,10255,375.24893650802005,100000,2.378
PSO,24,10,15,10255,372.43564041874333,100000,0.169
DE,24,10,15,10255,333.9263428927925,100000,1.572
ABC,24,10,15,10255,102.59292919727204,100010,5.211
GWO,24,10,15,10255,357.1489515392718,100000,0.275
CMAES,24,10,15,10255,343.4043839791475,3191,0.294
LSHADE,24,10,15,10255,333.2949909726208,100000,2.392
MSBO,24,10,16,10256,338.02102902945353,100003,0.783
GA,24,10,16,10256,366.26046267209676,100000,2.21
PSO,24,10,16,10256,372.98829840389726,100000,0.126
DE,24,10,16,10256,341.6808258877636,100000,1.658
ABC,24,10,16,10256,201.06067937079024,100001,4.942
GWO,24,10,16,10256,350.5288300541347,100000,0.2
CMAES,24,10,16,10256,349.02743766654385,3431,0.185
LSHADE,24,10,16,10256,331.60588260111854,100000,1.967
MSBO,24,10,17,10257,328.6175745931114,100002,0.95
GA,24,10,17,10257,100.01703670443248,100000,2.983
PSO,24,10,17,10257,100.00000000000091,100000,0.155
DE,24,10,17,10257,340.023596667892,100000,1.556
ABC,24,10,17,10257,42.70422339177685,100003,4.946
GWO,24,10,17,10257,308.0208980236753,100000,0.202
CMAES,24,10,17,10257,100.00000000003911,4461,0.233
LSHADE,24,10,17,10257,338.4425151044611,100000,1.931
MSBO,24,10,18,10258,333.7409150002745,100000,0.788
GA,24,10,18,10258,379.6184425681263,100000,2.855
PSO,24,10,18,10258,374.0952317740707,100000,0.145
DE,24,10,18,10258,334.9303861473727,100000,1.566
ABC,24,10,18,10258,101.32676203665324,100002,5.58
GWO,24,10,18,10258,346.67298713330365,100000,0.268
CMAES,24,10,18,10258,340.38042925635455,4341,0.366
LSHADE,24,10,18,10258,333.5627198241855,100000,2.417
MSBO,24,10,19,10259,334.5589922152394,100003,0.881
GA,24,10,19,10259,100.03393537357942,100000,2.792
PSO,24,10,19,10259,391.4535117037567,100000,0.149
DE,24,10,19,10259,344.8300476375707,100000,1.56
ABC,24,10,19,10259,111.88244215629584,100003,5.235
GWO,24,10,19,10259,362.26983915992605,100000,0.279
CMAES,24,10,19,10259,347.27920137902856,3931,0.373
LSHADE,24,10,19,10259,332.0325981625856,100000,2.486
MSBO,24,10,20,10260,338.1098883396571,100002,1.024
GA,24,10,20,10260,349.71509432797075,100000,2.877
PSO,24,10,20,10260,367.36449407658347,100000,0.151
DE,24,10,20,10260,341.3521213459444,100000,1.626
ABC,24,10,20,10260,103.13286941085062,100004,4.512
GWO,24,10,20,10260,356.39000707443347,100000,0.203
CMAES,24,10,20,10260,334.10256439342356,3831,0.274
LSHADE,24,10,20,10260,336.9037539479182,100000,1.975
MSBO,24,10,21,10261,330.24383786905946,100002,0.755
GA,24,10,21,10261,376.60920159315265,100000,2.164
PSO,24,10,21,10261,373.5762989473119,100000,0.118
DE,24,10,21,10261,340.68384863516576,100000,1.256
ABC,24,10,21,10261,100.98132370925941,100006,5.557
GWO,24,10,21,10261,359.9740185313476,100000,0.273
CMAES,24,10,21,10261,348.02139801287194,3231,0.301
LSHADE,24,10,21,10261,331.23014440563065,100000,2.495
MSBO,24,10,22,10262,337.72464210576527,100000,0.975
GA,24,10,22,10262,438.32793594729264,100000,2.808
PSO,24,10,22,10262,396.6676767698855,100000,0.151
DE,24,10,22,10262,334.07977662307576,100000,1.608
ABC,24,10,22,10262,100.2246686116273,100007,5.647
GWO,24,10,22,10262,350.80594886196695,100000,0.273
CMAES,24,10,22,10262,352.9392212067046,3221,0.28
LSHADE,24,10,22,10262,333.56059935790154,100000,2.492
MSBO,24,10,23,10263,339.55755582614347,100002,0.767
GA,24,10,23,10263,100.03517488073976,100000,2.571
PSO,24,10,23,10263,100.00000000000045,100000,0.154
DE,24,10,23,10263,332.170976239815,100000,1.646
ABC,24,10,23,10263,102.31390236651396,100002,5.374
GWO,24,10,23,10263,353.8526102427536,100000,0.283
CMAES,24,10,23,10263,355.29626855785955,3641,0.331
LSHADE,24,10,23,10263,333.9013923848602,100000,2.13
MSBO,24,10,24,10264,336.3598173973405,100000,0.76
GA,24,10,24,10264,401.4946081557864,100000,2.862
PSO,24,10,24,10264,365.54816402616143,100000,0.145
DE,24,10,24,10264,337.78831596929103,100000,1.619
ABC,24,10,24,10264,103.01627239225854,100003,5.45
GWO,24,10,24,10264,349.48278061873,100000,0.254
CMAES,24,10,24,10264,340.9517960128619,3141,0.302
LSHADE,24,10,24,10264,334.32264242418114,100000,2.624
MSBO,24,10,25,10265,336.55360759138057,100002,1.037
GA,24,10,25,10265,364.74638584353124,100000,3.164
PSO,24,10,25,10265,365.81778773986935,100000,0.157
DE,24,10,25,10265,334.77502246784206,100000,1.668
ABC,24,10,25,10265,101.20878508414307,100004,5.556
GWO,24,10,25,10265,344.81607179313096,100000,0.331
CMAES,24,10,25,10265,333.72633909222714,3061,0.37
LSHADE,24,10,25,10265,331.35054846715684,100000,2.499
MSBO,24,10,26,10266,336.3977633059121,100002,1.009
GA,24,10,26,10266,360.039329955026,100000,2.896
PSO,24,10,26,10266,350.441324594658,100000,0.151
DE,24,10,26,10266,332.81130577975455,100000,1.577
ABC,24,10,26,10266,104.68783938572687,100003,5.501
GWO,24,10,26,10266,351.9540346056083,100000,0.265
CMAES,24,10,26,10266,335.882746954067,3131,0.267
LSHADE,24,10,26,10266,335.7507353789806,100000,2.447
MSBO,24,10,27,10267,100.00022319828804,100002,1.033
GA,24,10,27,10267,397.17566459613136,100000,2.988
PSO,24,10,27,10267,376.20826198217355,100000,0.146
DE,24,10,27,10267,336.3020249423316,100000,1.612
ABC,24,10,27,10267,120.9377463144765,100004,5.043
GWO,24,10,27,10267,367.57063348242673,100000,0.271
CMAES,24,10,27,10267,339.2694966146746,4061,0.321
LSHADE,24,10,27,10267,333.3047763771897,100000,2.199
MSBO,24,10,28,10268,334.72225159217123,100000,0.766
GA,24,10,28,10268,415.57715232277496,100000,2.591
PSO,24,10,28,10268,353.0137135963337,100000,0.144
DE,24,10,28,10268,343.0880884512435,100000,1.611
ABC,24,10,28,10268,102.9017172551462,100003,5.532
GWO,24,10,28,10268,347.6620850446043,100000,0.206
CMAES,24,10,28,10268,338.8167888982789,3161,0.207
LSHADE,24,10,28,10268,335.31307913412047,100000,2.546
MSBO,24,10,29,10269,100.00033266796436,100001,1.146
GA,24,10,29,10269,375.910588058965,100000,3.025
PSO,24,10,29,10269,348.5147086568086,100000,0.151
DE,24,10,29,10269,335.8679620872317,100000,1.605
ABC,24,10,29,10269,101.69495558003018,100003,5.383
GWO,24,10,29,10269,361.39849895218185,100000,0.266
CMAES,24,10,29,10269,348.11573454088557,3761,0.303
LSHADE,24,10,29,10269,334.6761458640585,100000,2.435
MSBO,24,10,30,10270,332.06812404512993,100000,0.968
GA,24,10,30,10270,378.94990381346906,100000,2.747
PSO,24,10,30,10270,353.24409539594035,100000,0.155
DE,24,10,30,10270,339.2955346913468,100000,1.61
ABC,24,10,30,10270,103.66041820590362,100002,5.488
GWO,24,10,30,10270,352.1298990152568,100000,0.259
CMAES,24,10,30,10270,335.481205213644,3301,0.282
LSHADE,24,10,30,10270,334.3919707358086,100000,2.436
MSBO,24,10,31,10271,332.93356416690403,100002,0.995
GA,24,10,31,10271,351.79847541601566,100000,2.902
PSO,24,10,31,10271,360.37918585350417,100000,0.149
DE,24,10,31,10271,100.0,100000,1.497
ABC,24,10,31,10271,101.04722241561876,100001,5.503
GWO,24,10,31,10271,372.6675991042521,100000,0.273
CMAES,24,10,31,10271,354.7060074735509,3711,0.332
LSHADE,24,10,31,10271,331.1836841413651,100000,2.434
MSBO,24,10,32,10272,100.00029241511993,100000,1.041
GA,24,10,32,10272,379.97609147107323,100000,2.921
PSO,24,10,32,10272,359.287645676126,100000,0.149
DE,24,10,32,10272,340.06546361471055,100000,1.592
ABC,24,10,32,10272,100.19347055163371,100005,5.576
GWO,24,10,32,10272,348.69116486758503,100000,0.26
CMAES,24,10,32,10272,342.8459828217792,3311,0.31
LSHADE,24,10,32,10272,334.5780303132733,100000,2.419
MSBO,24,10,33,10273,334.3050225873926,100002,0.971
GA,24,10,33,10273,412.4378196496373,100000,2.865
PSO,24,10,33,10273,375.43407183983527,100000,0.142
DE,24,10,33,10273,334.3956134791997,100000,1.538
ABC,24,10,33,10273,100.75624544823677,100000,5.411
GWO,24,10,33,10273,354.6738191960776,100000,0.284
CMAES,24,10,33,10273,337.9187144374655,3251,0.321
LSHADE,24,10,33,10273,332.75595631765736,100000,2.712
MSBO,24,10,34,10274,336.3684108291459,100003,0.812
GA,24,10,34,10274,343.1804270291591,100000,2.988
PSO,24,10,34,10274,351.42563489856275,100000,0.153
DE,24,10,34,10274,334.4070307472839,100000,1.677
ABC,24,10,34,10274,37.02136635679517,100004,5.689
GWO,24,10,34,10274,359.7900179428266,100000,0.275
CMAES,24,10,34,10274,353.28122947319844,4371,0.365
LSHADE,24,10,34,10274,332.41995906481407,100000,2.503
MSBO,24,10,35,10275,328.58853956809753,100000,0.993
GA,24,10,35,10275,354.9788401928449,100000,2.909
PSO,24,10,35,10275,391.8931200046327,100000,0.145
DE,24,10,35,10275,335.77650182387924,100000,1.553
ABC,24,10,35,10275,100.51577047989258,100002,5.557
GWO,24,10,35,10275,353.90916106135137,100000,0.276
CMAES,24,10,35,10275,335.8325424762047,3941,0.361
LSHADE,24,10,35,10275,330.3970841142436,100000,2.628
MSBO,24,10,36,10276,333.0319426454871,100000,1.025
GA,24,10,36,10276,100.01582554266952,100000,2.929
PSO,24,10,36,10276,374.98592076952673,100000,0.156
DE,24,10,36,10276,334.1450282644987,100000,1.597
ABC,24,10,36,10276,101.13055588123052,100005,5.568
GWO,24,10,36,10276,349.96334832045204,100000,0.293
CMAES,24,10,36,10276,342.5437737269858,3051,0.268
LSHADE,24,10,36,10276,332.766174799232,100000,2.49
MSBO,24,10,37,10277,337.0216968843806,100000,0.928
GA,24,10,37,10277,411.6023271589579,100000,2.86
PSO,24,10,37,10277,359.9306679678616,100000,0.15
DE,24,10,37,10277,332.72134854099795,100000,1.591
ABC,24,10,37,10277,105.18174066441406,100003,5.462
GWO,24,10,37,10277,364.7147925441827,100000,0.272
CMAES,24,10,37,10277,337.5788569476658,3411,0.296
LSHADE,24,10,37,10277,332.46991959005845,100000,2.469
MSBO,24,10,38,10278,100.00028977629017,100000,1.129
GA,24,10,38,10278,356.6489426262324,100000,3.021
PSO,24,10,38,10278,359.50931457187653,100000,0.154
DE,24,10,38,10278,333.8943735382795,100000,1.62
ABC,24,10,38,10278,101.92374437818944,100003,5.425
GWO,24,10,38,10278,369.47715133341035,100000,0.2
CMAES,24,10,38,10278,333.5806439688058,3431,0.252
LSHADE,24,10,38,10278,336.04404368156656,100000,2.465
MSBO,24,10,39,10279,337.75569908907255,100003,0.969
GA,24,10,39,10279,378.31228420827347,100000,2.73
PSO,24,10,39,10279,100.00000000000045,100000,0.118
DE,24,10,39,10279,334.82609411184603,100000,1.326
ABC,24,10,39,10279,102.01493452111254,100008,4.387
GWO,24,10,39,10279,359.00398065332547,100000,0.198
CMAES,24,10,39,10279,346.61830571695464,3351,0.208
LSHADE,24,10,39,10279,100.00000510500695,100000,1.964
MSBO,24,10,40,10280,331.4302613663508,100000,0.978
GA,24,10,40,10280,372.9920072470386,100000,2.847
PSO,24,10,40,10280,100.00000000000045,100000,0.128
DE,24,10,40,10280,339.13174354841794,100000,1.403
ABC,24,10,40,10280,102.107746699995,100004,5.741
GWO,24,10,40,10280,355.1314153782828,100000,0.273
CMAES,24,10,40,10280,345.03267788190624,3631,0.316
LSHADE,24,10,40,10280,335.2183301112368,100000,2.538
MSBO,24,10,41,10281,338.60561830243387,100003,0.992
GA,24,10,41,10281,340.4790133303518,100000,2.975
PSO,24,10,41,10281,358.32855200461836,100000,0.157
DE,24,10,41,10281,333.15400884950486,100000,1.486
ABC,24,10,41,10281,101.44947083376837,100002,5.425
GWO,24,10,41,10281,343.3107436185478,100000,0.269
CMAES,24,10,41,10281,100.00000000007094,4071,0.284
LSHADE,24,10,41,10281,332.4952928695993,100000,2.363
MSBO,24,10,42,10282,332.14006562891063,100004,1.025
GA,24,10,42,10282,394.22164744273323,100000,2.86
PSO,24,10,42,10282,343.97373563662495,100000,0.153
DE,24,10,42,10282,335.2579296799836,100000,1.648
ABC,24,10,42,10282,100.78538340633122,100008,5.416
GWO,24,10,42,10282,350.52875629190385,100000,0.271
CMAES,24,10,42,10282,334.2837284786083,3571,0.274
LSHADE,24,10,42,10282,334.65159575876396,100000,2.572
MSBO,24,10,43,10283,333.5024416150418,100000,1.002
GA,24,10,43,10283,366.5560898710901,100000,2.938
PSO,24,10,43,10283,362.8136096607918,100000,0.153
DE,24,10,43,10283,334.0559119610416,100000,1.657
ABC,24,10,43,10283,100.92830296746706,100008,5.609
GWO,24,10,43,10283,357.76871661295627,100000,0.281
CMAES,24,10,43,10283,339.65766145745874,3541,0.305
LSHADE,24,10,43,10283,332.08362211571875,100000,2.408
MSBO,24,10,44,10284,337.30160811293626,100002,0.844
GA,24,10,44,10284,385.14867464267445,100000,2.994
PSO,24,10,44,10284,351.5212240699766,100000,0.18
DE,24,10,44,10284,336.81080536870877,100000,1.477
ABC,24,10,44,10284,101.19445955413084,100003,4.595
GWO,24,10,44,10284,353.575164278936,100000,0.211
CMAES,24,10,44,10284,343.62562142118804,3201,0.251
LSHADE,24,10,44,10284,333.8551097624909,100000,2.286
MSBO,24,10,45,10285,100.00034216278573,100001,0.879
GA,24,10,45,10285,358.3298258115583,100000,2.244
PSO,24,10,45,10285,359.5959695632223,100000,0.118
DE,24,10,45,10285,338.5867429059317,100000,1.325
ABC,24,10,45,10285,100.9080792250611,100004,5.356
GWO,24,10,45,10285,349.9157315349303,100000,0.268
CMAES,24,10,45,10285,347.85158989104366,3251,0.351
LSHADE,24,10,45,10285,334.1452947445159,100000,2.456
MSBO,24,10,46,10286,339.02937552031926,100002,1.089
GA,24,10,46,10286,366.8288954282689,100000,3.004
PSO,24,10,46,10286,359.49672004539116,100000,0.145
DE,24,10,46,10286,333.0193822431388,100000,1.631
ABC,24,10,46,10286,101.03964611555693,100004,5.733
GWO,24,10,46,10286,361.69140861447886,100000,0.308
CMAES,24,10,46,10286,337.07546245584854,3361,0.315
LSHADE,24,10,46,10286,335.9182763698491,100000,2.168
MSBO,24,10,47,10287,335.8853348732355,100001,0.866
GA,24,10,47,10287,360.396093836031,100000,2.597
PSO,24,10,47,10287,353.55866513415276,100000,0.159
DE,24,10,47,10287,332.39335105737246,100000,1.665
ABC,24,10,47,10287,41.67176970862647,100002,5.673
GWO,24,10,47,10287,357.80514590495113,100000,0.28
CMAES,24,10,47,10287,356.58006978514277,3501,0.335
LSHADE,24,10,47,10287,334.9390000451731,100000,2.502
MSBO,24,10,48,10288,332.98559834445996,100002,0.959
GA,24,10,48,10288,348.71624466514777,100000,2.534
PSO,24,10,48,10288,357.1889752109,100000,0.122
DE,24,10,48,10288,334.48874605378614,100000,1.304
ABC,24,10,48,10288,101.62624662209646,100004,5.179
GWO,24,10,48,10288,349.6553944037496,100000,0.277
CMAES,24,10,48,10288,337.0361669144445,3551,0.287
LSHADE,24,10,48,10288,332.6179342207788,100000,2.594
MSBO,24,10,49,10289,337.86068883038433,100002,1.074
GA,24,10,49,10289,100.03624829978617,100000,2.961
PSO,24,10,49,10289,100.00000000000045,100000,0.151
DE,24,10,49,10289,338.12191755520644,100000,1.643
ABC,24,10,49,10289,102.49755501809705,100004,5.616
GWO,24,10,49,10289,355.990129070065,100000,0.263
CMAES,24,10,49,10289,349.9159296978919,3051,0.214
LSHADE,24,10,49,10289,333.166552465304,100000,2.122
MSBO,24,10,50,10290,337.2732149827839,100000,1.017
GA,24,10,50,10290,346.78908710314863,100000,2.438
PSO,24,10,50,10290,349.0753217963593,100000,0.118
DE,24,10,50,10290,345.1246414436996,100000,1.473
ABC,24,10,50,10290,100.8528494093398,100004,5.48
GWO,24,10,50,10290,346.03168560107315,100000,0.278
CMAES,24,10,50,10290,338.50732641466993,3981,0.337
LSHADE,24,10,50,10290,334.4809940706582,100000,2.38
MSBO,25,10,0,10250,398.00898957132085,100000,1.028
GA,25,10,0,10250,398.9610820611515,100000,2.674
PSO,25,10,0,10250,450.42686539432316,100000,0.12
DE,25,10,0,10250,397.74286946998745,100000,1.265
ABC,25,10,0,10250,238.7679814784501,100001,4.298
GWO,25,10,0,10250,441.2310295466568,100000,0.18
CMAES,25,10,0,10250,446.3161242215956,3421,0.197
LSHADE,25,10,0,10250,445.77755626108956,100000,1.896
MSBO,25,10,1,10251,398.06821480051076,100001,0.755
GA,25,10,1,10251,446.1942431818302,100000,2.17
PSO,25,10,1,10251,451.29167972103005,100000,0.111
DE,25,10,1,10251,397.74286946998745,100000,1.268
ABC,25,10,1,10251,117.24499591636868,100001,5.226
GWO,25,10,1,10251,441.2310132572543,100000,0.241
CMAES,25,10,1,10251,443.3996470011398,3631,0.277
LSHADE,25,10,1,10251,443.32995040107335,100000,2.464
MSBO,25,10,2,10252,398.8387684054687,100003,0.924
GA,25,10,2,10252,444.07925067717633,100000,2.644
PSO,25,10,2,10252,398.67538833598064,100000,0.111
DE,25,10,2,10252,398.04746541880786,100000,1.31
ABC,25,10,2,10252,260.84047943043925,100001,5.16
GWO,25,10,2,10252,441.22937095574207,100000,0.243
CMAES,25,10,2,10252,445.8584248324273,3321,0.28
LSHADE,25,10,2,10252,443.37224131123867,100000,2.373
MSBO,25,10,3,10253,398.45699559962213,100003,1.024
GA,25,10,3,10253,448.62313249467115,100000,2.933
PSO,25,10,3,10253,446.6221065050354,100000,0.142
DE,25,10,3,10253,398.1022739270943,100000,1.602
ABC,25,10,3,10253,142.17696838224128,100002,5.425
GWO,25,10,3,10253,440.41126436983905,100000,0.247
CMAES,25,10,3,10253,445.866040710589,4151,0.351
LSHADE,25,10,3,10253,398.00898944057735,100000,2.543
MSBO,25,10,4,10254,399.58496787714466,100003,1.041
GA,25,10,4,10254,397.74293910149163,100000,2.937
PSO,25,10,4,10254,446.40256266770757,100000,0.137
DE,25,10,4,10254,443.38906030024555,100000,1.604
ABC,25,10,4,10254,105.62804376368649,100002,5.664
GWO,25,10,4,10254,441.28382029973454,100000,0.272
CMAES,25,10,4,10254,398.1793735181177,3771,0.353
LSHADE,25,10,4,10254,443.37265825610984,100000,2.417
MSBO,25,10,5,10255,397.74286947655037,100000,1.041
GA,25,10,5,10255,398.4667539884981,100000,3.036
PSO,25,10,5,10255,469.41806534684747,100000,0.146
DE,25,10,5,10255,398.1056434272632,100000,1.62
ABC,25,10,5,10255,102.2297851779058,100002,4.34
GWO,25,10,5,10255,441.23094931604373,100000,0.178
CMAES,25,10,5,10255,443.4202869782657,4181,0.266
LSHADE,25,10,5,10255,398.00898944057735,100000,1.841
MSBO,25,10,6,10256,398.0089895002134,100003,0.723
GA,25,10,6,10256,444.77817696519924,100000,2.155
PSO,25,10,6,10256,446.7547066420716,100000,0.111
DE,25,10,6,10256,398.0785673829837,100000,1.267
ABC,25,10,6,10256,129.48038777247166,100001,4.304
GWO,25,10,6,10256,441.24065768720266,100000,0.179
CMAES,25,10,6,10256,397.8356830184439,3331,0.203
LSHADE,25,10,6,10256,398.00898944057735,100000,1.846
MSBO,25,10,7,10257,397.83568303326774,100003,0.756
GA,25,10,7,10257,397.9428701218176,100000,2.178
PSO,25,10,7,10257,399.603061913946,100000,0.112
DE,25,10,7,10257,397.74286946998745,100000,1.257
ABC,25,10,7,10257,224.87560879472449,100002,4.296
GWO,25,10,7,10257,418.4732058386917,100000,0.178
CMAES,25,10,7,10257,446.3118651761624,3821,0.259
LSHADE,25,10,7,10257,398.08565963718684,100000,2.14
MSBO,25,10,8,10258,443.882668714748,100000,0.74
GA,25,10,8,10258,443.9691268522897,100000,2.545
PSO,25,10,8,10258,398.4397730378191,100000,0.113
DE,25,10,8,10258,398.03578078871533,100000,1.49
ABC,25,10,8,10258,359.2063175152766,100000,5.507
GWO,25,10,8,10258,441.2286047886505,100000,0.243
CMAES,25,10,8,10258,446.072606415637,3841,0.342
LSHADE,25,10,8,10258,445.77755626108956,100000,2.511
MSBO,25,10,9,10259,443.98473192102165,100001,0.943
GA,25,10,9,10259,398.7447799254455,100000,2.81
PSO,25,10,9,10259,399.609998584358,100000,0.151
DE,25,10,9,10259,398.04632410335535,100000,1.646
ABC,25,10,9,10259,110.12242337167982,100001,5.711
GWO,25,10,9,10259,441.25729536185827,100000,0.248
CMAES,25,10,9,10259,445.8666164450633,3991,0.343
LSHADE,25,10,9,10259,398.00898944057735,100000,2.235
MSBO,25,10,10,10260,445.9864978835458,100000,0.934
GA,25,10,10,10260,398.3694980796977,100000,2.938
PSO,25,10,10,10260,410.58947963007813,100000,0.141
DE,25,10,10,10260,398.03196045111144,100000,1.642
ABC,25,10,10,10260,117.98114706792694,100001,5.142
GWO,25,10,10,10260,417.45685404151936,100000,0.254
CMAES,25,10,10,10260,443.456906319926,3891,0.313
LSHADE,25,10,10,10260,398.00898944057735,100000,2.421
MSBO,25,10,11,10261,443.84110778020613,100000,0.963
GA,25,10,11,10261,446.1732870541664,100000,2.68
PSO,25,10,11,10261,486.7055769296512,100000,0.141
DE,25,10,11,10261,397.74286946998745,100000,1.381
ABC,25,10,11,10261,117.73567811123121,100000,5.139
GWO,25,10,11,10261,441.23091356395435,100000,0.243
CMAES,25,10,11,10261,446.1306619768711,4211,0.382
LSHADE,25,10,11,10261,398.03578078871533,100000,2.426
MSBO,25,10,12,10262,397.7428694891082,100003,1.068
GA,25,10,12,10262,398.4388440116436,100000,2.92
PSO,25,10,12,10262,410.3598551783484,100000,0.141
DE,25,10,12,10262,443.33390876839985,100000,1.554
ABC,25,10,12,10262,131.2943044713088,100000,4.37
GWO,25,10,12,10262,441.18143476713885,100000,0.204
CMAES,25,10,12,10262,445.9051343362826,3381,0.202
LSHADE,25,10,12,10262,398.03196045111144,100000,1.928
MSBO,25,10,13,10263,398.1631876943352,100000,0.997
GA,25,10,13,10263,444.28057796252415,100000,3.001
PSO,25,10,13,10263,449.1829785828636,100000,0.152
DE,25,10,13,10263,443.37836233486723,100000,1.708
ABC,25,10,13,10263,137.46581312709304,100000,5.623
GWO,25,10,13,10263,441.29276016672566,100000,0.269
CMAES,25,10,13,10263,443.39441415390684,3671,0.296
LSHADE,25,10,13,10263,443.36990163252995,100000,2.346
MSBO,25,10,14,10264,443.4723016369526,100000,0.864
GA,25,10,14,10264,399.6100572821688,100000,2.968
PSO,25,10,14,10264,399.6099900332815,100000,0.137
DE,25,10,14,10264,398.12561398294883,100000,1.572
ABC,25,10,14,10264,322.1318039975922,100000,5.701
GWO,25,10,14,10264,441.30373036576384,100000,0.256
CMAES,25,10,14,10264,443.5389570228458,3201,0.291
LSHADE,25,10,14,10264,443.37836233486723,100000,2.32
MSBO,25,10,15,10265,398.089379766031,100003,0.756
GA,25,10,15,10265,445.2528868078243,100000,2.734
PSO,25,10,15,10265,397.91195448217377,100000,0.174
DE,25,10,15,10265,443.3299504010729,100000,1.57
ABC,25,10,15,10265,251.2188676201631,100004,5.182
GWO,25,10,15,10265,441.2309140768489,100000,0.24
CMAES,25,10,15,10265,398.29411774406617,3281,0.24
LSHADE,25,10,15,10265,397.74286946998745,100000,2.268
MSBO,25,10,16,10266,443.5110199348619,100003,1.004
GA,25,10,16,10266,446.0661422094304,100000,2.454
PSO,25,10,16,10266,459.30060216914217,100000,0.115
DE,25,10,16,10266,397.74286946998745,100000,1.346
ABC,25,10,16,10266,397.9124556558181,100000,4.367
GWO,25,10,16,10266,440.81445618941916,100000,0.178
CMAES,25,10,16,10266,443.36990163252995,3591,0.19
LSHADE,25,10,16,10266,398.00898944057735,100000,1.876
MSBO,25,10,17,10267,443.5843628921921,100003,0.74
GA,25,10,17,10267,398.86532052057555,100000,2.225
PSO,25,10,17,10267,397.7624465014851,100000,0.113
DE,25,10,17,10267,443.3817601172127,100000,1.249
ABC,25,10,17,10267,268.81665953086986,100000,4.536
GWO,25,10,17,10267,418.5109521229688,100000,0.179
CMAES,25,10,17,10267,398.03578078871533,3311,0.188
LSHADE,25,10,17,10267,445.77755626108956,100000,2.295
MSBO,25,10,18,10268,398.0089895349547,100000,0.992
GA,25,10,18,10268,399.19417230971067,100000,2.751
PSO,25,10,18,10268,399.36466986142295,100000,0.113
DE,25,10,18,10268,445.81289853238195,100000,1.254
ABC,25,10,18,10268,231.90224413766236,100000,4.406
GWO,25,10,18,10268,418.49795693812484,100000,0.183
CMAES,25,10,18,10268,398.04632410335535,3251,0.181
LSHADE,25,10,18,10268,398.00898944057735,100000,1.896
MSBO,25,10,19,10269,397.7624465124136,100002,0.795
GA,25,10,19,10269,450.76511406481814,100000,2.168
PSO,25,10,19,10269,472.3612441622772,100000,0.111
DE,25,10,19,10269,445.77755626108956,100000,1.244
ABC,25,10,19,10269,108.23760730557888,100001,4.278
GWO,25,10,19,10269,440.3881883118893,100000,0.178
CMAES,25,10,19,10269,398.25472469459237,3561,0.199
LSHADE,25,10,19,10269,397.74286946998745,100000,1.845
MSBO,25,10,20,10270,398.3812985386412,100000,0.744
GA,25,10,20,10270,446.694024365539,100000,2.164
PSO,25,10,20,10270,410.25285827491007,100000,0.109
DE,25,10,20,10270,398.111516842685,100000,1.229
ABC,25,10,20,10270,260.3973084777858,100002,4.547
GWO,25,10,20,10270,441.24515012061374,100000,0.236
CMAES,25,10,20,10270,446.2249923028153,3611,0.306
LSHADE,25,10,20,10270,397.74286946998745,100000,2.445
MSBO,25,10,21,10271,397.7428694876721,100002,0.996
GA,25,10,21,10271,447.0907780597777,100000,2.918
PSO,25,10,21,10271,443.96267974163493,100000,0.115
DE,25,10,21,10271,398.0925741600231,100000,2.071
ABC,25,10,21,10271,263.7945381434847,100000,6.789
GWO,25,10,21,10271,425.15036016318027,100000,0.257
CMAES,25,10,21,10271,398.0329236751991,3241,2.151
LSHADE,25,10,21,10271,445.77755626108956,100000,2.77
MSBO,25,10,22,10272,398.0578930327433,100001,1.157
GA,25,10,22,10272,446.6284067810452,100000,3.277
PSO,25,10,22,10272,423.690498561959,100000,0.171
DE,25,10,22,10272,398.00898944057735,100000,1.902
ABC,25,10,22,10272,106.49627846400745,100001,8.1
GWO,25,10,22,10272,441.23099734457764,100000,0.4
CMAES,25,10,22,10272,445.8455600015059,4471,0.57
LSHADE,25,10,22,10272,443.33390877045076,100000,2.883
MSBO,25,10,23,10273,443.7561901425388,100001,1.097
GA,25,10,23,10273,444.31637396645874,100000,3.194
PSO,25,10,23,10273,449.4774221265375,100000,0.172
DE,25,10,23,10273,397.74286946998745,100000,1.89
ABC,25,10,23,10273,111.99244730631153,100001,6.812
GWO,25,10,23,10273,441.23094182432897,100000,0.257
CMAES,25,10,23,10273,445.9415864846151,3081,0.3
LSHADE,25,10,23,10273,398.00898944057735,100000,2.812
MSBO,25,10,24,10274,397.74286948372855,100003,1.256
GA,25,10,24,10274,445.57522570387346,100000,3.365
PSO,25,10,24,10274,469.4184504841355,100000,0.169
DE,25,10,24,10274,443.3927258171075,100000,1.889
ABC,25,10,24,10274,121.80864767285766,100002,6.814
GWO,25,10,24,10274,441.31499787172015,100000,0.26
CMAES,25,10,24,10274,444.6878651567422,3501,0.343
LSHADE,25,10,24,10274,443.3299504010729,100000,2.824
MSBO,25,10,25,10275,398.0965626960756,100000,1.099
GA,25,10,25,10275,446.1771430198073,100000,3.27
PSO,25,10,25,10275,472.3282246796289,100000,0.17
DE,25,10,25,10275,398.00898944057735,100000,1.885
ABC,25,10,25,10275,119.4502274225647,100002,6.877
GWO,25,10,25,10275,440.797917198498,100000,0.264
CMAES,25,10,25,10275,445.8944446429482,3711,0.318
LSHADE,25,10,25,10275,445.77755626108956,100000,3.052
MSBO,25,10,26,10276,397.74286947493283,100001,1.231
GA,25,10,26,10276,447.1046598862895,100000,3.206
PSO,25,10,26,10276,449.5966905835703,100000,0.172
DE,25,10,26,10276,445.77755626108956,100000,1.865
ABC,25,10,26,10276,230.40794002164512,100001,6.865
GWO,25,10,26,10276,441.23130471119475,100000,0.256
CMAES,25,10,26,10276,398.28709413683964,3741,0.351
LSHADE,25,10,26,10276,398.03578078871533,100000,2.769
MSBO,25,10,27,10277,398.00898948410077,100001,1.117
GA,25,10,27,10277,444.6239497909005,100000,3.187
PSO,25,10,27,10277,399.6099900332815,100000,0.171
DE,25,10,27,10277,445.8013748592575,100000,1.89
ABC,25,10,27,10277,129.55093151774963,100001,7.063
GWO,25,10,27,10277,441.2310476977059,100000,0.259
CMAES,25,10,27,10277,397.7428694699879,3141,0.296
LSHADE,25,10,27,10277,398.00898944057735,100000,2.799
MSBO,25,10,28,10278,445.77755634517916,100003,1.14
GA,25,10,28,10278,443.83302768699286,100000,3.181
PSO,25,10,28,10278,449.34862770722293,100000,0.171
DE,25,10,28,10278,398.04746541880786,100000,1.861
ABC,25,10,28,10278,398.5695640001454,100001,6.889
GWO,25,10,28,10278,441.2597664808859,100000,0.261
CMAES,25,10,28,10278,398.1883902633508,3691,0.339
LSHADE,25,10,28,10278,398.03578078871533,100000,2.878
MSBO,25,10,29,10279,398.0682148539249,100000,1.124
GA,25,10,29,10279,443.8351083477287,100000,3.237
PSO,25,10,29,10279,446.19854107239007,100000,0.169
DE,25,10,29,10279,397.74286946998745,100000,1.888
ABC,25,10,29,10279,118.50674050566795,100001,7.674
GWO,25,10,29,10279,441.23010841673613,100000,0.258
CMAES,25,10,29,10279,446.2723815285008,3761,0.312
LSHADE,25,10,29,10279,443.33390876839985,100000,2.858
MSBO,25,10,30,10280,397.7428694826385,100000,1.182
GA,25,10,30,10280,398.56889730885996,100000,3.213
PSO,25,10,30,10280,472.22299734756507,100000,0.171
DE,25,10,30,10280,399.5849678716786,100000,1.882
ABC,25,10,30,10280,124.3024868637508,100001,6.895
GWO,25,10,30,10280,441.23096689027034,100000,0.261
CMAES,25,10,30,10280,398.42639329293297,3171,0.308
LSHADE,25,10,30,10280,398.00898944057735,100000,2.82
MSBO,25,10,31,10281,398.03292377515527,100003,1.141
GA,25,10,31,10281,451.56018375603617,100000,3.292
PSO,25,10,31,10281,443.999113003958,100000,0.176
DE,25,10,31,10281,445.7932425502245,100000,2.324
ABC,25,10,31,10281,109.69072548891745,100000,7.587
GWO,25,10,31,10281,441.2308867321135,100000,0.265
CMAES,25,10,31,10281,398.1175989151143,3731,0.354
LSHADE,25,10,31,10281,397.7456708757909,100000,2.92
MSBO,25,10,32,10282,398.22375397261385,100003,1.179
GA,25,10,32,10282,399.16162591624743,100000,3.225
PSO,25,10,32,10282,410.28391886519967,100000,0.168
DE,25,10,32,10282,397.74286946998745,100000,1.942
ABC,25,10,32,10282,107.68381223675351,100001,7.02
GWO,25,10,32,10282,441.23090783479756,100000,0.317
CMAES,25,10,32,10282,443.5282513064112,4051,0.468
LSHADE,25,10,32,10282,398.00898944057735,100000,3.087
MSBO,25,10,33,10283,398.0785348812933,100000,1.156
GA,25,10,33,10283,399.219866910963,100000,3.337
PSO,25,10,33,10283,449.89142798017565,100000,0.173
DE,25,10,33,10283,398.0796887392744,100000,1.923
ABC,25,10,33,10283,120.83915298854936,100001,6.805
GWO,25,10,33,10283,441.3029103639469,100000,0.268
CMAES,25,10,33,10283,443.59073061467734,4171,0.4
LSHADE,25,10,33,10283,398.00898944057735,100000,2.813
MSBO,25,10,34,10284,398.12928644559315,100003,1.134
GA,25,10,34,10284,444.01018789993896,100000,3.369
PSO,25,10,34,10284,448.25376163172723,100000,0.175
DE,25,10,34,10284,398.0331557902264,100000,1.894
ABC,25,10,34,10284,127.78560009262992,100001,6.852
GWO,25,10,34,10284,420.76423497507176,100000,0.278
CMAES,25,10,34,10284,443.49703274643207,3981,0.395
LSHADE,25,10,34,10284,445.8013748592575,100000,2.811
MSBO,25,10,35,10285,397.83568302272215,100003,1.214
GA,25,10,35,10285,446.69319520276804,100000,3.349
PSO,25,10,35,10285,443.72669646735176,100000,0.177
DE,25,10,35,10285,398.14143500333466,100000,1.98
ABC,25,10,35,10285,109.42596762534959,100000,7.092
GWO,25,10,35,10285,441.23082091478545,100000,0.261
CMAES,25,10,35,10285,446.67528169401294,3701,0.379
LSHADE,25,10,35,10285,397.74286946998745,100000,2.82
MSBO,25,10,36,10286,443.64090331437137,100001,1.123
GA,25,10,36,10286,399.61037850723324,100000,3.263
PSO,25,10,36,10286,399.5849678716786,100000,0.17
DE,25,10,36,10286,398.118564198719,100000,1.859
ABC,25,10,36,10286,127.80824091179602,100003,6.939
GWO,25,10,36,10286,429.62011312367076,100000,0.267
CMAES,25,10,36,10286,443.4194650646041,3391,0.333
LSHADE,25,10,36,10286,397.74286946998745,100000,3.786
MSBO,25,10,37,10287,445.873991508116,100000,1.129
GA,25,10,37,10287,397.9916306735063,100000,3.282
PSO,25,10,37,10287,410.3928251555508,100000,0.177
DE,25,10,37,10287,398.00898944057735,100000,1.988
ABC,25,10,37,10287,121.95669443320912,100000,7.014
GWO,25,10,37,10287,441.2308581658999,100000,0.261
CMAES,25,10,37,10287,445.95817540022153,4221,0.389
LSHADE,25,10,37,10287,445.8019689817729,100000,2.867
MSBO,25,10,38,10288,398.0849421157245,100000,1.163
GA,25,10,38,10288,446.52683508327846,100000,3.32
PSO,25,10,38,10288,450.1942956854282,100000,0.174
DE,25,10,38,10288,445.7929384059762,100000,1.868
ABC,25,10,38,10288,125.49100062995103,100000,6.987
GWO,25,10,38,10288,441.2303886176587,100000,0.259
CMAES,25,10,38,10288,445.8637365644672,3971,0.327
LSHADE,25,10,38,10288,398.03578078871533,100000,2.78
MSBO,25,10,39,10289,446.0232841179527,100003,1.062
GA,25,10,39,10289,444.20942019711083,100000,3.155
PSO,25,10,39,10289,451.9050719740667,100000,0.17
DE,25,10,39,10289,398.00898944057735,100000,1.867
ABC,25,10,39,10289,359.4881937179116,100000,6.903
GWO,25,10,39,10289,441.2309098815863,100000,0.272
CMAES,25,10,39,10289,444.28748450117746,4031,0.405
LSHADE,25,10,39,10289,398.00898944057735,100000,2.933
MSBO,25,10,40,10290,445.8685208703632,100003,1.215
GA,25,10,40,10290,398.87580812468786,100000,3.195
PSO,25,10,40,10290,453.59058176415283,100000,0.169
DE,25,10,40,10290,445.7929384059762,100000,1.87
ABC,25,10,40,10290,140.77170305873096,100001,6.896
GWO,25,10,40,10290,441.2581364601192,100000,0.257
CMAES,25,10,40,10290,443.3988775559519,3661,0.363
LSHADE,25,10,40,10290,443.3299504010729,100000,2.9
MSBO,25,10,41,10291,399.5849678830036,100003,1.182
GA,25,10,41,10291,399.5850923464204,100000,3.246
PSO,25,10,41,10291,410.57492481928966,100000,0.172
DE,25,10,41,10291,397.7456708757909,100000,1.927
ABC,25,10,41,10291,124.17109952608826,100002,7.144
GWO,25,10,41,10291,413.9978065656678,100000,0.269
CMAES,25,10,41,10291,446.16761394218247,3801,0.411
LSHADE,25,10,41,10291,398.00898944057735,100000,2.895
MSBO,25,10,42,10292,445.886902169706,100000,1.121
GA,25,10,42,10292,399.6115800771918,100000,3.236
PSO,25,10,42,10292,445.7207369660546,100000,0.172
DE,25,10,42,10292,398.1411397892525,100000,1.945
ABC,25,10,42,10292,222.42127602256642,100002,6.978
GWO,25,10,42,10292,419.9217753243074,100000,0.262
CMAES,25,10,42,10292,443.37312132744455,4021,0.399
LSHADE,25,10,42,10292,397.74286946998745,100000,2.83
MSBO,25,10,43,10293,397.93791654904953,100002,1.168
GA,25,10,43,10293,445.88807091206036,100000,3.211
PSO,25,10,43,10293,451.75226813022346,100000,0.178
DE,25,10,43,10293,445.7932425502245,100000,1.909
ABC,25,10,43,10293,144.62217239133042,100003,7.082
GWO,25,10,43,10293,441.2083512651625,100000,0.268
CMAES,25,10,43,10293,443.3894398757825,4031,0.345
LSHADE,25,10,43,10293,398.00898944057735,100000,2.847
MSBO,25,10,44,10294,398.031960538121,100000,1.147
GA,25,10,44,10294,446.6000470216827,100000,3.252
PSO,25,10,44,10294,419.96321171570617,100000,0.171
DE,25,10,44,10294,398.0569596121104,100000,1.898
ABC,25,10,44,10294,120.37062712555735,100000,6.986
GWO,25,10,44,10294,441.2361078938643,100000,0.258
CMAES,25,10,44,10294,398.13311157695716,3741,0.355
LSHADE,25,10,44,10294,397.74286946998745,100000,2.815
MSBO,25,10,45,10295,398.15017179623055,100002,1.115
GA,25,10,45,10295,446.6246419637073,100000,3.267
PSO,25,10,45,10295,471.9683184399828,100000,0.174
DE,25,10,45,10295,397.74286946998745,100000,1.883
ABC,25,10,45,10295,102.48151585999176,100001,6.778
GWO,25,10,45,10295,440.43652848180864,100000,0.258
CMAES,25,10,45,10295,398.21914345199866,3621,0.354
LSHADE,25,10,45,10295,398.00898944057735,100000,2.836
MSBO,25,10,46,10296,398.1596601162746,100000,1.153
GA,25,10,46,10296,400.1326693863616,100000,3.155
PSO,25,10,46,10296,450.7924186383498,100000,0.171
DE,25,10,46,10296,398.00898944057735,100000,1.924
ABC,25,10,46,10296,341.5116679639,100000,7.257
GWO,25,10,46,10296,413.99769685436695,100000,0.27
CMAES,25,10,46,10296,443.88672006991465,3871,0.342
LSHADE,25,10,46,10296,398.00898944057735,100000,2.864
MSBO,25,10,47,10297,443.55694741268235,100001,1.176
GA,25,10,47,10297,445.9279071414994,100000,3.246
PSO,25,10,47,10297,446.45706033937586,100000,0.188
DE,25,10,47,10297,443.3726241563718,100000,1.889
ABC,25,10,47,10297,258.6028454785319,100000,6.915
GWO,25,10,47,10297,441.231104286941,100000,0.258
CMAES,25,10,47,10297,445.9399246875837,4171,0.411
LSHADE,25,10,47,10297,445.786935006216,100000,2.76
MSBO,25,10,48,10298,398.06821478860047,100002,1.152
GA,25,10,48,10298,444.2333657570657,100000,3.181
PSO,25,10,48,10298,524.2425651739322,100000,0.17
DE,25,10,48,10298,398.04746541880786,100000,1.858
ABC,25,10,48,10298,120.82423926663569,100002,6.933
GWO,25,10,48,10298,440.4129024738809,100000,0.264
CMAES,25,10,48,10298,443.39243023078234,4161,0.433
LSHADE,25,10,48,10298,398.00898944057735,100000,2.822
MSBO,25,10,49,10299,399.58496787792683,100000,1.133
GA,25,10,49,10299,398.57658686470404,100000,3.195
PSO,25,10,49,10299,444.30027303083034,100000,0.17
DE,25,10,49,10299,445.7932425502245,100000,1.846
ABC,25,10,49,10299,397.93779627446975,100001,6.89
GWO,25,10,49,10299,441.25496123672747,100000,0.258
CMAES,25,10,49,10299,443.63718919515986,3841,0.304
LSHADE,25,10,49,10299,397.74286946998745,100000,2.768
MSBO,25,10,50,10300,445.94754753369944,100001,1.106
GA,25,10,50,10300,524.2085884353578,100000,3.225
PSO,25,10,50,10300,524.2667979603802,100000,0.172
DE,25,10,50,10300,398.00898944057735,100000,2.033
ABC,25,10,50,10300,138.8929305625179,100002,7.235
GWO,25,10,50,10300,441.2910840190598,100000,0.27
CMAES,25,10,50,10300,443.4847662086331,3691,0.372
LSHADE,25,10,50,10300,445.8013748592575,100000,2.897
MSBO,26,10,0,10260,300.0003726187497,100000,1.251
GA,26,10,0,10260,1371.7365021131377,100000,4.758
PSO,26,10,0,10260,1186.360083664682,100000,0.312
DE,26,10,0,10260,300.0,100000,2.281
ABC,26,10,0,10260,6.527882044936632,100002,7.208
GWO,26,10,0,10260,1412.2535224482335,100000,0.351
CMAES,26,10,0,10260,1441.2190439547553,4331,0.442
LSHADE,26,10,0,10260,300.0,100000,2.903
MSBO,26,10,1,10261,300.00039734491384,100002,1.276
GA,26,10,1,10261,200.12139593422762,100000,3.624
PSO,26,10,1,10261,200.0,100000,0.221
DE,26,10,1,10261,300.0,100000,2.002
ABC,26,10,1,10261,1.0364656279143674,100000,7.119
GWO,26,10,1,10261,409.4073472514651,100000,0.366
CMAES,26,10,1,10261,1317.1578386868114,3761,0.376
LSHADE,26,10,1,10261,300.0,100000,2.841
MSBO,26,10,2,10262,300.0003010245482,100003,1.24
GA,26,10,2,10262,300.02535453534847,100000,3.26
PSO,26,10,2,10262,200.00000000000045,100000,0.217
DE,26,10,2,10262,300.0,100000,1.958
ABC,26,10,2,10262,200.3571282431567,100002,7.147
GWO,26,10,2,10262,380.0615302683045,100000,0.366
CMAES,26,10,2,10262,1218.5832917563193,4411,0.482
LSHADE,26,10,2,10262,300.0,100000,3.04
MSBO,26,10,3,10263,300.00033876591215,100002,1.21
GA,26,10,3,10263,300.01411917518726,100000,3.292
PSO,26,10,3,10263,408.3030662543897,100000,0.222
DE,26,10,3,10263,300.0,100000,1.972
ABC,26,10,3,10263,6.8335602226839,100001,7.13
GWO,26,10,3,10263,380.06189504771555,100000,0.372
CMAES,26,10,3,10263,1293.7047452739776,4011,0.428
LSHADE,26,10,3,10263,300.0,100000,2.963
MSBO,26,10,4,10264,300.0002871906622,100000,1.549
GA,26,10,4,10264,300.08042559116166,100000,3.718
PSO,26,10,4,10264,399.1351229775528,100000,0.259
DE,26,10,4,10264,300.0,100000,1.968
ABC,26,10,4,10264,5.655435485696216,100000,7.435
GWO,26,10,4,10264,398.049147709497,100000,0.384
CMAES,26,10,4,10264,300.00000000004957,4381,0.434
LSHADE,26,10,4,10264,300.0,100000,2.879
MSBO,26,10,5,10265,300.0002999371686,100003,1.216
GA,26,10,5,10265,408.30307487402433,100000,3.27
PSO,26,10,5,10265,300.00000000000045,100000,0.218
DE,26,10,5,10265,300.0,100000,1.952
ABC,26,10,5,10265,3.2161509485285933,100001,7.021
GWO,26,10,5,10265,381.06160178712844,100000,0.363
CMAES,26,10,5,10265,1279.389272833676,3891,0.345
LSHADE,26,10,5,10265,300.0,100000,2.873
MSBO,26,10,6,10266,300.0001915089247,100001,1.21
GA,26,10,6,10266,347.14955310183404,100000,3.356
PSO,26,10,6,10266,482.87889801800975,100000,0.227
DE,26,10,6,10266,300.0,100000,2.017
ABC,26,10,6,10266,13.3871674581751,100001,7.078
GWO,26,10,6,10266,300.07840037313144,100000,0.366
CMAES,26,10,6,10266,1468.6498310108354,4171,0.372
LSHADE,26,10,6,10266,300.0,100000,2.852
MSBO,26,10,7,10267,300.0002703159503,100002,1.251
GA,26,10,7,10267,300.0428023064019,100000,3.275
PSO,26,10,7,10267,347.1493549983129,100000,0.223
DE,26,10,7,10267,300.0,100000,1.981
ABC,26,10,7,10267,203.78631624330183,100005,7.061
GWO,26,10,7,10267,380.0616493326579,100000,0.397
CMAES,26,10,7,10267,389.806330275399,2941,0.297
LSHADE,26,10,7,10267,300.0,100000,3.091
MSBO,26,10,8,10268,300.0002672816431,100003,1.289
GA,26,10,8,10268,300.09078863591594,100000,3.289
PSO,26,10,8,10268,447.69276275186803,100000,0.222
DE,26,10,8,10268,300.0,100000,1.91
ABC,26,10,8,10268,2.6951169392650627,100000,6.872
GWO,26,10,8,10268,381.06036890030146,100000,0.362
CMAES,26,10,8,10268,300.0000000000664,4571,0.385
LSHADE,26,10,8,10268,300.0,100000,2.872
MSBO,26,10,9,10269,300.0002822786096,100000,1.258
GA,26,10,9,10269,300.02145774041037,100000,3.52
PSO,26,10,9,10269,475.7482541082727,100000,0.233
DE,26,10,9,10269,300.0,100000,1.98
ABC,26,10,9,10269,7.17605114149228,100001,7.037
GWO,26,10,9,10269,380.06163780343877,100000,0.374
CMAES,26,10,9,10269,1437.1119817975828,3611,0.336
LSHADE,26,10,9,10269,300.0,100000,2.87
MSBO,26,10,10,10270,300.0002440143953,100003,1.259
GA,26,10,10,10270,300.0461714593148,100000,3.33
PSO,26,10,10,10270,1606.2714370347576,100000,0.23
DE,26,10,10,10270,300.0,100000,1.912
ABC,26,10,10,10270,206.29522586087205,100002,7.02
GWO,26,10,10,10270,380.06206024664516,100000,0.365
CMAES,26,10,10,10270,200.000000000427,4011,0.4
LSHADE,26,10,10,10270,300.0,100000,2.927
MSBO,26,10,11,10271,300.0003336897853,100001,1.263
GA,26,10,11,10271,300.0250304134979,100000,3.279
PSO,26,10,11,10271,300.0,100000,0.22
DE,26,10,11,10271,300.0,100000,2.645
ABC,26,10,11,10271,206.18414308681486,100003,7.084
GWO,26,10,11,10271,380.061782631235,100000,0.365
CMAES,26,10,11,10271,401.17702287529846,2731,0.25
LSHADE,26,10,11,10271,300.0,100000,2.831
MSBO,26,10,12,10272,300.00033243128837,100001,1.205
GA,26,10,12,10272,300.01109013781024,100000,3.322
PSO,26,10,12,10272,571.7115024025688,100000,0.22
DE,26,10,12,10272,300.0,100000,1.968
ABC,26,10,12,10272,7.517354664079448,100000,6.97
GWO,26,10,12,10272,409.4072180889957,100000,0.369
CMAES,26,10,12,10272,1429.0283683141224,4211,0.445
LSHADE,26,10,12,10272,300.0,100000,2.851
MSBO,26,10,13,10273,300.00025001620816,100003,1.25
GA,26,10,13,10273,300.02278900931515,100000,3.424
PSO,26,10,13,10273,408.77428520395233,100000,0.227
DE,26,10,13,10273,300.0,100000,1.989
ABC,26,10,13,10273,6.2846858485290795,100002,7.239
GWO,26,10,13,10273,385.5266846902823,100000,0.367
CMAES,26,10,13,10273,300.0000000000482,4241,0.401
LSHADE,26,10,13,10273,300.0,100000,3.216
MSBO,26,10,14,10274,300.0002649248472,100002,1.25
GA,26,10,14,10274,300.03483789485335,100000,3.275
PSO,26,10,14,10274,492.178715544429,100000,0.221
DE,26,10,14,10274,300.0,100000,1.919
ABC,26,10,14,10274,4.511710348489032,100004,7.015
GWO,26,10,14,10274,380.06181332816686,100000,0.363
CMAES,26,10,14,10274,375.73479960778604,3021,0.279
LSHADE,26,10,14,10274,300.0,100000,2.939
MSBO,26,10,15,10275,300.00034833472,100003,1.218
GA,26,10,15,10275,300.03120027940577,100000,3.212
PSO,26,10,15,10275,443.8607862133649,100000,0.217
DE,26,10,15,10275,300.0,100000,1.899
ABC,26,10,15,10275,12.91934629033858,100005,7.195
GWO,26,10,15,10275,300.05245545321714,100000,0.365
CMAES,26,10,15,10275,1381.2350441967133,4441,0.387
LSHADE,26,10,15,10275,300.0,100000,2.835
MSBO,26,10,16,10276,300.0003154864453,100003,1.211
GA,26,10,16,10276,300.07585958522304,100000,3.29
PSO,26,10,16,10276,300.00000000000045,100000,0.218
DE,26,10,16,10276,300.0,100000,1.944
ABC,26,10,16,10276,202.06117934208305,100000,7.161
GWO,26,10,16,10276,381.05969784765784,100000,0.391
CMAES,26,10,16,10276,1164.2527527896755,4081,0.429
LSHADE,26,10,16,10276,300.0,100000,2.826
MSBO,26,10,17,10277,300.00028797872847,100003,1.191
GA,26,10,17,10277,300.03625282238954,100000,3.23
PSO,26,10,17,10277,300.0,100000,0.219
DE,26,10,17,10277,300.0,100000,1.912
ABC,26,10,17,10277,200.03738535135017,100000,6.998
GWO,26,10,17,10277,381.0601861105961,100000,0.364
CMAES,26,10,17,10277,1342.5335507669201,3821,0.403
LSHADE,26,10,17,10277,300.0,100000,2.845
MSBO,26,10,18,10278,300.0002220222568,100000,1.202
GA,26,10,18,10278,347.1494240256452,100000,3.339
PSO,26,10,18,10278,532.0023577765842,100000,0.235
DE,26,10,18,10278,300.0,100000,2.04
ABC,26,10,18,10278,11.67884906858626,100002,7.113
GWO,26,10,18,10278,381.0600869569862,100000,0.364
CMAES,26,10,18,10278,1522.4727652450401,3151,0.37
LSHADE,26,10,18,10278,300.0,100000,3.068
MSBO,26,10,19,10279,300.00032473082683,100003,1.309
GA,26,10,19,10279,300.0216029180933,100000,3.421
PSO,26,10,19,10279,300.00000000000045,100000,0.224
DE,26,10,19,10279,300.0,100000,2.044
ABC,26,10,19,10279,4.320668382881195,100001,7.218
GWO,26,10,19,10279,381.06228652258505,100000,0.37
CMAES,26,10,19,10279,401.17702287529846,3241,0.323
LSHADE,26,10,19,10279,300.0,100000,3.004
MSBO,26,10,20,10280,300.0003097793174,100001,1.252
GA,26,10,20,10280,1366.4345223434884,100000,3.318
PSO,26,10,20,10280,1288.7499351825445,100000,0.232
DE,26,10,20,10280,300.0,100000,1.95
ABC,26,10,20,10280,200.9113125506583,100001,7.129
GWO,26,10,20,10280,1420.2125500842421,100000,0.352
CMAES,26,10,20,10280,1269.9854773569637,3701,0.399
LSHADE,26,10,20,10280,300.0,100000,2.845
MSBO,26,10,21,10281,300.0002999123003,100002,1.196
GA,26,10,21,10281,300.0158301301599,100000,3.315
PSO,26,10,21,10281,300.0,100000,0.223
DE,26,10,21,10281,300.0,100000,1.936
ABC,26,10,21,10281,200.45199396057933,100002,7.108
GWO,26,10,21,10281,385.6045254874325,100000,0.39
CMAES,26,10,21,10281,300.00000000003683,4401,0.463
LSHADE,26,10,21,10281,300.0,100000,2.913
MSBO,26,10,22,10282,300.00017478120753,100003,1.204
GA,26,10,22,10282,300.0198202875604,100000,3.245
PSO,26,10,22,10282,358.15759768903445,100000,0.22
DE,26,10,22,10282,300.0,100000,1.893
ABC,26,10,22,10282,203.7230193436144,100001,7.262
GWO,26,10,22,10282,380.0617110351027,100000,0.373
CMAES,26,10,22,10282,300.0000000000359,4351,0.459
LSHADE,26,10,22,10282,300.0,100000,2.833
MSBO,26,10,23,10283,300.0001956870683,100000,1.219
GA,26,10,23,10283,300.0132500567415,100000,3.327
PSO,26,10,23,10283,399.48905658183367,100000,0.219
DE,26,10,23,10283,300.0,100000,1.912
ABC,26,10,23,10283,4.05623675060815,100006,7.075
GWO,26,10,23,10283,380.08361022542795,100000,0.367
CMAES,26,10,23,10283,1332.8721137313692,4111,0.376
LSHADE,26,10,23,10283,300.0,100000,2.869
MSBO,26,10,24,10284,300.00033900864855,100003,1.191
GA,26,10,24,10284,375.7349045418273,100000,3.294
PSO,26,10,24,10284,404.6237448269744,100000,0.219
DE,26,10,24,10284,300.0,100000,1.957
ABC,26,10,24,10284,200.55140390355746,100001,6.989
GWO,26,10,24,10284,381.06009041287325,100000,0.364
CMAES,26,10,24,10284,300.00000000006276,4381,0.355
LSHADE,26,10,24,10284,300.0,100000,2.847
MSBO,26,10,25,10285,300.0002217344604,100001,1.247
GA,26,10,25,10285,300.03571160878346,100000,3.401
PSO,26,10,25,10285,347.14935499831336,100000,0.221
DE,26,10,25,10285,300.0,100000,1.945
ABC,26,10,25,10285,8.013374770023802,100001,6.978
GWO,26,10,25,10285,401.2146467228481,100000,0.364
CMAES,26,10,25,10285,1297.2548003580669,4271,0.436
LSHADE,26,10,25,10285,300.0,100000,2.934
MSBO,26,10,26,10286,300.0003022711562,100001,1.313
GA,26,10,26,10286,401.1771939685473,100000,3.213
PSO,26,10,26,10286,411.3571029427949,100000,0.217
DE,26,10,26,10286,300.0,100000,1.903
ABC,26,10,26,10286,200.30491571637822,100002,7.187
GWO,26,10,26,10286,381.0601856328235,100000,0.37
CMAES,26,10,26,10286,300.0000000000364,4371,0.468
LSHADE,26,10,26,10286,300.0,100000,2.854
MSBO,26,10,27,10287,300.00024470111975,100001,1.214
GA,26,10,27,10287,300.0187005118705,100000,3.258
PSO,26,10,27,10287,528.7461578792481,100000,0.219
DE,26,10,27,10287,300.0,100000,1.973
ABC,26,10,27,10287,4.359940264509532,100002,7.544
GWO,26,10,27,10287,372.54071345614193,100000,0.36
CMAES,26,10,27,10287,1369.3703272467592,3641,0.333
LSHADE,26,10,27,10287,300.0,100000,2.987
MSBO,26,10,28,10288,300.0002428521966,100002,1.237
GA,26,10,28,10288,1367.1535246480971,100000,3.337
PSO,26,10,28,10288,300.00000000000045,100000,0.221
DE,26,10,28,10288,300.0,100000,1.979
ABC,26,10,28,10288,202.01737212988246,100002,7.435
GWO,26,10,28,10288,1423.4818551222775,100000,0.387
CMAES,26,10,28,10288,1302.7092284738128,3431,0.364
LSHADE,26,10,28,10288,300.0,100000,3.031
MSBO,26,10,29,10289,300.00026569024885,100003,1.257
GA,26,10,29,10289,300.0307993084366,100000,3.385
PSO,26,10,29,10289,4.547473508864641e-13,100000,0.219
DE,26,10,29,10289,300.0,100000,1.979
ABC,26,10,29,10289,5.0723061711855735,100001,7.163
GWO,26,10,29,10289,409.4075076637714,100000,0.373
CMAES,26,10,29,10289,383.08281906568254,2921,0.265
LSHADE,26,10,29,10289,300.0,100000,2.938
MSBO,26,10,30,10290,300.0003001804357,100000,1.301
GA,26,10,30,10290,300.0374472671133,100000,3.493
PSO,26,10,30,10290,383.8582933596763,100000,0.227
DE,26,10,30,10290,300.0,100000,1.977
ABC,26,10,30,10290,11.542272497787962,100001,7.53
GWO,26,10,30,10290,409.40725459158557,100000,0.364
CMAES,26,10,30,10290,1262.9824838061782,4361,0.458
LSHADE,26,10,30,10290,300.0,100000,2.884
MSBO,26,10,31,10291,300.00028143773125,100001,1.218
GA,26,10,31,10291,401.17704293608995,100000,3.358
PSO,26,10,31,10291,387.9310889533617,100000,0.25
DE,26,10,31,10291,300.0,100000,1.914
ABC,26,10,31,10291,6.408037402614809,100002,7.185
GWO,26,10,31,10291,537.5289448766798,100000,0.381
CMAES,26,10,31,10291,1522.0978715393867,3381,0.354
LSHADE,26,10,31,10291,300.0,100000,3.043
MSBO,26,10,32,10292,300.00022748430865,100000,1.28
GA,26,10,32,10292,300.0158235936615,100000,3.325
PSO,26,10,32,10292,300.0,100000,0.224
DE,26,10,32,10292,300.0,100000,1.973
ABC,26,10,32,10292,8.142822592854827,100001,7.158
GWO,26,10,32,10292,380.061472456674,100000,0.362
CMAES,26,10,32,10292,1419.3928308029658,3981,0.354
LSHADE,26,10,32,10292,300.0,100000,2.83
MSBO,26,10,33,10293,300.0003375032952,100003,1.177
GA,26,10,33,10293,383.08293111452394,100000,3.254
PSO,26,10,33,10293,300.00000000000045,100000,0.218
DE,26,10,33,10293,347.1493549983129,100000,1.912
ABC,26,10,33,10293,4.875300590193092,100005,7.146
GWO,26,10,33,10293,409.4073460729919,100000,0.374
CMAES,26,10,33,10293,300.0000000000391,4531,0.393
LSHADE,26,10,33,10293,300.0,100000,3.003
MSBO,26,10,34,10294,300.0003580052339,100002,1.217
GA,26,10,34,10294,300.0215613487567,100000,3.374
PSO,26,10,34,10294,300.0,100000,0.22
DE,26,10,34,10294,300.0,100000,1.908
ABC,26,10,34,10294,200.08672473304068,100002,6.9
GWO,26,10,34,10294,300.07590060543,100000,0.378
CMAES,26,10,34,10294,1205.3197285151368,4051,0.453
LSHADE,26,10,34,10294,300.0,100000,2.938
MSBO,26,10,35,10295,300.0002481412416,100002,1.249
GA,26,10,35,10295,300.0329084661712,100000,3.392
PSO,26,10,35,10295,494.00370706684816,100000,0.242
DE,26,10,35,10295,300.0,100000,2.101
ABC,26,10,35,10295,206.19274059114332,100002,7.026
GWO,26,10,35,10295,300.105514962263,100000,0.36
CMAES,26,10,35,10295,300.0000000000309,4271,0.421
LSHADE,26,10,35,10295,300.0,100000,2.887
MSBO,26,10,36,10296,300.0002314180924,100001,1.327
GA,26,10,36,10296,300.0210340608446,100000,3.503
PSO,26,10,36,10296,537.2759976728594,100000,0.225
DE,26,10,36,10296,300.0,100000,1.909
ABC,26,10,36,10296,8.068708492276983,100001,6.914
GWO,26,10,36,10296,381.0596926727835,100000,0.366
CMAES,26,10,36,10296,300.0000000000505,4311,0.346
LSHADE,26,10,36,10296,300.0,100000,3.034
MSBO,26,10,37,10297,300.00038413521816,100002,1.278
GA,26,10,37,10297,300.0296086120152,100000,3.327
PSO,26,10,37,10297,300.00000000000045,100000,0.218
DE,26,10,37,10297,300.0,100000,1.925
ABC,26,10,37,10297,207.2549728912063,100002,6.954
GWO,26,10,37,10297,380.0628585930863,100000,0.357
CMAES,26,10,37,10297,300.00000000005684,4531,0.381
LSHADE,26,10,37,10297,300.0,100000,2.835
MSBO,26,10,38,10298,300.00034343224934,100003,1.253
GA,26,10,38,10298,1465.1141182457245,100000,3.317
PSO,26,10,38,10298,1404.3887368586766,100000,0.22
DE,26,10,38,10298,300.0,100000,1.907
ABC,26,10,38,10298,3.1790859728066607,100002,7.243
GWO,26,10,38,10298,1321.9615972176016,100000,0.363
CMAES,26,10,38,10298,401.17702287529846,2991,0.323
LSHADE,26,10,38,10298,300.0,100000,3.029
MSBO,26,10,39,10299,300.0002839568974,100000,1.309
GA,26,10,39,10299,347.14944423284487,100000,3.313
PSO,26,10,39,10299,400.96926807180853,100000,0.219
DE,26,10,39,10299,300.0,100000,1.896
ABC,26,10,39,10299,203.52148697416078,100004,7.012
GWO,26,10,39,10299,1339.8833335741592,100000,0.351
CMAES,26,10,39,10299,1184.8055111979616,3841,0.433
LSHADE,26,10,39,10299,300.0,100000,3.048
MSBO,26,10,40,10300,300.00026728593,100002,1.221
GA,26,10,40,10300,200.12029367609557,100000,3.373
PSO,26,10,40,10300,1378.5367334277585,100000,0.223
DE,26,10,40,10300,347.1493549983129,100000,1.924
ABC,26,10,40,10300,200.3804169372729,100001,7.197
GWO,26,10,40,10300,471.58073903715103,100000,0.352
CMAES,26,10,40,10300,1194.2452827412958,4831,0.443
LSHADE,26,10,40,10300,300.0,100000,2.875
MSBO,26,10,41,10301,300.0002852618495,100000,1.209
GA,26,10,41,10301,200.41899411440636,100000,3.309
PSO,26,10,41,10301,347.14935499831336,100000,0.252
DE,26,10,41,10301,300.0,100000,1.995
ABC,26,10,41,10301,6.94405646533869,100003,7.29
GWO,26,10,41,10301,409.40761683977917,100000,0.365
CMAES,26,10,41,10301,1449.1112575062484,3791,0.387
LSHADE,26,10,41,10301,300.0,100000,2.848
MSBO,26,10,42,10302,300.0002377099918,100001,1.223
GA,26,10,42,10302,300.02813282487796,100000,3.377
PSO,26,10,42,10302,419.8185495681628,100000,0.22
DE,26,10,42,10302,300.0,100000,1.912
ABC,26,10,42,10302,9.009923328581408,100000,6.993
GWO,26,10,42,10302,380.0617740590528,100000,0.365
CMAES,26,10,42,10302,300.00000000006185,4551,0.441
LSHADE,26,10,42,10302,300.0,100000,2.83
MSBO,26,10,43,10303,300.00013260248215,100001,1.2
GA,26,10,43,10303,393.0166034041572,100000,3.247
PSO,26,10,43,10303,375.7677087895163,100000,0.222
DE,26,10,43,10303,300.0,100000,1.896
ABC,26,10,43,10303,202.3430124903307,100003,6.902
GWO,26,10,43,10303,381.05971327500083,100000,0.364
CMAES,26,10,43,10303,1483.1587760495436,3611,0.342
LSHADE,26,10,43,10303,300.0,100000,2.931
MSBO,26,10,44,10304,300.0002231193639,100000,1.218
GA,26,10,44,10304,300.02280492303225,100000,3.413
PSO,26,10,44,10304,1418.0438554350199,100000,0.231
DE,26,10,44,10304,354.2241263462438,100000,1.96
ABC,26,10,44,10304,1.4201463764188702,100000,7.015
GWO,26,10,44,10304,409.40568445362305,100000,0.365
CMAES,26,10,44,10304,1226.399706503898,3991,0.363
LSHADE,26,10,44,10304,300.0,100000,2.986
MSBO,26,10,45,10305,300.00030262337077,100000,1.202
GA,26,10,45,10305,300.0308598919182,100000,3.328
PSO,26,10,45,10305,425.06022070076506,100000,0.216
DE,26,10,45,10305,300.0,100000,1.931
ABC,26,10,45,10305,2.544097676495767,100000,7.153
GWO,26,10,45,10305,532.3707612406156,100000,0.374
CMAES,26,10,45,10305,300.00000000005093,4301,0.434
LSHADE,26,10,45,10305,300.0,100000,2.946
MSBO,26,10,46,10306,300.00026231309766,100002,1.21
GA,26,10,46,10306,451.516753440068,100000,3.293
PSO,26,10,46,10306,300.00000000000045,100000,0.218
DE,26,10,46,10306,300.0,100000,1.924
ABC,26,10,46,10306,11.513188518984862,100000,6.838
GWO,26,10,46,10306,381.06062091941794,100000,0.363
CMAES,26,10,46,10306,300.00000000005457,4641,0.442
LSHADE,26,10,46,10306,300.0,100000,2.867
MSBO,26,10,47,10307,300.00024405873774,100000,1.177
GA,26,10,47,10307,300.02408069291914,100000,3.262
PSO,26,10,47,10307,300.00000000000045,100000,0.219
DE,26,10,47,10307,300.0,100000,1.96
ABC,26,10,47,10307,5.569841809048285,100003,6.925
GWO,26,10,47,10307,385.60464501762226,100000,0.364
CMAES,26,10,47,10307,300.00000000005,4361,0.416
LSHADE,26,10,47,10307,300.0,100000,2.833
MSBO,26,10,48,10308,300.000188806373,100003,1.2
GA,26,10,48,10308,300.02600251302283,100000,3.216
PSO,26,10,48,10308,300.00000000000045,100000,0.215
DE,26,10,48,10308,300.0,100000,1.89
ABC,26,10,48,10308,6.6288605568483945,100002,7.011
GWO,26,10,48,10308,437.8166996210466,100000,0.358
CMAES,26,10,48,10308,300.00000000004275,4071,0.341
LSHADE,26,10,48,10308,300.0,100000,2.903
MSBO,26,10,49,10309,300.0003891575516,100000,1.387
GA,26,10,49,10309,1492.1966556923262,100000,3.349
PSO,26,10,49,10309,1522.2672950155647,100000,0.229
DE,26,10,49,10309,347.1493549983129,100000,2.029
ABC,26,10,49,10309,200.5170448991421,100002,6.945
GWO,26,10,49,10309,409.4074686899644,100000,0.365
CMAES,26,10,49,10309,1239.9375932106782,3971,0.35
LSHADE,26,10,49,10309,300.0,100000,2.839
MSBO,26,10,50,10310,300.0002618656513,100002,1.22
GA,26,10,50,10310,1426.914389258855,100000,3.429
PSO,26,10,50,10310,407.024096624878,100000,0.235
DE,26,10,50,10310,389.5113637121681,100000,2.025
ABC,26,10,50,10310,300.3695236545873,100000,7.391
GWO,26,10,50,10310,1376.3849294173879,100000,0.383
CMAES,26,10,50,10310,1234.4946580870378,3291,0.336
LSHADE,26,10,50,10310,300.0,100000,2.796
MSBO,27,10,15,10285,389.95493817691204,100003,1.169
GA,27,10,15,10285,402.31798456123624,100000,3.25
PSO,27,10,15,10285,413.28744783244656,100000,0.234
DE,27,10,15,10285,389.7056798284448,100000,1.936
ABC,27,10,15,10285,392.4827581721793,100004,7.035
GWO,27,10,15,10285,395.5693505309323,100000,0.366
CMAES,27,10,15,10285,394.2297917579517,3471,0.324
LSHADE,27,10,15,10285,389.5179902401351,100000,3.022
MSBO,27,10,16,10286,389.51799251034026,100001,1.222
GA,27,10,16,10286,407.2762684588033,100000,3.247
PSO,27,10,16,10286,447.536002031321,100000,0.239
DE,27,10,16,10286,389.5179902401351,100000,1.939
ABC,27,10,16,10286,395.11703043280386,100004,6.921
GWO,27,10,16,10286,395.5549287893432,100000,0.358
CMAES,27,10,16,10286,397.2474965833703,3111,0.326
LSHADE,27,10,16,10286,389.0055265186779,100000,2.862
MSBO,27,10,17,10287,389.63689995321874,100001,1.179
GA,27,10,17,10287,442.70488433685796,100000,3.25
PSO,27,10,17,10287,465.582935045612,100000,0.246
DE,27,10,17,10287,390.040030833296,100000,1.925
ABC,27,10,17,10287,394.6355267156023,100006,6.913
GWO,27,10,17,10287,396.26321918919984,100000,0.362
CMAES,27,10,17,10287,395.74253413002407,3581,0.377
LSHADE,27,10,17,10287,389.5179902401351,100000,2.835
MSBO,27,10,18,10288,394.4998066862204,100003,1.197
GA,27,10,18,10288,394.4249285876417,100000,3.44
PSO,27,10,18,10288,405.5744418557365,100000,0.235
DE,27,10,18,10288,390.7518986516234,100000,1.994
ABC,27,10,18,10288,397.5265549317146,100003,7.05
GWO,27,10,18,10288,395.5616149805469,100000,0.357
CMAES,27,10,18,10288,394.4998066053522,3691,0.403
LSHADE,27,10,18,10288,389.5179902401351,100000,2.87
MSBO,27,10,19,10289,389.517990633974,100000,1.16
GA,27,10,19,10289,392.1633813475137,100000,3.297
PSO,27,10,19,10289,403.1580055711038,100000,0.233
DE,27,10,19,10289,389.5179902401351,100000,3.808
ABC,27,10,19,10289,392.41135734170894,100003,7.142
GWO,27,10,19,10289,396.80117677096905,100000,0.357
CMAES,27,10,19,10289,398.5658757357205,3001,0.366
LSHADE,27,10,19,10289,389.5179902401351,100000,4.66
MSBO,27,10,20,10290,389.51799107048646,100001,1.954
GA,27,10,20,10290,391.5591299325479,100000,4.15
PSO,27,10,20,10290,441.0185946775473,100000,0.233
DE,27,10,20,10290,389.7056798284448,100000,1.913
ABC,27,10,20,10290,398.115551874796,100001,6.961
GWO,27,10,20,10290,395.79232580463986,100000,0.362
CMAES,27,10,20,10290,395.74501461557065,7901,0.904
LSHADE,27,10,20,10290,389.5179902401351,100000,2.946
MSBO,27,10,21,10291,395.0109287171272,100002,1.21
GA,27,10,21,10291,395.76532447495583,100000,3.441
PSO,27,10,21,10291,396.1347098704614,100000,0.237
DE,27,10,21,10291,389.30807675644655,100000,2.043
ABC,27,10,21,10291,395.31738622417606,100008,6.961
GWO,27,10,21,10291,395.5775315039559,100000,0.364
CMAES,27,10,21,10291,396.3647263516168,3101,0.322
LSHADE,27,10,21,10291,389.5179902401351,100000,2.911
MSBO,27,10,22,10292,390.5995329816078,100002,1.181
GA,27,10,22,10292,396.7401218154382,100000,3.321
PSO,27,10,22,10292,423.10787002307825,100000,0.239
DE,27,10,22,10292,390.7518986516234,100000,1.908
ABC,27,10,22,10292,396.05464345574956,100003,6.997
GWO,27,10,22,10292,395.3601157762946,100000,0.354
CMAES,27,10,22,10292,398.6266996434247,9001,1.057
LSHADE,27,10,22,10292,389.5179902401351,100000,2.953
MSBO,27,10,23,10293,389.51799100306835,100003,1.238
GA,27,10,23,10293,395.8512204245749,100000,3.617
PSO,27,10,23,10293,416.03118686789867,100000,0.248
DE,27,10,23,10293,389.95493776806325,100000,1.998
ABC,27,10,23,10293,396.8822278958337,100003,7.066
GWO,27,10,23,10293,395.3602490457638,100000,0.358
CMAES,27,10,23,10293,398.69672936863026,11451,1.297
LSHADE,27,10,23,10293,389.0055265186779,100000,2.894
MSBO,27,10,24,10294,395.07455675628216,100003,1.16
GA,27,10,24,10294,420.235228476206,100000,3.233
PSO,27,10,24,10294,476.3699608756069,100000,0.238
DE,27,10,24,10294,389.7056798284448,100000,1.923
ABC,27,10,24,10294,393.5003914721601,100004,7.099
GWO,27,10,24,10294,396.80115080435644,100000,0.357
CMAES,27,10,24,10294,398.54768910500616,3631,0.388
LSHADE,27,10,24,10294,389.5179902401351,100000,2.942
MSBO,27,10,25,10295,394.3631563025733,100000,1.182
GA,27,10,25,10295,394.80085697618733,100000,3.296
PSO,27,10,25,10295,405.83431806425733,100000,0.241
DE,27,10,25,10295,389.30807675644655,100000,2.013
ABC,27,10,25,10295,394.602193165691,100003,7.04
GWO,27,10,25,10295,395.55656436719164,100000,0.356
CMAES,27,10,25,10295,397.501488511798,3931,0.426
LSHADE,27,10,25,10295,389.00552651867747,100000,2.922
MSBO,27,10,26,10296,389.517991333837,100003,1.242
GA,27,10,26,10296,420.6962639871176,100000,3.33
PSO,27,10,26,10296,407.9595985826286,100000,0.235
DE,27,10,26,10296,390.7518986516234,100000,1.936
ABC,27,10,26,10296,395.7820567366862,100004,7.213
GWO,27,10,26,10296,396.4953205483989,100000,0.362
CMAES,27,10,26,10296,395.9847666871897,3361,0.362
LSHADE,27,10,26,10296,389.5179902401351,100000,3.046
MSBO,27,10,27,10297,389.70908340607684,100003,1.231
GA,27,10,27,10297,401.85895037618,100000,3.39
PSO,27,10,27,10297,406.4234322102975,100000,0.24
DE,27,10,27,10297,389.5179902408072,100000,1.929
ABC,27,10,27,10297,398.16355051655046,100003,7.02
GWO,27,10,27,10297,396.8007814729126,100000,0.353
CMAES,27,10,27,10297,394.8564642784877,3591,0.378
LSHADE,27,10,27,10297,389.5179902401351,100000,2.863
MSBO,27,10,28,10298,389.00552686050787,100001,1.164
GA,27,10,28,10298,398.79807089941096,100000,3.291
PSO,27,10,28,10298,425.20302421988345,100000,0.239
DE,27,10,28,10298,389.5179902401351,100000,1.962
ABC,27,10,28,10298,397.62097035233,100006,6.976
GWO,27,10,28,10298,396.6845359082449,100000,0.358
CMAES,27,10,28,10298,398.0037229637501,3181,0.305
LSHADE,27,10,28,10298,389.5179902401351,100000,3.1
MSBO,27,10,29,10299,395.9847666879946,100003,1.249
GA,27,10,29,10299,399.07931420550267,100000,3.383
PSO,27,10,29,10299,406.2000713172374,100000,0.252
DE,27,10,29,10299,389.5179902401351,100000,1.939
ABC,27,10,29,10299,396.3524847482813,100004,7.292
GWO,27,10,29,10299,395.55566824418884,100000,0.381
CMAES,27,10,29,10299,397.8398706445796,24751,2.543
LSHADE,27,10,29,10299,389.5179902401351,100000,2.924
MSBO,27,10,30,10300,389.00552659243385,100000,1.158
GA,27,10,30,10300,404.0010344865227,100000,3.267
PSO,27,10,30,10300,410.84070932968734,100000,0.232
DE,27,10,30,10300,389.5179902401351,100000,1.937
ABC,27,10,30,10300,397.8921308972326,100006,6.873
GWO,27,10,30,10300,395.35990203004985,100000,0.35
CMAES,27,10,30,10300,398.5702517544246,7101,0.794
LSHADE,27,10,30,10300,389.5179902401351,100000,2.881
MSBO,27,10,31,10301,389.51799126810056,100000,1.287
GA,27,10,31,10301,393.9634056481741,100000,3.358
PSO,27,10,31,10301,398.56914734368365,100000,0.235
DE,27,10,31,10301,392.79614411667626,100000,2.02
ABC,27,10,31,10301,393.60288230721017,100002,7.092
GWO,27,10,31,10301,395.3598486427891,100000,0.351
CMAES,27,10,31,10301,397.8548276551637,3201,0.299
LSHADE,27,10,31,10301,389.5179902401351,100000,3.003
MSBO,27,10,32,10302,389.51799156167,100001,1.177
GA,27,10,32,10302,442.70218750644517,100000,3.302
PSO,27,10,32,10302,421.0892489962657,100000,0.236
DE,27,10,32,10302,389.5179902401351,100000,1.938
ABC,27,10,32,10302,395.8798506243502,100005,7.989
GWO,27,10,32,10302,395.3600182880068,100000,0.363
CMAES,27,10,32,10302,401.23373888545075,3121,0.31
LSHADE,27,10,32,10302,389.5179902401351,100000,3.036
MSBO,27,10,33,10303,393.81876468924384,100000,1.347
GA,27,10,33,10303,400.1399243229607,100000,3.347
PSO,27,10,33,10303,457.47685328025136,100000,0.244
DE,27,10,33,10303,389.30807675644655,100000,1.953
ABC,27,10,33,10303,393.9228024816698,100003,6.896
GWO,27,10,33,10303,396.144566912908,100000,0.351
CMAES,27,10,33,10303,395.0745565449729,3031,0.282
LSHADE,27,10,33,10303,389.5179902401351,100000,2.959
MSBO,27,10,34,10304,390.599533070038,100003,1.165
GA,27,10,34,10304,402.33708655784403,100000,3.263
PSO,27,10,34,10304,408.6579168486005,100000,0.233
DE,27,10,34,10304,389.30807675644655,100000,1.954
ABC,27,10,34,10304,393.8436746405714,100006,7.012
GWO,27,10,34,10304,395.36036063157235,100000,0.366
CMAES,27,10,34,10304,395.0745565449729,3331,0.324
LSHADE,27,10,34,10304,389.5179902401351,100000,3.078
MSBO,27,10,35,10305,389.51799056026175,100001,1.153
GA,27,10,35,10305,397.47201263534816,100000,3.237
PSO,27,10,35,10305,400.82901381182774,100000,0.233
DE,27,10,35,10305,389.00552651867747,100000,1.944
ABC,27,10,35,10305,394.02581767211086,100004,6.887
GWO,27,10,35,10305,395.35991855662087,100000,0.358
CMAES,27,10,35,10305,403.3121576598246,7701,0.812
LSHADE,27,10,35,10305,389.0055265186779,100000,3.06
MSBO,27,10,36,10306,389.51799073840266,100001,1.211
GA,27,10,36,10306,466.41100105366513,100000,3.357
PSO,27,10,36,10306,480.2029097185891,100000,0.242
DE,27,10,36,10306,389.5179902401351,100000,1.981
ABC,27,10,36,10306,398.68792958295944,100007,7.036
GWO,27,10,36,10306,395.3600599113288,100000,0.355
CMAES,27,10,36,10306,397.24749658336987,3171,0.302
LSHADE,27,10,36,10306,389.5179902401351,100000,2.868
MSBO,27,10,37,10307,395.0745567678314,100002,1.179
GA,27,10,37,10307,478.36311975728995,100000,3.321
PSO,27,10,37,10307,417.81966582861514,100000,0.235
DE,27,10,37,10307,389.308076756447,100000,1.933
ABC,27,10,37,10307,396.3968083850191,100005,7.0
GWO,27,10,37,10307,396.3432927894055,100000,0.368
CMAES,27,10,37,10307,395.9847666871897,3361,0.463
LSHADE,27,10,37,10307,389.0055265186779,100000,2.973
MSBO,27,10,38,10308,389.51799068188666,100003,1.165
GA,27,10,38,10308,390.0010417133203,100000,3.338
PSO,27,10,38,10308,402.07538440296867,100000,0.244
DE,27,10,38,10308,389.30807675644655,100000,1.991
ABC,27,10,38,10308,395.62028760159546,100004,7.209
GWO,27,10,38,10308,395.3599303663582,100000,0.417
CMAES,27,10,38,10308,395.9847666871897,3151,0.306
LSHADE,27,10,38,10308,389.5179902401351,100000,3.141
MSBO,27,10,39,10309,390.59953304186047,100000,1.163
GA,27,10,39,10309,393.59964853964266,100000,3.244
PSO,27,10,39,10309,395.7516918633096,100000,0.235
DE,27,10,39,10309,389.5179902401351,100000,1.923
ABC,27,10,39,10309,397.2997900403702,100005,6.9
GWO,27,10,39,10309,395.998106750862,100000,0.35
CMAES,27,10,39,10309,395.9847666871897,3251,0.293
LSHADE,27,10,39,10309,389.0055265186779,100000,3.03
MSBO,27,10,40,10310,389.9549378335878,100003,1.198
GA,27,10,40,10310,493.9968395683986,100000,3.293
PSO,27,10,40,10310,493.8960357879023,100000,0.234
DE,27,10,40,10310,389.95493776806325,100000,1.955
ABC,27,10,40,10310,392.9464654940598,100004,6.939
GWO,27,10,40,10310,395.359966597081,100000,0.353
CMAES,27,10,40,10310,395.9847666871897,3721,0.377
LSHADE,27,10,40,10310,389.5179902401351,100000,2.958
MSBO,27,10,41,10311,395.9847666886035,100002,1.247
GA,27,10,41,10311,489.55775993602583,100000,3.363
PSO,27,10,41,10311,405.60017729116635,100000,0.249
DE,27,10,41,10311,389.5179902401351,100000,1.98
ABC,27,10,41,10311,395.98210240624167,100005,7.247
GWO,27,10,41,10311,395.35992367890776,100000,0.355
CMAES,27,10,41,10311,403.2419669254332,6151,0.69
LSHADE,27,10,41,10311,389.5179902401351,100000,2.879
MSBO,27,10,42,10312,389.5179912472049,100001,1.157
GA,27,10,42,10312,395.31806374262624,100000,3.255
PSO,27,10,42,10312,400.6673774549895,100000,0.233
DE,27,10,42,10312,389.00552651867747,100000,1.92
ABC,27,10,42,10312,396.34394811055654,100005,7.174
GWO,27,10,42,10312,396.8008527698612,100000,0.356
CMAES,27,10,42,10312,397.799491718426,2981,0.318
LSHADE,27,10,42,10312,389.5179902401351,100000,2.874
MSBO,27,10,43,10313,393.34013467192744,100000,1.191
GA,27,10,43,10313,389.95878295051943,100000,3.376
PSO,27,10,43,10313,469.63313120852854,100000,0.252
DE,27,10,43,10313,389.51799029320546,100000,2.114
ABC,27,10,43,10313,396.1371044462362,100006,7.179
GWO,27,10,43,10313,395.62814876841776,100000,0.357
CMAES,27,10,43,10313,395.4620695181393,3291,0.362
LSHADE,27,10,43,10313,389.5179902401351,100000,2.913
MSBO,27,10,44,10314,389.70908340978576,100001,1.182
GA,27,10,44,10314,393.1895250417306,100000,3.245
PSO,27,10,44,10314,397.21655991117905,100000,0.235
DE,27,10,44,10314,389.30807675644655,100000,1.936
ABC,27,10,44,10314,394.3939464587788,100002,6.861
GWO,27,10,44,10314,395.3597974241411,100000,0.357
CMAES,27,10,44,10314,395.9847666871897,3341,0.367
LSHADE,27,10,44,10314,389.00552651867747,100000,2.907
MSBO,27,10,45,10315,393.8187646883739,100002,1.2
GA,27,10,45,10315,403.16140453211574,100000,3.424
PSO,27,10,45,10315,415.4432267077991,100000,0.236
DE,27,10,45,10315,389.5179902401351,100000,1.943
ABC,27,10,45,10315,393.61738905282937,100003,7.339
GWO,27,10,45,10315,395.3601728356148,100000,0.361
CMAES,27,10,45,10315,401.3739816073926,10301,1.071
LSHADE,27,10,45,10315,389.6368405310286,100000,2.923
MSBO,27,10,46,10316,395.01092861114876,100001,1.171
GA,27,10,46,10316,397.07306055280833,100000,3.294
PSO,27,10,46,10316,414.0240973856139,100000,0.239
DE,27,10,46,10316,389.6368405310286,100000,1.923
ABC,27,10,46,10316,394.8507014786128,100004,7.116
GWO,27,10,46,10316,395.36006904048145,100000,0.38
CMAES,27,10,46,10316,398.1917647927039,11301,1.119
LSHADE,27,10,46,10316,389.00552651867747,100000,2.912
MSBO,27,10,47,10317,395.01092861478355,100000,1.175
GA,27,10,47,10317,397.9091637321153,100000,3.289
PSO,27,10,47,10317,399.41827102747857,100000,0.245
DE,27,10,47,10317,389.7056798284448,100000,1.97
ABC,27,10,47,10317,391.70411518181936,100009,7.1
GWO,27,10,47,10317,396.3638219426398,100000,0.351
CMAES,27,10,47,10317,397.2474965833703,3241,0.313
LSHADE,27,10,47,10317,389.5179902401351,100000,2.876
MSBO,27,10,48,10318,389.5179912358458,100001,1.195
GA,27,10,48,10318,460.9880722696894,100000,3.353
PSO,27,10,48,10318,492.9789535677028,100000,0.249
DE,27,10,48,10318,389.7056798284448,100000,1.986
ABC,27,10,48,10318,391.80726956376066,100005,7.365
GWO,27,10,48,10318,395.3600556611973,100000,0.365
CMAES,27,10,48,10318,494.46593381040293,5121,0.532
LSHADE,27,10,48,10318,389.5179902401351,100000,2.917
MSBO,27,10,49,10319,389.0055272772088,100001,1.162
GA,27,10,49,10319,439.8534164068101,100000,3.299
PSO,27,10,49,10319,412.74709001353585,100000,0.241
DE,27,10,49,10319,389.5179902401351,100000,1.951
ABC,27,10,49,10319,394.16297770440724,100005,6.81
GWO,27,10,49,10319,396.26122785848474,100000,0.351
CMAES,27,10,49,10319,397.1149959632612,3041,0.276
LSHADE,27,10,49,10319,389.30807675644655,100000,2.841
MSBO,27,10,50,10320,389.95493824988216,100002,1.16
GA,27,10,50,10320,403.45043732995146,100000,3.308
PSO,27,10,50,10320,396.0178615493869,100000,0.235
DE,27,10,50,10320,389.5179902401351,100000,1.967
ABC,27,10,50,10320,393.0776079706229,100005,7.022
GWO,27,10,50,10320,394.7921074296837,100000,0.361
CMAES,27,10,50,10320,398.6967293686025,11701,1.312
LSHADE,27,10,50,10320,389.00552651867747,100000,2.919
MSBO,28,10,0,10280,300.000305989935,100002,1.149
GA,28,10,0,10280,365.67942503653376,100000,3.285
PSO,28,10,0,10280,436.59482055835724,100000,0.201
DE,28,10,0,10280,300.0,100000,1.89
ABC,28,10,0,10280,301.1982802692037,100002,7.001
GWO,28,10,0,10280,612.6446425727822,100000,0.315
CMAES,28,10,0,10280,611.8218080646557,2551,0.252
LSHADE,28,10,0,10280,611.8218080646557,100000,2.977
MSBO,28,10,1,10281,300.00046583782023,100001,1.247
GA,28,10,1,10281,300.0415547595644,100000,3.329
PSO,28,10,1,10281,300.0,100000,0.244
DE,28,10,1,10281,396.56811566068336,100000,2.005
ABC,28,10,1,10281,43.3622403266063,100001,7.129
GWO,28,10,1,10281,412.5522394386853,100000,0.314
CMAES,28,10,1,10281,583.7452262659444,3081,0.291
LSHADE,28,10,1,10281,300.0,100000,2.947
MSBO,28,10,2,10282,300.00032213432996,100000,1.196
GA,28,10,2,10282,300.0799030503299,100000,3.285
PSO,28,10,2,10282,612.0525729538199,100000,0.201
DE,28,10,2,10282,300.0,100000,1.89
ABC,28,10,2,10282,307.8813182098352,100002,7.458
GWO,28,10,2,10282,588.9835571013909,100000,0.324
CMAES,28,10,2,10282,300.0000000000455,5351,0.535
LSHADE,28,10,2,10282,300.0,100000,2.863
MSBO,28,10,3,10283,300.000462431055,100001,1.198
GA,28,10,3,10283,611.8218083514521,100000,3.303
PSO,28,10,3,10283,611.8887676000704,100000,0.201
DE,28,10,3,10283,309.83920449910556,100000,1.921
ABC,28,10,3,10283,132.48431083151627,100000,6.851
GWO,28,10,3,10283,612.646972944106,100000,0.318
CMAES,28,10,3,10283,300.0000000000691,5381,0.444
LSHADE,28,10,3,10283,583.7340414044465,100000,2.827
MSBO,28,10,4,10284,300.00048523299984,100000,1.241
GA,28,10,4,10284,583.7340416010975,100000,3.334
PSO,28,10,4,10284,583.7452262659444,100000,0.219
DE,28,10,4,10284,300.0,100000,1.953
ABC,28,10,4,10284,301.4398650936564,100002,6.801
GWO,28,10,4,10284,587.129555862004,100000,0.314
CMAES,28,10,4,10284,645.050138265477,3041,0.321
LSHADE,28,10,4,10284,300.0,100000,2.861
MSBO,28,10,5,10285,300.00031843310535,100001,1.288
GA,28,10,5,10285,611.8218082882786,100000,3.283
PSO,28,10,5,10285,611.8887676000704,100000,0.198
DE,28,10,5,10285,611.8218080646557,100000,1.904
ABC,28,10,5,10285,360.894445221772,100001,7.153
GWO,28,10,5,10285,613.1146182044545,100000,0.327
CMAES,28,10,5,10285,611.8218080646557,3421,0.383
LSHADE,28,10,5,10285,300.0,100000,4.345
MSBO,28,10,6,10286,300.0003010192545,100002,1.689
GA,28,10,6,10286,611.8218081124714,100000,3.208
PSO,28,10,6,10286,612.0525729538199,100000,0.207
DE,28,10,6,10286,300.0,100000,1.883
ABC,28,10,6,10286,369.7635176822919,100001,6.846
GWO,28,10,6,10286,612.649649241795,100000,0.321
CMAES,28,10,6,10286,611.8218080646557,2801,0.302
LSHADE,28,10,6,10286,418.54922827661176,100000,2.78
MSBO,28,10,7,10287,300.0004639750632,100003,1.183
GA,28,10,7,10287,611.8218085802155,100000,3.197
PSO,28,10,7,10287,435.4267040929203,100000,0.206
DE,28,10,7,10287,300.0,100000,1.932
ABC,28,10,7,10287,301.9617364253204,100001,6.98
GWO,28,10,7,10287,616.1989522923691,100000,0.317
CMAES,28,10,7,10287,611.8218080646557,2801,0.263
LSHADE,28,10,7,10287,300.0,100000,2.825
MSBO,28,10,8,10288,300.0004623049408,100000,1.302
GA,28,10,8,10288,611.8218082656058,100000,3.277
PSO,28,10,8,10288,588.6687935396271,100000,0.216
DE,28,10,8,10288,611.8218080646557,100000,1.946
ABC,28,10,8,10288,301.0207842524387,100001,6.926
GWO,28,10,8,10288,612.6513691730279,100000,0.316
CMAES,28,10,8,10288,611.8218080646557,3331,0.381
LSHADE,28,10,8,10288,300.0,100000,2.865
MSBO,28,10,9,10289,300.0003951561148,100003,1.163
GA,28,10,9,10289,611.8218080783499,100000,4.216
PSO,28,10,9,10289,612.0525729538194,100000,0.203
DE,28,10,9,10289,300.0,100000,2.015
ABC,28,10,9,10289,303.6175589804143,100002,7.118
GWO,28,10,9,10289,612.6480311662476,100000,0.32
CMAES,28,10,9,10289,611.8218080646557,2891,0.309
LSHADE,28,10,9,10289,300.0,100000,2.999
MSBO,28,10,10,10290,300.000377412191,100000,1.331
GA,28,10,10,10290,583.7340492038834,100000,3.312
PSO,28,10,10,10290,435.4267040929212,100000,0.203
DE,28,10,10,10290,583.7340414044465,100000,1.908
ABC,28,10,10,10290,382.5171818323647,100002,6.958
GWO,28,10,10,10290,593.5253670187035,100000,0.316
CMAES,28,10,10,10290,611.8218080646557,3251,0.339
LSHADE,28,10,10,10290,300.0,100000,2.876
MSBO,28,10,11,10291,300.00028223839627,100001,1.233
GA,28,10,11,10291,415.7512400024102,100000,3.508
PSO,28,10,11,10291,382.8200408902062,100000,0.205
DE,28,10,11,10291,300.0,100000,1.944
ABC,28,10,11,10291,308.1880289142505,100001,7.068
GWO,28,10,11,10291,417.45289273984235,100000,0.322
CMAES,28,10,11,10291,611.8218080646557,2851,0.305
LSHADE,28,10,11,10291,300.0,100000,2.853
MSBO,28,10,12,10292,300.000375310025,100000,1.262
GA,28,10,12,10292,300.06014479487567,100000,3.229
PSO,28,10,12,10292,439.91018529633993,100000,0.213
DE,28,10,12,10292,362.13477834920104,100000,1.939
ABC,28,10,12,10292,376.43535854204583,100000,6.817
GWO,28,10,12,10292,624.8104742555797,100000,0.332
CMAES,28,10,12,10292,583.7340414044465,3451,0.335
LSHADE,28,10,12,10292,611.8218080646557,100000,2.848
MSBO,28,10,13,10293,300.0005509182615,100000,1.256
GA,28,10,13,10293,583.7463486321335,100000,3.312
PSO,28,10,13,10293,612.0525729538194,100000,0.207
DE,28,10,13,10293,396.56811566068336,100000,1.907
ABC,28,10,13,10293,369.89573523442505,100001,6.995
GWO,28,10,13,10293,612.6803579937546,100000,0.316
CMAES,28,10,13,10293,611.8218080646557,2931,0.274
LSHADE,28,10,13,10293,611.8218080646557,100000,2.836
MSBO,28,10,14,10294,300.00066660127595,100002,1.218
GA,28,10,14,10294,300.03145357701305,100000,3.344
PSO,28,10,14,10294,370.3019252063964,100000,0.209
DE,28,10,14,10294,300.0,100000,1.968
ABC,28,10,14,10294,303.77475354705075,100002,7.198
GWO,28,10,14,10294,426.2533007573279,100000,0.326
CMAES,28,10,14,10294,936.1799730768976,2721,0.302
LSHADE,28,10,14,10294,300.0,100000,2.829
MSBO,28,10,15,10295,300.00046138428934,100002,1.182
GA,28,10,15,10295,415.73556533344754,100000,3.25
PSO,28,10,15,10295,588.6687935396267,100000,0.208
DE,28,10,15,10295,583.7340414044465,100000,1.915
ABC,28,10,15,10295,347.161482677619,100002,6.966
GWO,28,10,15,10295,430.89952651617114,100000,0.316
CMAES,28,10,15,10295,583.734041404447,2921,0.277
LSHADE,28,10,15,10295,300.0,100000,2.798
MSBO,28,10,16,10296,300.00050494546394,100003,1.243
GA,28,10,16,10296,364.4242676426984,100000,3.338
PSO,28,10,16,10296,612.0525729538199,100000,0.206
DE,28,10,16,10296,300.0,100000,1.938
ABC,28,10,16,10296,170.26563641534995,100004,6.893
GWO,28,10,16,10296,447.4245190026418,100000,0.317
CMAES,28,10,16,10296,611.8218080646557,2641,0.244
LSHADE,28,10,16,10296,611.8218080646557,100000,2.79
MSBO,28,10,17,10297,300.00029124636467,100000,1.233
GA,28,10,17,10297,936.1799730770131,100000,3.231
PSO,28,10,17,10297,753.7602248982876,100000,0.201
DE,28,10,17,10297,300.0,100000,1.9
ABC,28,10,17,10297,302.2566146962472,100000,6.997
GWO,28,10,17,10297,589.2134474380259,100000,0.323
CMAES,28,10,17,10297,611.8218080646557,2791,0.298
LSHADE,28,10,17,10297,300.0,100000,2.839
MSBO,28,10,18,10298,300.0004622418355,100003,1.243
GA,28,10,18,10298,611.821808342961,100000,3.288
PSO,28,10,18,10298,753.7602248982876,100000,0.205
DE,28,10,18,10298,583.7340414044465,100000,1.933
ABC,28,10,18,10298,353.2577807363414,100001,7.027
GWO,28,10,18,10298,612.4188917660522,100000,0.325
CMAES,28,10,18,10298,583.734041404447,3101,0.292
LSHADE,28,10,18,10298,583.7340414044465,100000,2.868
MSBO,28,10,19,10299,300.0004173902603,100003,1.182
GA,28,10,19,10299,611.8218081331529,100000,3.261
PSO,28,10,19,10299,612.0525729538194,100000,0.203
DE,28,10,19,10299,300.0,100000,1.914
ABC,28,10,19,10299,370.6635241352392,100003,6.958
GWO,28,10,19,10299,612.6464014876419,100000,0.318
CMAES,28,10,19,10299,611.8218080646557,2831,0.271
LSHADE,28,10,19,10299,300.0,100000,2.974
MSBO,28,10,20,10300,300.0004224627901,100000,1.329
GA,28,10,20,10300,415.79339569477906,100000,3.439
PSO,28,10,20,10300,433.97370977131595,100000,0.201
DE,28,10,20,10300,300.0,100000,1.914
ABC,28,10,20,10300,305.72052853517835,100003,6.893
GWO,28,10,20,10300,431.31044677957334,100000,0.317
CMAES,28,10,20,10300,602.6912422606492,2721,0.298
LSHADE,28,10,20,10300,300.0,100000,2.982
MSBO,28,10,21,10301,300.00047635783176,100000,1.26
GA,28,10,21,10301,611.8218081887098,100000,3.283
PSO,28,10,21,10301,611.8887676000704,100000,0.202
DE,28,10,21,10301,300.0,100000,1.917
ABC,28,10,21,10301,303.86953147694385,100003,6.928
GWO,28,10,21,10301,612.6475635644892,100000,0.314
CMAES,28,10,21,10301,611.8218080646557,3181,0.338
LSHADE,28,10,21,10301,583.7340414044465,100000,2.882
MSBO,28,10,22,10302,300.00045691741707,100003,1.323
GA,28,10,22,10302,611.8218089518368,100000,3.281
PSO,28,10,22,10302,611.8887676000704,100000,0.206
DE,28,10,22,10302,300.0,100000,1.914
ABC,28,10,22,10302,303.82573281761415,100003,6.923
GWO,28,10,22,10302,612.6445070528425,100000,0.332
CMAES,28,10,22,10302,583.734041404447,3171,0.302
LSHADE,28,10,22,10302,583.7340414044465,100000,2.85
MSBO,28,10,23,10303,300.00030369657,100000,1.269
GA,28,10,23,10303,583.74536191896,100000,3.937
PSO,28,10,23,10303,583.7547578799281,100000,0.283
DE,28,10,23,10303,611.8218080646557,100000,2.483
ABC,28,10,23,10303,20.91290858640741,100000,6.969
GWO,28,10,23,10303,612.6446953312966,100000,0.318
CMAES,28,10,23,10303,611.8218080646557,3091,0.33
LSHADE,28,10,23,10303,583.7340414044465,100000,2.875
MSBO,28,10,24,10304,300.0004576630713,100001,1.225
GA,28,10,24,10304,611.8218092345905,100000,3.299
PSO,28,10,24,10304,583.7547578799281,100000,0.202
DE,28,10,24,10304,611.8218080646557,100000,2.036
ABC,28,10,24,10304,320.6908625763667,100002,7.209
GWO,28,10,24,10304,612.6476828618097,100000,0.331
CMAES,28,10,24,10304,611.8218080646557,2811,0.315
LSHADE,28,10,24,10304,583.7340414044465,100000,2.96
MSBO,28,10,25,10305,300.0003955337861,100003,1.306
GA,28,10,25,10305,300.251465495905,100000,3.391
PSO,28,10,25,10305,300.00000000000045,100000,0.211
DE,28,10,25,10305,583.7340414044465,100000,1.921
ABC,28,10,25,10305,140.27883605368015,100000,7.08
GWO,28,10,25,10305,588.3049868001049,100000,0.348
CMAES,28,10,25,10305,583.734041404447,2781,0.302
LSHADE,28,10,25,10305,300.0,100000,2.924
MSBO,28,10,26,10306,300.0004162394325,100003,1.263
GA,28,10,26,10306,611.8218081137011,100000,3.291
PSO,28,10,26,10306,602.9406854436083,100000,0.202
DE,28,10,26,10306,396.56811566068336,100000,1.899
ABC,28,10,26,10306,153.1551630539575,100000,7.1
GWO,28,10,26,10306,437.4752290012875,100000,0.329
CMAES,28,10,26,10306,300.00000000005457,4641,0.475
LSHADE,28,10,26,10306,583.7340414044465,100000,2.971
MSBO,28,10,27,10307,300.00037307849925,100002,1.308
GA,28,10,27,10307,366.03651161639345,100000,3.568
PSO,28,10,27,10307,612.0525729538194,100000,0.214
DE,28,10,27,10307,300.0,100000,1.972
ABC,28,10,27,10307,302.91633198140744,100001,7.323
GWO,28,10,27,10307,633.9445796709006,100000,0.337
CMAES,28,10,27,10307,611.8218080646557,2951,0.354
LSHADE,28,10,27,10307,300.0,100000,2.916
MSBO,28,10,28,10308,300.000364808604,100000,1.211
GA,28,10,28,10308,611.8218083502616,100000,3.378
PSO,28,10,28,10308,612.0220062812086,100000,0.205
DE,28,10,28,10308,583.7340414044465,100000,1.941
ABC,28,10,28,10308,369.5695069116059,100003,7.158
GWO,28,10,28,10308,594.5225564159796,100000,0.342
CMAES,28,10,28,10308,645.0501382654775,3021,0.339
LSHADE,28,10,28,10308,300.0,100000,3.052
MSBO,28,10,29,10309,300.0004033143855,100001,1.299
GA,28,10,29,10309,300.0397868112814,100000,3.41
PSO,28,10,29,10309,612.0525729538194,100000,0.211
DE,28,10,29,10309,300.0,100000,2.093
ABC,28,10,29,10309,300.3735362173452,100001,7.227
GWO,28,10,29,10309,620.3226103470124,100000,0.319
CMAES,28,10,29,10309,583.734041404447,2911,0.285
LSHADE,28,10,29,10309,300.0,100000,2.838
MSBO,28,10,30,10310,300.00053037143516,100002,1.243
GA,28,10,30,10310,611.8218085223652,100000,3.472
PSO,28,10,30,10310,612.0525729538194,100000,0.201
DE,28,10,30,10310,611.8218080646557,100000,1.904
ABC,28,10,30,10310,359.1064187126226,100004,7.107
GWO,28,10,30,10310,633.9453497884097,100000,0.322
CMAES,28,10,30,10310,611.8218080646557,2791,0.332
LSHADE,28,10,30,10310,300.0,100000,2.846
MSBO,28,10,31,10311,300.0005098352317,100002,1.213
GA,28,10,31,10311,611.8218081229006,100000,3.269
PSO,28,10,31,10311,611.8887676000704,100000,0.202
DE,28,10,31,10311,611.8218080646557,100000,1.92
ABC,28,10,31,10311,306.3402603571899,100000,7.201
GWO,28,10,31,10311,612.645345068795,100000,0.319
CMAES,28,10,31,10311,611.8218080646557,3341,0.368
LSHADE,28,10,31,10311,611.8218080646557,100000,2.949
MSBO,28,10,32,10312,300.00045607466745,100000,1.211
GA,28,10,32,10312,583.745372796308,100000,3.285
PSO,28,10,32,10312,583.7547578799285,100000,0.201
DE,28,10,32,10312,300.0,100000,1.891
ABC,28,10,32,10312,306.9230662137038,100004,7.333
GWO,28,10,32,10312,612.899531372489,100000,0.332
CMAES,28,10,32,10312,611.8218080646557,3491,0.383
LSHADE,28,10,32,10312,300.0,100000,2.857
MSBO,28,10,33,10313,300.00045835106675,100000,1.217
GA,28,10,33,10313,611.821808096216,100000,3.338
PSO,28,10,33,10313,612.0525729538194,100000,0.202
DE,28,10,33,10313,396.56811566068336,100000,1.925
ABC,28,10,33,10313,300.64322058094785,100002,7.187
GWO,28,10,33,10313,612.6491839675487,100000,0.329
CMAES,28,10,33,10313,300.0000000000673,5701,0.546
LSHADE,28,10,33,10313,300.0,100000,3.006
MSBO,28,10,34,10314,300.0004329654248,100001,1.317
GA,28,10,34,10314,611.821808129288,100000,3.334
PSO,28,10,34,10314,611.8887676000704,100000,0.201
DE,28,10,34,10314,300.0,100000,1.898
ABC,28,10,34,10314,301.5578603402141,100000,7.089
GWO,28,10,34,10314,612.6457213235008,100000,0.342
CMAES,28,10,34,10314,936.1799730768976,2751,0.253
LSHADE,28,10,34,10314,300.0,100000,2.975
MSBO,28,10,35,10315,300.0005610829526,100000,1.194
GA,28,10,35,10315,365.05823371990755,100000,3.301
PSO,28,10,35,10315,435.95849448700847,100000,0.208
DE,28,10,35,10315,300.0,100000,1.972
ABC,28,10,35,10315,305.64090897315555,100002,7.197
GWO,28,10,35,10315,589.252945989313,100000,0.321
CMAES,28,10,35,10315,644.1316946673896,2641,0.288
LSHADE,28,10,35,10315,300.0,100000,2.83
MSBO,28,10,36,10316,300.0002714801917,100000,1.223
GA,28,10,36,10316,301.83953003527813,100000,3.295
PSO,28,10,36,10316,518.9859752533685,100000,0.204
DE,28,10,36,10316,300.0,100000,2.012
ABC,28,10,36,10316,117.36185015593946,100001,7.219
GWO,28,10,36,10316,612.2880278836856,100000,0.335
CMAES,28,10,36,10316,611.8218080646557,2801,0.343
LSHADE,28,10,36,10316,300.0,100000,2.992
MSBO,28,10,37,10317,300.00057126972206,100003,1.376
GA,28,10,37,10317,611.8218085528706,100000,3.282
PSO,28,10,37,10317,611.8887676000704,100000,0.204
DE,28,10,37,10317,300.0,100000,1.894
ABC,28,10,37,10317,380.6918584942614,100004,6.979
GWO,28,10,37,10317,612.6444302668469,100000,0.323
CMAES,28,10,37,10317,611.8218080646557,3151,0.342
LSHADE,28,10,37,10317,300.0,100000,2.922
MSBO,28,10,38,10318,300.00027975296825,100000,1.304
GA,28,10,38,10318,300.04766157815175,100000,3.28
PSO,28,10,38,10318,427.42830718027744,100000,0.203
DE,28,10,38,10318,300.0,100000,1.909
ABC,28,10,38,10318,375.71258671990654,100003,6.937
GWO,28,10,38,10318,424.6255420715097,100000,0.339
CMAES,28,10,38,10318,611.8218080646557,3051,0.328
LSHADE,28,10,38,10318,300.0,100000,2.883
MSBO,28,10,39,10319,300.00046080950506,100003,1.278
GA,28,10,39,10319,611.8218102998148,100000,3.297
PSO,28,10,39,10319,646.4803411788998,100000,0.208
DE,28,10,39,10319,611.8218080646557,100000,1.998
ABC,28,10,39,10319,300.9004901875219,100002,7.035
GWO,28,10,39,10319,612.6443313526074,100000,0.319
CMAES,28,10,39,10319,611.8218080646557,2981,0.281
LSHADE,28,10,39,10319,300.0,100000,3.059
MSBO,28,10,40,10320,300.0005702552098,100000,1.311
GA,28,10,40,10320,611.8218081840287,100000,3.29
PSO,28,10,40,10320,611.8887676000704,100000,0.202
DE,28,10,40,10320,300.0,100000,1.888
ABC,28,10,40,10320,270.47790823459263,100003,7.1
GWO,28,10,40,10320,612.6461180747156,100000,0.33
CMAES,28,10,40,10320,611.8218080646557,2881,0.332
LSHADE,28,10,40,10320,611.8218080646557,100000,2.948
MSBO,28,10,41,10321,300.0004417370692,100001,1.297
GA,28,10,41,10321,611.8218080875854,100000,3.364
PSO,28,10,41,10321,612.0525729538194,100000,0.206
DE,28,10,41,10321,300.0,100000,1.917
ABC,28,10,41,10321,151.12546586102417,100000,6.959
GWO,28,10,41,10321,612.645949372562,100000,0.334
CMAES,28,10,41,10321,611.8218080646557,3011,0.322
LSHADE,28,10,41,10321,611.8218080646557,100000,2.838
MSBO,28,10,42,10322,300.0004628281681,100001,1.254
GA,28,10,42,10322,611.8218081937757,100000,3.405
PSO,28,10,42,10322,612.0220062812086,100000,0.206
DE,28,10,42,10322,396.56811566068336,100000,1.987
ABC,28,10,42,10322,302.6378083853042,100000,7.139
GWO,28,10,42,10322,616.9270948536468,100000,0.314
CMAES,28,10,42,10322,583.7452262659444,3041,1.557
LSHADE,28,10,42,10322,300.0,100000,3.019
MSBO,28,10,43,10323,300.0004535523035,100003,1.265
GA,28,10,43,10323,300.04776888945935,100000,3.418
PSO,28,10,43,10323,644.1316946673892,100000,0.206
DE,28,10,43,10323,396.56811566068336,100000,2.029
ABC,28,10,43,10323,134.93154194391172,100001,7.407
GWO,28,10,43,10323,433.0846720591089,100000,0.33
CMAES,28,10,43,10323,300.0000000000505,5261,0.516
LSHADE,28,10,43,10323,300.0,100000,2.998
MSBO,28,10,44,10324,300.0003736050585,100003,1.301
GA,28,10,44,10324,611.8218080940574,100000,3.444
PSO,28,10,44,10324,611.8887676000704,100000,0.206
DE,28,10,44,10324,300.0,100000,1.989
ABC,28,10,44,10324,306.4238252484406,100001,7.132
GWO,28,10,44,10324,597.8153388716423,100000,0.336
CMAES,28,10,44,10324,611.8218080646557,3231,0.36
LSHADE,28,10,44,10324,300.0,100000,2.887
MSBO,28,10,45,10325,300.00036352063535,100003,1.268
GA,28,10,45,10325,418.5495944243753,100000,3.219
PSO,28,10,45,10325,602.9406854436083,100000,0.201
DE,28,10,45,10325,418.54922827661176,100000,1.989
ABC,28,10,45,10325,159.81659270024238,100001,7.056
GWO,28,10,45,10325,612.2069708160561,100000,0.321
CMAES,28,10,45,10325,611.8218080646557,2841,0.271
LSHADE,28,10,45,10325,611.8218080646557,100000,2.837
MSBO,28,10,46,10326,300.00050151860523,100004,1.264
GA,28,10,46,10326,300.0288024018846,100000,3.247
PSO,28,10,46,10326,369.07890983447487,100000,0.202
DE,28,10,46,10326,300.0,100000,1.958
ABC,28,10,46,10326,33.75988883075388,100000,7.013
GWO,28,10,46,10326,431.20250147844354,100000,0.32
CMAES,28,10,46,10326,415.72795371680604,2941,0.297
LSHADE,28,10,46,10326,300.0,100000,2.87
MSBO,28,10,47,10327,300.0004366300809,100001,1.209
GA,28,10,47,10327,300.13601273188306,100000,3.225
PSO,28,10,47,10327,300.00000000000045,100000,0.202
DE,28,10,47,10327,300.0,100000,2.417
ABC,28,10,47,10327,368.79820643068297,100000,6.96
GWO,28,10,47,10327,632.1341720163241,100000,0.315
CMAES,28,10,47,10327,583.7452262659444,2961,0.319
LSHADE,28,10,47,10327,611.8218080646557,100000,2.857
MSBO,28,10,48,10328,300.00034747396694,100003,1.269
GA,28,10,48,10328,300.0697114803452,100000,3.267
PSO,28,10,48,10328,369.07890983447396,100000,0.214
DE,28,10,48,10328,300.0,100000,1.936
ABC,28,10,48,10328,17.702821040754316,100002,6.765
GWO,28,10,48,10328,612.5654611166692,100000,0.312
CMAES,28,10,48,10328,418.54922827661176,3301,0.327
LSHADE,28,10,48,10328,300.0,100000,2.9
MSBO,28,10,49,10329,300.0005949247188,100003,1.297
GA,28,10,49,10329,611.8218080842439,100000,3.316
PSO,28,10,49,10329,611.8887676000704,100000,0.213
DE,28,10,49,10329,611.8218080646557,100000,1.957
ABC,28,10,49,10329,129.68580200252836,100004,6.854
GWO,28,10,49,10329,612.6454511345,100000,0.315
CMAES,28,10,49,10329,583.7452262659444,3101,0.294
LSHADE,28,10,49,10329,300.0,100000,2.931
MSBO,28,10,50,10330,300.0003581682713,100003,1.255
GA,28,10,50,10330,300.0347817524189,100000,3.91
PSO,28,10,50,10330,612.0525729538194,100000,0.201
DE,28,10,50,10330,368.0568974492576,100000,1.944
ABC,28,10,50,10330,385.351283717353,100002,6.907
GWO,28,10,50,10330,612.6451547950965,100000,0.324
CMAES,28,10,50,10330,611.8218080646557,2761,0.265
LSHADE,28,10,50,10330,300.0,100000,2.914
MSBO,29,10,15,10305,235.04440418650802,100002,1.176
GA,29,10,15,10305,255.092592772824,100000,3.244
PSO,29,10,15,10305,250.71135655475746,100000,0.24
DE,29,10,15,10305,227.69458267217396,100000,2.003
ABC,29,10,15,10305,253.99963714882642,100003,6.989
GWO,29,10,15,10305,316.53288833583883,100000,0.343
CMAES,29,10,15,10305,268.0882483239252,11351,1.379
LSHADE,29,10,15,10305,252.16413413459168,100000,3.041
MSBO,29,10,16,10306,231.02741601431535,100001,1.216
GA,29,10,16,10306,244.0374726932746,100000,3.264
PSO,29,10,16,10306,265.46286943516316,100000,0.246
DE,29,10,16,10306,234.90314420508867,100000,1.954
ABC,29,10,16,10306,296.9802733406955,100005,6.828
GWO,29,10,16,10306,320.7747895697721,100000,0.314
CMAES,29,10,16,10306,264.1479489824296,10751,1.087
LSHADE,29,10,16,10306,238.64762520550948,100000,2.973
MSBO,29,10,17,10307,235.39135363314472,100000,1.204
GA,29,10,17,10307,363.0359096465422,100000,3.328
PSO,29,10,17,10307,296.4858172537174,100000,0.245
DE,29,10,17,10307,228.84871214788427,100000,2.02
ABC,29,10,17,10307,235.8821334617769,100004,6.922
GWO,29,10,17,10307,301.34310498557124,100000,0.322
CMAES,29,10,17,10307,293.36578449562285,39151,4.014
LSHADE,29,10,17,10307,234.3014609421689,100000,2.967
MSBO,29,10,18,10308,238.9573504588093,100003,1.145
GA,29,10,18,10308,341.4205150955945,100000,3.249
PSO,29,10,18,10308,467.21818154351377,100000,0.243
DE,29,10,18,10308,232.95458729321035,100000,2.016
ABC,29,10,18,10308,263.7810538986364,100004,6.98
GWO,29,10,18,10308,279.60182253007133,100000,0.318
CMAES,29,10,18,10308,281.13821842736934,10601,1.114
LSHADE,29,10,18,10308,230.7875015400682,100000,3.092
MSBO,29,10,19,10309,235.80108712456604,100000,1.165
GA,29,10,19,10309,257.3856600057311,100000,3.364
PSO,29,10,19,10309,303.65447555900573,100000,0.252
DE,29,10,19,10309,235.53946422197168,100000,1.966
ABC,29,10,19,10309,264.89119284370554,100005,7.115
GWO,29,10,19,10309,311.2208966464732,100000,0.315
CMAES,29,10,19,10309,317.0882932779168,20551,2.198
LSHADE,29,10,19,10309,235.29007171246894,100000,2.97
MSBO,29,10,20,10310,241.7976242614418,100001,1.152
GA,29,10,20,10310,409.01714644958247,100000,3.27
PSO,29,10,20,10310,333.14397114878193,100000,0.243
DE,29,10,20,10310,229.83240247911772,100000,1.98
ABC,29,10,20,10310,259.5593538206185,100008,7.169
GWO,29,10,20,10310,278.70976223785965,100000,0.318
CMAES,29,10,20,10310,423.0554759829297,18801,1.839
LSHADE,29,10,20,10310,232.94231138569694,100000,2.95
MSBO,29,10,21,10311,237.54119096236764,100001,1.165
GA,29,10,21,10311,360.6710028952007,100000,3.337
PSO,29,10,21,10311,281.1058572382599,100000,0.25
DE,29,10,21,10311,227.02918849024763,100000,2.071
ABC,29,10,21,10311,220.91751489812304,100009,7.027
GWO,29,10,21,10311,357.94981496858964,100000,0.318
CMAES,29,10,21,10311,301.4704572215969,15051,1.742
LSHADE,29,10,21,10311,243.79881106562925,100000,3.011
MSBO,29,10,22,10312,233.8924214595031,100001,1.182
GA,29,10,22,10312,393.74731534128887,100000,3.211
PSO,29,10,22,10312,333.60642400375355,100000,0.244
DE,29,10,22,10312,228.66484323825034,100000,1.966
ABC,29,10,22,10312,195.09368106995726,100003,6.856
GWO,29,10,22,10312,306.24494824601607,100000,0.313
CMAES,29,10,22,10312,309.4099675053444,12901,1.339
LSHADE,29,10,22,10312,240.25213722901026,100000,2.937
MSBO,29,10,23,10313,231.32397350141628,100000,1.153
GA,29,10,23,10313,383.8419904959146,100000,3.258
PSO,29,10,23,10313,270.9758382807495,100000,0.248
DE,29,10,23,10313,227.90910431658222,100000,1.998
ABC,29,10,23,10313,270.33841994135446,100005,7.004
GWO,29,10,23,10313,317.11416959187954,100000,0.322
CMAES,29,10,23,10313,401.4641388048649,16001,1.552
LSHADE,29,10,23,10313,239.83421552357322,100000,3.094
MSBO,29,10,24,10314,235.8191965260885,100003,1.199
GA,29,10,24,10314,246.99173677704084,100000,3.191
PSO,29,10,24,10314,475.0827431646867,100000,0.25
DE,29,10,24,10314,232.19293064942667,100000,1.97
ABC,29,10,24,10314,261.19661239598645,100005,6.817
GWO,29,10,24,10314,292.7070919500902,100000,0.314
CMAES,29,10,24,10314,284.5473263091053,11751,0.992
LSHADE,29,10,24,10314,231.9033491565192,100000,3.122
MSBO,29,10,25,10315,235.81463015689496,100002,1.168
GA,29,10,25,10315,314.3481646256905,100000,3.278
PSO,29,10,25,10315,324.6135240642616,100000,0.243
DE,29,10,25,10315,229.92277370121064,100000,2.081
ABC,29,10,25,10315,226.44517933393217,100007,6.883
GWO,29,10,25,10315,311.5064296898263,100000,0.324
CMAES,29,10,25,10315,399.5246008344857,11101,1.223
LSHADE,29,10,25,10315,231.39605932401537,100000,3.003
MSBO,29,10,26,10316,240.07725961618598,100000,1.223
GA,29,10,26,10316,287.47620593442116,100000,3.357
PSO,29,10,26,10316,255.33333032926294,100000,0.254
DE,29,10,26,10316,231.03891792371678,100000,2.088
ABC,29,10,26,10316,248.41691433415872,100005,7.115
GWO,29,10,26,10316,343.93832206078605,100000,0.316
CMAES,29,10,26,10316,332.8676514490435,13751,1.502
LSHADE,29,10,26,10316,245.73942554691075,100000,3.293
MSBO,29,10,27,10317,235.6436857235999,100003,1.18
GA,29,10,27,10317,370.1234184904456,100000,5.349
PSO,29,10,27,10317,262.63225937038214,100000,0.245
DE,29,10,27,10317,231.17740696149713,100000,2.036
ABC,29,10,27,10317,262.4917984967942,100006,6.972
GWO,29,10,27,10317,308.0190402788976,100000,0.314
CMAES,29,10,27,10317,381.8694749932556,9701,1.018
LSHADE,29,10,27,10317,233.2525224401743,100000,2.994
MSBO,29,10,28,10318,234.1899114692692,100002,1.147
GA,29,10,28,10318,265.5729435450867,100000,3.28
PSO,29,10,28,10318,292.4625741052114,100000,0.249
DE,29,10,28,10318,230.42375292640736,100000,2.004
ABC,29,10,28,10318,277.1695780631917,100003,6.98
GWO,29,10,28,10318,323.1823125039855,100000,0.313
CMAES,29,10,28,10318,373.38317969593754,10651,1.342
LSHADE,29,10,28,10318,237.74877263951703,100000,3.196
MSBO,29,10,29,10319,238.0464176067121,100002,1.237
GA,29,10,29,10319,252.83487096167664,100000,3.339
PSO,29,10,29,10319,315.76067274843854,100000,0.255
DE,29,10,29,10319,232.53011342126592,100000,2.04
ABC,29,10,29,10319,201.94872990033673,100003,7.098
GWO,29,10,29,10319,295.76475293773365,100000,0.318
CMAES,29,10,29,10319,271.257226323773,8851,0.931
LSHADE,29,10,29,10319,238.87077684311362,100000,2.974
MSBO,29,10,30,10320,239.58301097327194,100002,1.175
GA,29,10,30,10320,263.5472945826268,100000,3.436
PSO,29,10,30,10320,439.5239865693702,100000,0.246
DE,29,10,30,10320,227.29225087163286,100000,1.999
ABC,29,10,30,10320,160.7571724885247,100005,7.057
GWO,29,10,30,10320,315.1998890873406,100000,0.312
CMAES,29,10,30,10320,239.4936492218012,11701,1.257
LSHADE,29,10,30,10320,235.5924465917069,100000,2.938
MSBO,29,10,31,10321,237.075536113834,100003,1.216
GA,29,10,31,10321,431.65514888569805,100000,3.306
PSO,29,10,31,10321,287.12867586666925,100000,0.252
DE,29,10,31,10321,229.49654566261324,100000,2.002
ABC,29,10,31,10321,272.02997828388743,100010,7.299
GWO,29,10,31,10321,279.7834756584707,100000,0.353
CMAES,29,10,31,10321,369.7782136813389,9951,1.117
LSHADE,29,10,31,10321,237.82760264862054,100000,3.175
MSBO,29,10,32,10322,233.52289707324144,100002,1.207
GA,29,10,32,10322,296.62547201701636,100000,3.347
PSO,29,10,32,10322,403.12686643011784,100000,0.255
DE,29,10,32,10322,228.24513034408483,100000,2.012
ABC,29,10,32,10322,268.3465586228758,100006,7.056
GWO,29,10,32,10322,332.6016583289088,100000,0.32
CMAES,29,10,32,10322,391.17726290782184,9201,0.99
LSHADE,29,10,32,10322,237.8342926480982,100000,2.98
MSBO,29,10,33,10323,237.298461994651,100000,1.161
GA,29,10,33,10323,539.6540687523498,100000,3.27
PSO,29,10,33,10323,338.79331681184885,100000,0.249
DE,29,10,33,10323,228.0020968387289,100000,2.174
ABC,29,10,33,10323,270.86044802627157,100003,7.172
GWO,29,10,33,10323,338.2750290434733,100000,0.331
CMAES,29,10,33,10323,366.1159556824359,11901,1.32
LSHADE,29,10,33,10323,238.8490900769557,100000,3.065
MSBO,29,10,34,10324,237.26393147811814,100001,1.196
GA,29,10,34,10324,317.60462171262134,100000,3.214
PSO,29,10,34,10324,292.4134867384646,100000,0.243
DE,29,10,34,10324,228.78491283268158,100000,1.972
ABC,29,10,34,10324,251.230591994944,100009,6.935
GWO,29,10,34,10324,291.9603229643235,100000,0.323
CMAES,29,10,34,10324,319.2418376149694,8401,0.832
LSHADE,29,10,34,10324,234.8957053720801,100000,3.069
MSBO,29,10,35,10325,229.2605487983883,100002,1.274
GA,29,10,35,10325,284.9158270266339,100000,3.366
PSO,29,10,35,10325,290.9104223380068,100000,0.274
DE,29,10,35,10325,227.39986178647405,100000,2.008
ABC,29,10,35,10325,279.6413333515402,100005,6.794
GWO,29,10,35,10325,279.6016365028513,100000,0.315
CMAES,29,10,35,10325,251.8177049366882,14901,1.414
LSHADE,29,10,35,10325,233.78844926984857,100000,2.958
MSBO,29,10,36,10326,235.26478517058513,100001,1.192
GA,29,10,36,10326,385.8114375875539,100000,3.398
PSO,29,10,36,10326,359.42039523061476,100000,0.259
DE,29,10,36,10326,228.10741601628024,100000,2.011
ABC,29,10,36,10326,217.2715934308162,100007,7.284
GWO,29,10,36,10326,291.21221300088837,100000,0.342
CMAES,29,10,36,10326,374.5070690940893,8551,0.738
LSHADE,29,10,36,10326,231.5321745563092,100000,3.055
MSBO,29,10,37,10327,235.10067799421086,100001,1.23
GA,29,10,37,10327,362.7862626022993,100000,3.385
PSO,29,10,37,10327,391.9884038786754,100000,0.255
DE,29,10,37,10327,229.99420168422466,100000,2.002
ABC,29,10,37,10327,268.93031562131637,100003,7.076
GWO,29,10,37,10327,325.8136906178711,100000,0.313
CMAES,29,10,37,10327,308.9403070137314,14151,1.683
LSHADE,29,10,37,10327,242.79955935248336,100000,3.177
MSBO,29,10,38,10328,231.48555704574255,100003,1.222
GA,29,10,38,10328,305.3714805519071,100000,3.536
PSO,29,10,38,10328,373.9206999858361,100000,0.247
DE,29,10,38,10328,229.75399361696145,100000,1.98
ABC,29,10,38,10328,241.3582245396924,100005,7.165
GWO,29,10,38,10328,290.87232857586196,100000,0.342
CMAES,29,10,38,10328,238.3151281856981,9701,1.078
LSHADE,29,10,38,10328,231.60892736082178,100000,3.563
MSBO,29,10,39,10329,239.48486725746125,100003,1.21
GA,29,10,39,10329,367.83891531410427,100000,3.389
PSO,29,10,39,10329,312.9532894902627,100000,0.245
DE,29,10,39,10329,230.15297452031336,100000,2.064
ABC,29,10,39,10329,189.03591302824998,100007,7.039
GWO,29,10,39,10329,291.1028461634405,100000,0.324
CMAES,29,10,39,10329,369.66553531556883,14151,1.505
LSHADE,29,10,39,10329,236.27227225175557,100000,3.163
MSBO,29,10,40,10330,232.42565673256013,100002,1.243
GA,29,10,40,10330,412.3890667627629,100000,3.25
PSO,29,10,40,10330,316.0027597037879,100000,0.243
DE,29,10,40,10330,231.8214180594996,100000,1.976
ABC,29,10,40,10330,186.42022464136835,100008,6.85
GWO,29,10,40,10330,279.601792715805,100000,0.321
CMAES,29,10,40,10330,667.4701764637125,8251,0.803
LSHADE,29,10,40,10330,236.60019247226273,100000,3.08
MSBO,29,10,41,10331,235.6088153402311,100000,1.188
GA,29,10,41,10331,342.10347759026126,100000,3.426
PSO,29,10,41,10331,394.1423545323514,100000,0.26
DE,29,10,41,10331,228.46727479010906,100000,2.187
ABC,29,10,41,10331,267.11390626516004,100006,7.151
GWO,29,10,41,10331,303.2824782631151,100000,0.339
CMAES,29,10,41,10331,282.79189162560715,9251,0.907
LSHADE,29,10,41,10331,227.05659030898414,100000,3.006
MSBO,29,10,42,10332,238.76439915465198,100003,1.27
GA,29,10,42,10332,362.0546190516038,100000,3.254
PSO,29,10,42,10332,363.81699844123614,100000,0.244
DE,29,10,42,10332,228.3848170400379,100000,2.041
ABC,29,10,42,10332,238.16003085512375,100006,7.12
GWO,29,10,42,10332,328.4067607077991,100000,0.334
CMAES,29,10,42,10332,359.1489910827113,15351,1.815
LSHADE,29,10,42,10332,230.68609632373318,100000,2.985
MSBO,29,10,43,10333,234.1956057213929,100000,1.208
GA,29,10,43,10333,461.10161641407603,100000,3.285
PSO,29,10,43,10333,290.6884078748858,100000,0.247
DE,29,10,43,10333,228.00690792446312,100000,2.01
ABC,29,10,43,10333,191.03488364727627,100004,6.822
GWO,29,10,43,10333,323.472295731151,100000,0.322
CMAES,29,10,43,10333,391.53412587824823,12451,1.38
LSHADE,29,10,43,10333,245.87421080212243,100000,2.955
MSBO,29,10,44,10334,241.41953434125207,100003,1.15
GA,29,10,44,10334,386.22118531134356,100000,3.244
PSO,29,10,44,10334,355.30407615817194,100000,0.245
DE,29,10,44,10334,231.59963331253448,100000,1.964
ABC,29,10,44,10334,251.8211437342079,100003,7.095
GWO,29,10,44,10334,292.9720546085391,100000,0.321
CMAES,29,10,44,10334,255.12920209461254,10601,0.993
LSHADE,29,10,44,10334,238.7861131598047,100000,3.025
MSBO,29,10,45,10335,236.65080482226222,100003,1.171
GA,29,10,45,10335,236.9826470051603,100000,3.262
PSO,29,10,45,10335,280.95374951912936,100000,0.243
DE,29,10,45,10335,229.48510050227014,100000,1.958
ABC,29,10,45,10335,265.5842827137121,100007,6.89
GWO,29,10,45,10335,304.58978235307814,100000,0.321
CMAES,29,10,45,10335,248.88558024330587,14001,1.469
LSHADE,29,10,45,10335,241.4403787951701,100000,2.955
MSBO,29,10,46,10336,248.16974673358345,100000,1.179
GA,29,10,46,10336,289.4764673715031,100000,3.303
PSO,29,10,46,10336,361.50483022202434,100000,0.252
DE,29,10,46,10336,231.6360138070968,100000,2.031
ABC,29,10,46,10336,247.2389075488245,100002,7.089
GWO,29,10,46,10336,329.8577722054324,100000,0.323
CMAES,29,10,46,10336,455.59967049011266,11691,1.131
LSHADE,29,10,46,10336,232.27799104371252,100000,3.2
MSBO,29,10,47,10337,228.34144851258134,100000,1.154
GA,29,10,47,10337,325.3862632654027,100000,3.254
PSO,29,10,47,10337,335.44513198862523,100000,0.245
DE,29,10,47,10337,228.215575401126,100000,2.008
ABC,29,10,47,10337,264.8318272845995,100005,6.846
GWO,29,10,47,10337,296.9774606704709,100000,0.325
CMAES,29,10,47,10337,292.51441190966943,9551,1.001
LSHADE,29,10,47,10337,231.73795618952818,100000,3.216
MSBO,29,10,48,10338,246.94866602709862,100002,1.185
GA,29,10,48,10338,310.65649110202776,100000,3.373
PSO,29,10,48,10338,264.0387351881309,100000,0.249
DE,29,10,48,10338,230.1991984993242,100000,2.014
ABC,29,10,48,10338,256.738572149241,100011,6.892
GWO,29,10,48,10338,285.84762371233137,100000,0.327
CMAES,29,10,48,10338,388.5279105437312,14081,1.541
LSHADE,29,10,48,10338,234.95885372090834,100000,3.079
MSBO,29,10,49,10339,239.9380454015659,100003,1.277
GA,29,10,49,10339,359.0285585931797,100000,3.3
PSO,29,10,49,10339,389.5475207908089,100000,0.245
DE,29,10,49,10339,235.90650073123197,100000,1.985
ABC,29,10,49,10339,266.84460930651585,100007,7.167
GWO,29,10,49,10339,293.79918808335606,100000,0.339
CMAES,29,10,49,10339,239.8544066110012,10701,1.285
LSHADE,29,10,49,10339,228.96934049357833,100000,3.078
MSBO,29,10,50,10340,232.99112820769187,100002,1.167
GA,29,10,50,10340,277.64444815407296,100000,3.281
PSO,29,10,50,10340,331.5941397925012,100000,0.252
DE,29,10,50,10340,232.11678855330865,100000,2.035
ABC,29,10,50,10340,272.11774951610596,100006,7.247
GWO,29,10,50,10340,313.8867603332951,100000,0.423
CMAES,29,10,50,10340,410.2664551558896,8851,0.98
LSHADE,29,10,50,10340,234.50972821982805,100000,3.204
MSBO,30,10,0,10300,1254.2044775877594,100000,1.724
GA,30,10,0,10300,1109931.6674490878,100000,3.873
PSO,30,10,0,10300,472254.1226693162,100000,0.653
DE,30,10,0,10300,631.2051902609519,100000,2.507
ABC,30,10,0,10300,1066.6511246852938,100010,7.577
GWO,30,10,0,10300,180144.66193180924,100000,0.82
CMAES,30,10,0,10300,817578.0569262325,8551,1.024
LSHADE,30,10,0,10300,394.50077241437884,100000,3.517
MSBO,30,10,1,10301,1706.958053740188,100000,1.795
GA,30,10,1,10301,20238.205896950465,100000,3.717
PSO,30,10,1,10301,2079.128581094368,100000,0.711
DE,30,10,1,10301,451.114747811926,100000,2.547
ABC,30,10,1,10301,3837.569426248382,100011,7.759
GWO,30,10,1,10301,154720.4746700897,100000,0.817
CMAES,30,10,1,10301,1248762.7427094297,14051,1.552
LSHADE,30,10,1,10301,817578.0569262311,100000,4.123
MSBO,30,10,2,10302,1232.476446465168,100000,1.674
GA,30,10,2,10302,11450.623614033038,100000,3.695
PSO,30,10,2,10302,1282.9050501496104,100000,0.649
DE,30,10,2,10302,817578.0569262318,100000,2.394
ABC,30,10,2,10302,2455.6651710344204,100005,7.36
GWO,30,10,2,10302,48306.666288807224,100000,0.78
CMAES,30,10,2,10302,502.6207437107587,18291,1.601
LSHADE,30,10,2,10302,442.65984392611153,100000,3.469
MSBO,30,10,3,10303,1636.4876442979294,100000,1.743
GA,30,10,3,10303,20266.933196980746,100000,3.935
PSO,30,10,3,10303,4358.061157605763,100000,0.736
DE,30,10,3,10303,443.24795743185314,100000,2.545
ABC,30,10,3,10303,7789.0256425388525,100006,7.636
GWO,30,10,3,10303,55032.08351650242,100000,0.786
CMAES,30,10,3,10303,1248762.7427094295,16651,1.847
LSHADE,30,10,3,10303,394.51415060055206,100000,3.333
MSBO,30,10,4,10304,2573.9529772888027,100000,1.679
GA,30,10,4,10304,8218.224420575702,100000,3.786
PSO,30,10,4,10304,1871.2072721787945,100000,0.74
DE,30,10,4,10304,471.9828297071999,100000,2.583
ABC,30,10,4,10304,10922.251983807808,100006,7.692
GWO,30,10,4,10304,99227.6306907981,100000,0.827
CMAES,30,10,4,10304,501.6849445646326,15611,1.552
LSHADE,30,10,4,10304,394.50077241437884,100000,3.409
MSBO,30,10,5,10305,2987.7027938803485,100000,1.683
GA,30,10,5,10305,18428.762357782565,100000,3.787
PSO,30,10,5,10305,1003.158765136935,100000,0.71
DE,30,10,5,10305,517.5947779234102,100000,2.535
ABC,30,10,5,10305,6599.491599534402,100007,7.917
GWO,30,10,5,10305,228879.8624431648,100000,0.744
CMAES,30,10,5,10305,817578.0834889677,9751,0.978
LSHADE,30,10,5,10305,394.5017030005756,100000,3.424
MSBO,30,10,6,10306,1682.6168611136427,100000,1.748
GA,30,10,6,10306,41423.258487211926,100000,3.85
PSO,30,10,6,10306,3516996.5662750937,100000,0.637
DE,30,10,6,10306,480.79826091953055,100000,2.673
ABC,30,10,6,10306,2805.060132365018,100007,8.33
GWO,30,10,6,10306,192004.67277520505,100000,0.897
CMAES,30,10,6,10306,575.3829079811667,62111,7.258
LSHADE,30,10,6,10306,442.65984392611153,100000,3.327
MSBO,30,10,7,10307,2002.0859729502372,100000,1.708
GA,30,10,7,10307,7101.05079183564,100000,3.656
PSO,30,10,7,10307,4983.379876447454,100000,0.697
DE,30,10,7,10307,488.7193923717159,100000,2.392
ABC,30,10,7,10307,11143.774703132784,100011,7.588
GWO,30,10,7,10307,1061322.1781524685,100000,0.781
CMAES,30,10,7,10307,817578.309886894,10451,1.23
LSHADE,30,10,7,10307,394.50077241437884,100000,3.481
MSBO,30,10,8,10308,1828.19074460102,100000,1.826
GA,30,10,8,10308,26117.84893850838,100000,3.862
PSO,30,10,8,10308,818874.7303546553,100000,0.649
DE,30,10,8,10308,776.4705836725366,100000,2.45
ABC,30,10,8,10308,31259.230337074063,100008,7.523
GWO,30,10,8,10308,31339.280177856832,100000,0.792
CMAES,30,10,8,10308,522.6595530214458,13771,1.473
LSHADE,30,10,8,10308,394.5141506005525,100000,3.372
MSBO,30,10,9,10309,2556.5151118682015,100000,1.697
GA,30,10,9,10309,42403.55150898437,100000,3.79
PSO,30,10,9,10309,2306.5887815744973,100000,0.686
DE,30,10,9,10309,395.15055903777693,100000,2.421
ABC,30,10,9,10309,2620.801307160401,100006,7.579
GWO,30,10,9,10309,118017.63528554971,100000,0.807
CMAES,30,10,9,10309,399.01838244654164,55191,5.8
LSHADE,30,10,9,10309,483.87946325926305,100000,3.403
MSBO,30,10,10,10310,1367.1089011102304,100000,1.681
GA,30,10,10,10310,29714.050167573005,100000,3.674
PSO,30,10,10,10310,1248762.7427094304,100000,0.655
DE,30,10,10,10310,394.62483832282123,100000,2.438
ABC,30,10,10,10310,5714.567382149749,100008,7.566
GWO,30,10,10,10310,164987.151364189,100000,0.781
CMAES,30,10,10,10310,492.2359260120138,18651,1.796
LSHADE,30,10,10,10310,442.66034243140984,100000,3.42
MSBO,30,10,11,10311,2063.0111886811346,100000,1.735
GA,30,10,11,10311,3274.4487998038585,100000,3.917
PSO,30,10,11,10311,1989.3880671801107,100000,0.692
DE,30,10,11,10311,448.2134375461128,100000,2.428
ABC,30,10,11,10311,5038.1016596204745,100006,7.353
GWO,30,10,11,10311,572652.2370914122,100000,0.776
CMAES,30,10,11,10311,545.7918495671502,13881,1.47
LSHADE,30,10,11,10311,394.5017030005756,100000,3.512
MSBO,30,10,12,10312,849.7222860309917,100000,1.682
GA,30,10,12,10312,819623.7660322969,100000,3.698
PSO,30,10,12,10312,817578.3113364658,100000,0.678
DE,30,10,12,10312,395.0194152554491,100000,2.439
ABC,30,10,12,10312,2742.1267390591547,100006,7.531
GWO,30,10,12,10312,89678.91446665223,100000,0.774
CMAES,30,10,12,10312,443.5519613663132,19781,2.12
LSHADE,30,10,12,10312,394.51415060055206,100000,3.332
MSBO,30,10,13,10313,998.3760016519354,100000,1.698
GA,30,10,13,10313,846228.9376588792,100000,3.956
PSO,30,10,13,10313,1702094.5309986589,100000,0.649
DE,30,10,13,10313,463.37955027115277,100000,2.545
ABC,30,10,13,10313,56447.70630465421,100007,7.408
GWO,30,10,13,10313,2133323.9081308465,100000,0.776
CMAES,30,10,13,10313,1248762.7427094288,15471,1.641
LSHADE,30,10,13,10313,394.5141506005525,100000,3.454
MSBO,30,10,14,10314,884.9319526271283,100000,1.752
GA,30,10,14,10314,1266337.89023559,100000,3.747
PSO,30,10,14,10314,1248762.7462889238,100000,0.684
DE,30,10,14,10314,410.94724028793235,100000,2.517
ABC,30,10,14,10314,5795.576618176114,100011,7.757
GWO,30,10,14,10314,1021537.0054495136,100000,0.777
CMAES,30,10,14,10314,516.8064186460119,13461,1.442
LSHADE,30,10,14,10314,817578.0569262314,100000,3.298
MSBO,30,10,15,10315,707.1577609506603,100000,1.643
GA,30,10,15,10315,2509.497497190965,100000,3.67
PSO,30,10,15,10315,1248762.7427094302,100000,0.638
DE,30,10,15,10315,443.2394447164452,100000,2.419
ABC,30,10,15,10315,7232.326874723136,100009,7.541
GWO,30,10,15,10315,168533.9687505345,100000,0.78
CMAES,30,10,15,10315,442.9666268244473,28621,3.226
LSHADE,30,10,15,10315,394.50077241437884,100000,3.521
MSBO,30,10,16,10316,2520.438256851269,100000,1.723
GA,30,10,16,10316,21928.29224588395,100000,3.897
PSO,30,10,16,10316,5550.052475859746,100000,0.713
DE,30,10,16,10316,2641.56976061796,100000,2.484
ABC,30,10,16,10316,14026.434773352325,100007,7.36
GWO,30,10,16,10316,43002.41524441064,100000,0.777
CMAES,30,10,16,10316,1248762.7427094297,14001,1.563
LSHADE,30,10,16,10316,394.51453991814424,100000,3.399
MSBO,30,10,17,10317,2596.994000648605,100000,1.65
GA,30,10,17,10317,16167.238506599846,100000,3.667
PSO,30,10,17,10317,15312.060879181001,100000,0.695
DE,30,10,17,10317,614.9476708300276,100000,2.444
ABC,30,10,17,10317,11449.013095259625,100006,7.38
GWO,30,10,17,10317,124519.33487462587,100000,0.772
CMAES,30,10,17,10317,817578.1674146617,12281,1.356
LSHADE,30,10,17,10317,394.50077241437884,100000,3.314
MSBO,30,10,18,10318,1078.5332530444775,100000,1.672
GA,30,10,18,10318,13624.1193670051,100000,3.687
PSO,30,10,18,10318,817578.0878776357,100000,0.655
DE,30,10,18,10318,415.84968945194305,100000,2.417
ABC,30,10,18,10318,5597.1280778722685,100007,7.397
GWO,30,10,18,10318,933545.1290824846,100000,0.78
CMAES,30,10,18,10318,544.7555323051465,14881,1.614
LSHADE,30,10,18,10318,394.5007724143793,100000,3.403
MSBO,30,10,19,10319,554.4052960648505,100000,1.704
GA,30,10,19,10319,1675.795299990703,100000,3.858
PSO,30,10,19,10319,1741.5308108507506,100000,0.698
DE,30,10,19,10319,882427.4732998116,100000,2.508
ABC,30,10,19,10319,2078.03461859275,100009,7.763
GWO,30,10,19,10319,394052.14998448745,100000,0.784
CMAES,30,10,19,10319,516.8652770355261,12061,1.27
LSHADE,30,10,19,10319,394.50077241437884,100000,3.536
MSBO,30,10,20,10320,588.9409840097283,100000,1.884
GA,30,10,20,10320,854533.0875034615,100000,3.953
PSO,30,10,20,10320,1051.637916354788,100000,0.71
DE,30,10,20,10320,15391.525869705838,100000,2.443
ABC,30,10,20,10320,2236.354679239712,100007,7.412
GWO,30,10,20,10320,217464.93260678666,100000,0.769
CMAES,30,10,20,10320,496.4612808446418,12521,1.29
LSHADE,30,10,20,10320,394.50077241437884,100000,3.451
MSBO,30,10,21,10321,1944.8572504093972,100000,1.72
GA,30,10,21,10321,820255.8238892008,100000,3.724
PSO,30,10,21,10321,817587.9263319852,100000,0.666
DE,30,10,21,10321,423.67425153465047,100000,2.461
ABC,30,10,21,10321,2767.1347451855345,100003,7.579
GWO,30,10,21,10321,1773861.8580599667,100000,0.779
CMAES,30,10,21,10321,435.40228520720893,28191,3.076
LSHADE,30,10,21,10321,464.1345581727405,100000,3.411
MSBO,30,10,22,10322,944.9220225298909,100000,1.735
GA,30,10,22,10322,2294.812144170469,100000,3.784
PSO,30,10,22,10322,5139.076536492048,100000,0.716
DE,30,10,22,10322,528.9630820776079,100000,2.525
ABC,30,10,22,10322,5670.160253454413,100008,7.499
GWO,30,10,22,10322,134249.13257418227,100000,0.824
CMAES,30,10,22,10322,817578.0834889681,13051,1.469
LSHADE,30,10,22,10322,394.50077241437884,100000,3.485
MSBO,30,10,23,10323,861.8478472530524,100000,1.671
GA,30,10,23,10323,2758.544990592991,100000,3.766
PSO,30,10,23,10323,8948.65544491233,100000,0.852
DE,30,10,23,10323,617.6627488589556,100000,2.886
ABC,30,10,23,10323,6730.045343245947,100006,7.444
GWO,30,10,23,10323,402757.3070340154,100000,0.773
CMAES,30,10,23,10323,483.07340231620447,23601,2.825
LSHADE,30,10,23,10323,394.5017030005756,100000,3.381
MSBO,30,10,24,10324,1472.283484291247,100000,1.716
GA,30,10,24,10324,11178.611652947098,100000,3.859
PSO,30,10,24,10324,318049.43742018007,100000,0.648
DE,30,10,24,10324,461.15322815324316,100000,2.524
ABC,30,10,24,10324,3608.1167701704335,100007,7.57
GWO,30,10,24,10324,50282.809864753435,100000,0.791
CMAES,30,10,24,10324,817578.0866543815,12191,1.195
LSHADE,30,10,24,10324,442.65984392611153,100000,3.341
MSBO,30,10,25,10325,632.5738177166913,100000,1.662
GA,30,10,25,10325,1123.0034718074548,100000,3.756
PSO,30,10,25,10325,2708.1003198918997,100000,0.717
DE,30,10,25,10325,394.572027703578,100000,2.437
ABC,30,10,25,10325,2258.5843113468154,100007,7.725
GWO,30,10,25,10325,1300045.8063627523,100000,0.78
CMAES,30,10,25,10325,817578.0569262317,12201,1.378
LSHADE,30,10,25,10325,394.5017030005756,100000,3.349
MSBO,30,10,26,10326,1070.897095787393,100000,1.764
GA,30,10,26,10326,13751.095345769776,100000,3.783
PSO,30,10,26,10326,1250552.0922260298,100000,0.654
DE,30,10,26,10326,410.259325389648,100000,2.61
ABC,30,10,26,10326,2063.032639679471,100007,7.61
GWO,30,10,26,10326,174037.21486587782,100000,0.795
CMAES,30,10,26,10326,817578.3098868943,10651,1.323
LSHADE,30,10,26,10326,442.66034243140984,100000,3.376
MSBO,30,10,27,10327,1293.0632899609718,100000,1.708
GA,30,10,27,10327,10362.44162497832,100000,3.772
PSO,30,10,27,10327,7159.721031607978,100000,0.703
DE,30,10,27,10327,401.54172863462827,100000,2.523
ABC,30,10,27,10327,2055.7214334412847,100004,7.669
GWO,30,10,27,10327,24273.226407399543,100000,0.846
CMAES,30,10,27,10327,407.5097446289101,23091,2.596
LSHADE,30,10,27,10327,394.5017030005756,100000,3.387
MSBO,30,10,28,10328,1268.3449553574847,100000,1.786
GA,30,10,28,10328,818175.3315638325,100000,3.699
PSO,30,10,28,10328,817578.3113364661,100000,0.646
DE,30,10,28,10328,650463.8288021772,100000,2.447
ABC,30,10,28,10328,6068.172717387944,100007,7.515
GWO,30,10,28,10328,1454799.5590695753,100000,0.809
CMAES,30,10,28,10328,545.2279164535807,16581,1.699
LSHADE,30,10,28,10328,394.5007724143793,100000,3.378
MSBO,30,10,29,10329,1072.8084518155447,100000,1.671
GA,30,10,29,10329,9401.355875774027,100000,3.73
PSO,30,10,29,10329,1636.4801020410941,100000,0.707
DE,30,10,29,10329,407.5668738729664,100000,2.49
ABC,30,10,29,10329,4609.073392250935,100007,7.643
GWO,30,10,29,10329,28362.687767102532,100000,0.806
CMAES,30,10,29,10329,501.2992030428213,16521,1.801
LSHADE,30,10,29,10329,394.50077241437884,100000,3.492
MSBO,30,10,30,10330,1721.905713735894,100000,1.701
GA,30,10,30,10330,905.2115686139987,100000,3.699
PSO,30,10,30,10330,8583.030608743522,100000,0.666
DE,30,10,30,10330,606.0500363173223,100000,2.461
ABC,30,10,30,10330,8120.320349106447,100006,7.343
GWO,30,10,30,10330,230709.18887526542,100000,0.777
CMAES,30,10,30,10330,817578.0569262325,8851,1.194
LSHADE,30,10,30,10330,394.50077241437884,100000,3.589
MSBO,30,10,31,10331,1468.8522736518407,100000,1.763
GA,30,10,31,10331,1568059.7422185773,100000,3.797
PSO,30,10,31,10331,1632.826348195913,100000,0.711
DE,30,10,31,10331,945.018243735648,100000,2.516
ABC,30,10,31,10331,882.0646754204172,100010,7.554
GWO,30,10,31,10331,113662.22736785366,100000,0.788
CMAES,30,10,31,10331,817578.0866543812,13051,1.587
LSHADE,30,10,31,10331,394.5334906174021,100000,3.472
MSBO,30,10,32,10332,2197.2894599513293,100000,1.708
GA,30,10,32,10332,13733.083862523537,100000,3.824
PSO,30,10,32,10332,1202.4696768850554,100000,0.729
DE,30,10,32,10332,516.9078546402161,100000,2.558
ABC,30,10,32,10332,4129.065347089245,100006,7.589
GWO,30,10,32,10332,79909.92438223188,100000,0.767
CMAES,30,10,32,10332,682.8466101187978,20401,2.276
LSHADE,30,10,32,10332,442.7475577918103,100000,3.366
MSBO,30,10,33,10333,3749.3768458882178,100000,1.665
GA,30,10,33,10333,2449.8662422666157,100000,3.741
PSO,30,10,33,10333,8256.558161177487,100000,0.701
DE,30,10,33,10333,537.3107964251885,100000,2.475
ABC,30,10,33,10333,9019.89388399789,100010,7.471
GWO,30,10,33,10333,206630.01064687595,100000,0.791
CMAES,30,10,33,10333,409.07930054418557,21711,3.756
LSHADE,30,10,33,10333,394.50077241437884,100000,3.435
MSBO,30,10,34,10334,2600.329029555267,100000,1.738
GA,30,10,34,10334,15860.137949847485,100000,4.37
PSO,30,10,34,10334,3637.0520618624396,100000,0.714
DE,30,10,34,10334,450.89899941029853,100000,2.557
ABC,30,10,34,10334,16253.535150898282,100005,7.785
GWO,30,10,34,10334,184313.3806359765,100000,0.818
CMAES,30,10,34,10334,511.4035891378903,14661,1.665
LSHADE,30,10,34,10334,394.51415060055206,100000,3.672
MSBO,30,10,35,10335,2154.32458625009,100000,1.716
GA,30,10,35,10335,4556.678393446831,100000,3.747
PSO,30,10,35,10335,2542.167064020474,100000,0.698
DE,30,10,35,10335,485.57487283959244,100000,2.495
ABC,30,10,35,10335,3683.1976878926816,100008,7.407
GWO,30,10,35,10335,394579.63656742225,100000,0.772
CMAES,30,10,35,10335,516.7955027871703,12841,1.338
LSHADE,30,10,35,10335,442.65984392611153,100000,3.287
MSBO,30,10,36,10336,4730.402141484597,100000,1.656
GA,30,10,36,10336,8121.535859641743,100000,3.859
PSO,30,10,36,10336,2218.050329749507,100000,0.738
DE,30,10,36,10336,484.26394465478506,100000,2.531
ABC,30,10,36,10336,4794.035595983751,100007,7.62
GWO,30,10,36,10336,212818.80785402062,100000,0.786
CMAES,30,10,36,10336,1248762.7427094288,10801,1.232
LSHADE,30,10,36,10336,394.50077241437884,100000,3.458
MSBO,30,10,37,10337,1041.2897192203764,100000,1.729
GA,30,10,37,10337,1757969.6910745793,100000,3.805
PSO,30,10,37,10337,974.1632606538128,100000,0.698
DE,30,10,37,10337,25960.674248691885,100000,2.429
ABC,30,10,37,10337,7040.937846800529,100010,7.556
GWO,30,10,37,10337,1218477.1510273942,100000,0.784
CMAES,30,10,37,10337,395.23601422355114,36841,4.174
LSHADE,30,10,37,10337,442.65984392611153,100000,3.462
MSBO,30,10,38,10338,1570.9604787383441,100000,1.775
GA,30,10,38,10338,9695.242089977897,100000,3.719
PSO,30,10,38,10338,2821.9895634954555,100000,0.705
DE,30,10,38,10338,655.589356706243,100000,2.446
ABC,30,10,38,10338,1740.9876565821223,100008,7.349
GWO,30,10,38,10338,184255.59684857106,100000,0.789
CMAES,30,10,38,10338,548.8727009319427,14581,1.558
LSHADE,30,10,38,10338,394.51415060055206,100000,3.484
MSBO,30,10,39,10339,858.6995105099259,100000,1.93
GA,30,10,39,10339,9493.0843454362,100000,3.995
PSO,30,10,39,10339,6628.234872392743,100000,0.69
DE,30,10,39,10339,594.2478722783981,100000,2.477
ABC,30,10,39,10339,1076.1729264605792,100006,7.363
GWO,30,10,39,10339,2010833.3927335746,100000,0.788
CMAES,30,10,39,10339,593.4410582064534,63841,7.101
LSHADE,30,10,39,10339,442.66034243140984,100000,3.307
MSBO,30,10,40,10340,642.6520043467476,100000,1.741
GA,30,10,40,10340,4785.945129264536,100000,3.705
PSO,30,10,40,10340,817579.8100467377,100000,0.69
DE,30,10,40,10340,457.09158855834403,100000,2.448
ABC,30,10,40,10340,11209.971414291858,100004,7.437
GWO,30,10,40,10340,185825.02969738882,100000,0.778
CMAES,30,10,40,10340,544.5996259400272,13141,1.321
LSHADE,30,10,40,10340,394.50077241437884,100000,3.431
MSBO,30,10,41,10341,2072.787784391965,100000,1.683
GA,30,10,41,10341,45257.16244793403,100000,3.851
PSO,30,10,41,10341,2350.0826395416752,100000,0.748
DE,30,10,41,10341,601.3962756318724,100000,2.638
ABC,30,10,41,10341,5273.303120070292,100010,7.746
GWO,30,10,41,10341,157949.79992180612,100000,0.784
CMAES,30,10,41,10341,395.9460393812851,42001,4.999
LSHADE,30,10,41,10341,394.50077241437884,100000,3.408
MSBO,30,10,42,10342,1712.3209746896428,100000,1.774
GA,30,10,42,10342,7918.00033575439,100000,3.771
PSO,30,10,42,10342,37878.05297878337,100000,0.712
DE,30,10,42,10342,396.48541755392534,100000,2.489
ABC,30,10,42,10342,1959.7860281125204,100009,7.765
GWO,30,10,42,10342,190421.61484140847,100000,0.821
CMAES,30,10,42,10342,491.5880079849535,42971,4.909
LSHADE,30,10,42,10342,394.5017030005756,100000,3.386
MSBO,30,10,43,10343,1950.3280147195746,100000,1.974
GA,30,10,43,10343,25098.140618705485,100000,4.92
PSO,30,10,43,10343,2173.732964029534,100000,0.699
DE,30,10,43,10343,4309.593117373657,100000,2.475
ABC,30,10,43,10343,24786.215572740235,100010,7.611
GWO,30,10,43,10343,91858.96362427357,100000,0.838
CMAES,30,10,43,10343,517.2521878189327,12191,1.349
LSHADE,30,10,43,10343,394.50077241437884,100000,3.311
MSBO,30,10,44,10344,1342.1528200737766,100000,1.639
GA,30,10,44,10344,15964.629253575025,100000,3.742
PSO,30,10,44,10344,817595.525469748,100000,0.686
DE,30,10,44,10344,407.6521794907412,100000,2.464
ABC,30,10,44,10344,1925.7621931717977,100005,7.536
GWO,30,10,44,10344,1061322.1935401808,100000,0.784
CMAES,30,10,44,10344,1248762.7427094297,10501,1.198
LSHADE,30,10,44,10344,394.50077241437884,100000,3.378
MSBO,30,10,45,10345,1648.4346875969168,100000,1.752
GA,30,10,45,10345,6802.956168639155,100000,4.041
PSO,30,10,45,10345,817586.8935162517,100000,0.678
DE,30,10,45,10345,4873.184342936931,100000,2.537
ABC,30,10,45,10345,3792.399105386554,100011,7.451
GWO,30,10,45,10345,159656.74557244265,100000,0.785
CMAES,30,10,45,10345,1248762.742709429,14001,1.578
LSHADE,30,10,45,10345,442.65984392611153,100000,3.41
MSBO,30,10,46,10346,2034.1633585253148,100000,1.7
GA,30,10,46,10346,13125.564262300017,100000,3.813
PSO,30,10,46,10346,4952.9425662554995,100000,0.703
DE,30,10,46,10346,454.1007459592429,100000,2.51
ABC,30,10,46,10346,4311.580892360523,100005,7.805
GWO,30,10,46,10346,28193.57185047798,100000,0.787
CMAES,30,10,46,10346,591.2775424484644,8421,0.938
LSHADE,30,10,46,10346,483.87946325926305,100000,3.406
MSBO,30,10,47,10347,2978.5614558220204,100000,1.671
GA,30,10,47,10347,29912.187941550743,100000,3.888
PSO,30,10,47,10347,834.1731209976597,100000,0.746
DE,30,10,47,10347,529.1133531496835,100000,2.512
ABC,30,10,47,10347,3494.385541703221,100009,7.433
GWO,30,10,47,10347,27595.996699565618,100000,0.807
CMAES,30,10,47,10347,591.5335552650968,12501,1.488
LSHADE,30,10,47,10347,442.66034243140984,100000,3.604
MSBO,30,10,48,10348,1145.8617599620748,100000,1.757
GA,30,10,48,10348,7013.204296613636,100000,3.798
PSO,30,10,48,10348,9187.736427952834,100000,0.688
DE,30,10,48,10348,636.2407600986426,100000,2.465
ABC,30,10,48,10348,16028.803804061266,100005,7.381
GWO,30,10,48,10348,209971.09364035758,100000,0.79
CMAES,30,10,48,10348,817578.0834889681,12701,1.429
LSHADE,30,10,48,10348,394.5007724143793,100000,3.562
MSBO,30,10,49,10349,684.3656971261698,100000,1.767
GA,30,10,49,10349,10899.809809217346,100000,3.986
PSO,30,10,49,10349,817585.0148638231,100000,0.703
DE,30,10,49,10349,597.648591339329,100000,2.51
ABC,30,10,49,10349,9115.271613948176,100008,7.644
GWO,30,10,49,10349,2243140.598165838,100000,0.781
CMAES,30,10,49,10349,502.956596472221,22041,2.494
LSHADE,30,10,49,10349,464.1346120014696,100000,3.613
MSBO,30,10,50,10350,734.821369622759,100000,1.797
GA,30,10,50,10350,3736.9235915981153,100000,3.943
PSO,30,10,50,10350,1646.1346331354907,100000,0.71
DE,30,10,50,10350,483.0459085443581,100000,2.564
ABC,30,10,50,10350,68820.89309532913,100007,7.83
GWO,30,10,50,10350,2854162.9806092735,100000,0.786
CMAES,30,10,50,10350,636.2164464062994,38801,4.488
LSHADE,30,10,50,10350,817578.0569262315,100000,3.417
